Message ID,Subject,Message,Spam/Ham,Date
3820,,"discount meds right from home
valium , xanax , weight - reduction and more
next day delivery
us licensed physicians ~ no office visits
private ~ confidential ~ discreet
http : / / www . legend 24565 drugs . biz / a 70
100 % from the usa only
not interested , thanks http : / / www . legend 24565 drugs . biz / unsubscribe . ddd
 sundew dimension clint amend churchyard concordant sprig biblical bronco postwar medicine coin smithereens commissary denumerable acrylate torrent aniseikonic alabaster bimodal fructify protophyta gloat archibald faunaphdpowers
 dragoon giovanni suntanned bakelite sacrificial wharves sociometry stolid butyl termite goa creosote moll splendid alcestis sent onlooking wellesley multipliable britannicadodresponsive
",spam,2004-02-25
3504,neon,- bammel neon groups - fall 2001 . doc,ham,2001-09-24
30823,download great shots of entertainment people,"yo buddy ,
caught in action - obscene footage of denise richards more info here : http : / / celebrityfuckfest . biz / girls . asp ? denise 30 . jpg
and lots more like :
grouesome pictures of halle barry
revealing pictures of elizabeth hurley
steaming paparazzi shots of cindy crawford
to remove : http : / / www . medzstoreonline . com / rms . html
your account is terminated
constance brady
electricalengineer
biospectra , inc . , stroudsburg , pa 18360 , united states of america
phone : 376 - 136 - 8446
mobile : 411 - 127 - 8448
email : yqlnupebfupfq @ wprost . pl
this is an auto - generated message - please do not reply to this message
this freeware is a 49 second complementary download
notes :
the contents of this message is for usage and should not be sapiens celebrate
indiana celesta wishbone
time : fri , 17 dec 2004 00 : 20 : 10 - 0500",spam,2004-12-17
22501,hi again,"don ' t protect part reach . noon sleep tail many silent . observe
an that capital have come . have on carry . job , check dry lay .
tube if saw science cost . read off door press word . whole gave
several number please . wave watch miss push late record .
- -
phone : 746 - 690 - 1459
mobile : 157 - 277 - 5828
email : homedmalayizes @ metropolis - inter . com
",spam,2005-08-31
29593,congratulations ! ? ? ?,"from the desk of the vice president
luckyday e - mail lottery international program
international promotions / prize award dept .
www . luckyday . nl
bacth no : pdowo / 1053 / 9018 / 6754
ref . no : pdowo / 1073 / 9018 / 8176
winning notification / final notice
this is to inform you of the release of the e - mail lottery ballot international / world gaming board held on the 26 th of july 2004 . due to the mix up of number , the results were released on the 29 th of august 2004 .
your email address attached to ticket no : 516179282 with serial no : 8535390782 the lucky no : 01989374546 which consequently won the lottery in the lst category .
you have therefore been approved for a lump sum payout of
uds $ 1 , 800 , 000 : 00 only ( one million eight hundred thousand united states dollars only ) in cash which is deposited with a finance & security company in your favour as beneficiary and covered with high insurance policy
due to mix up of some numbers and names , we ask that you keep your winning information confidential until your claims has been processed and your money remitted to you . this is part of our security protocol to avoid double claiming and unwarranted abuse of this program by some participants .
all participants were selected through a computer ballot system drawn from only
microsoft users from over 20 , 000 company , and 3 , 000 , 000 individual email addresses and names from all over the world .
to begin your lottery claim , please contact the appionted agent below that have been appointed for the processing of your claim with your full name , home address , home and office contact telephone and fax number to begin the processing of your claim
mr . felix ross
all line internation agency
claim department
e - mail : alllinesec 2 @ netscape . net
note that all winning must be claimed not later than 16 th of september 2004 . after this date all unclaimed , funds will be included in the next stake . please note in order to avoid unnecessary delays and complications please remember to quote your reference number and batch numbers in all correspondence .
furthermore , should there be any change of address do inform our agent as soon as possible .
congratulations once more from our members of staff and thank you for being part of our promotional program .
note : anybody under the age of 18 is automatically disqualified .
yours sincerely ,
tina van jesse
lottery coordinator",spam,2004-09-07
15736,top - quality prescripiton medications,"tradition segregate diplomacy
are you looking for medicine ? obtain it now !
a whole range of tablets ! take a look !
you name it ! we have it !
stop receiving promotional material now
employing koch marksmen friable
",spam,2005-01-19
32176,investsource research alerts for maximum capita | gains,"now that oil and gas has entered a | ong - term bull market ,
our speciaity in pinpointing the hottest companies of the few remaining
undervalued energy plays has produced soaring returns .
montana oi | and gas , inc . ( mogi ) to explore further opportunities in alberta canada , a is an energy developer in canada ' s most highly coveted reservoirs with generating potential of miliions per week
symbol - mogi
price - . 48
increased 11 % last three day ,
rating - strongbuy
how much it wiil up again ?
the value of mogi ' s shares wil | skyrocket :
1 . price charts confirm oi | prices are experiencing the strongest bu | |
market in a generation .
2 . natural gas prices have tripied in the last two years .
3 . with muitiple projects in high - gear and the expanding production on
reserves worth multi - miilions , mogi is se | | ing for | ess than 1 / 4 the
value of its assets .
4 . montana oil and gas specializes in using new technology to turn
unproductive oil and gas deposits into profitable enterprises .
already shares in the oi | and gas sector are rising faster than the
overa | | market . in fact , four of dow jones ' ten top performing industry
sectors for the past year are energy related . but it ' s in the mid - sized
explorers and developers like montana oi | ( mogi ) that the biggest gains are being made . in the | ast 12 months , many of these stocks made triple and even quadruple returns .
vancouver , march 11 , 2005 - ( mogi ) president peter sanders wouid | ike to announce that a decision has been made to expiore further opportunities in the aiberta canada region where the company currentiy has interests in three projects . the company has become aware of existing opportunities to partner in , or acquire | eases , which may include producing welis and or exploratory programs which will strengthen montana  s position with energy , cash oriented investment banking groups .
one of the most effective ways to acquire financial partners for dri | | ing programs involves existing production of oil and or gas in these programs . this wil | significantly | essens the risk for the investment group , hence encouraging financial participation as we | | as speeding up the process of commitment by the investment group .
the sylvan | ake project will begin very shortly the company and its partners have secured a drilling rig and are only waiting for a temporary road ban to be lifted . the rig is currentiy sitting in red deer aiberta a mere 3 o miies from syivan lake . the initia | wel | is a 7 , 200 - foot peskisko sand test that is prospective for oi | and gas . it is expected to take approximateiy lo to 12 days to drill and test the initial well . each development we | | has probable production of 15 o barrels of oi | per day and 750 miilion cubic feet gas per day with reserves in excess of 1 bi | | ion cubic feet gas and 30 o , 0 oo barreis of oil . there are four other pay zones that are prospective for gas . the average wel | in the sylvan lake fieid has produced 5 oo barrels of oil per day with over one miliion cubic feet of gas per day . if successful , the company intends to drill up to 4 more wells on these land sections . for more detaiied information on this project please see news release dated feb . 7 th , 2 oo 5 . an announcement wiil be made immediately upon the commencement of drilling .
the company is aiso pieased to report that the tie in of its west lock project did start several days ago and it is anticitaped that this wi | | be complete some time in the next coupie of days . peter sanders notes  the completion and tie in of the west lock project has ran into numerous delays , however , this we | | wi | | be tied in and the company wil | be se | | ing gas by next week thus generating cash fiow for the company  the company wil | update its shareholders when it has heard from its partner in regards to compietion .
will mogi explode higher as more and more investors become aware of the
stock ? if you think so , you may not want to wait until it is too | ate .
remember , timing your trade is critica | .
good luck and successfu | trading .
information within this pubiication contains future looking statements
within the meaning of section 27 a of the securities act of 1933 and
section 21 b of the securities exchange act of 1934 . any statements thatexpress or involve discussions with respect to predictions ,
expectations , beiiefs , plans , projections , objectives , goais , assumptions or futureevents or performance are not statements of historical fact and may be future | ooking statements . future looking statements are based on expectations , estimates and projections at the time the statements are made that involve a number of risks and uncertainties which could cause actual results or events to differ materially from those presentiy anticipated . future | ooking statements in this action may be identified through the use of words such as projects , foresee , expects , will , anticipates , estimates , beiieves , understands or that by statements indicating certain actions may , couid , or might occur . these future - | ooking statements are based on information currently available and are subject to a number of risks , uncertainties and other factors that couid cause mogi  s actua | results , performance , prospects or opportunities to differ materia | | y from those expressed in , or impiied by , these future - looking statements . as with many microcap stocks , today ' s company has additiona | risk
factors that raise doubt about its abiiity to continue as a going
concern . these risks , uncertainties and other factors inciude , without
limitation , the company ' s growth expectations and ongoing funding
requirements , and specificaily , the company ' s growth prospects with
scaiabie customers . other risks inciude the company ' s limited operating history , the company ' s history of operating | osses , consumers ' acceptance , the company ' s use of | icensed technologies , risk of increased competition , the potential need for additional financing , the conditions and terms of any financing that is consummated , the limited trading market for the company ' s securities , the possible volatiiity of the company ' s stock price , the concentration of ownership , and the potentia | fiuctuation in the company ' s operating resuits . the pubiisher of this report does not represent that the information contained in this message states ail materia | facts or does not omit a materia | fact necessary to make the statements therein not misleading . ail information provided within this report pertaining to investing , stocks , securities must be understood as information provided and not investment advice . the pubiisher of this newsietter advises ail readers and subscribers to seek advice from a registered professiona | securities representative before deciding to trade in stocks featured within this report . none of the materia | within this report sha | | be construed as any kind of investment advice or soiicitation . many of these companies are on the verge of bankruptcy . you can lose all your money by investing in this stock . the publisher of this report is not a registered investment expert . subscribers should not view information herein as | ega | , tax , accounting or investment advice . any reference to past performance ( s ) of companies are specially selected to be referenced based on the favorabie performance of these companies . you would need perfect timing to achieve the resuits in the examples given . there can be no assurance of that happening . remember , as aiways , past performance is not indicative of future results and a thorough due diiigence effort , including a review of a company ' s filings at sec gov or edgar - oniine com when available , shouid be completed prior to investing .
ail factual information in this report was gathered from pubiic sources , including but not limited to company websites and company press
reieases . the publisher discloses the receipt of fifteen thousand
doliars from a third party , not an officer , director , or affiliate shareholder ofthe company for the preparation of this oniine report . be aware of aninherent conflict of interest resuiting from such compensation due to the fact that this is a paid pubiication . the publisher of this report believes this information to be reiiable but can make no assurance as to its accuracy or completeness . use of the material within this report constitutes your acceptance of these terms .
if you wish to stop future maiiings , or if you feel you have been
wrongfully placed in our membership , piease go here or send a biank
e mai | with no thanks in the subject to
( - stock 21 @ yahoo . com - )",spam,2005-03-15
2318,tenaska iv 11 / 00,"all of the outside sales for 11 / 00 have been paid . we now need to forward
the cash to tenaska iv . the demand charge for deal 529856 should be
$ 341 , 250 . 47 . i have attached my spreadsheet . the number is based on noms ,
so when we receive the actuals i will send you a revised number .
megan",ham,2001-01-02
20780,why does your wife ppay for v . 1 . c . 0 . d . 1 . n,never agaln,spam,2004-12-23
31044,do you like computers,"pay les for mlcrosoft off ! ce software
we have everything !
microsoft office x . p pro 2 oo 2 . . . . . . . . . . . . . . . . . 6 o do / / ars
w ! ndows x , p pro 2 oo 2 . . . . . . . . . . . . . . 50 do / / ars
more information
we also have :
adobe photosh 0 p 7 . o . . . . . . . . . . . . . . . . . . . . . . . . . . . . . 6 o do / / ars
corel draw graphics suite 11 . . . . . . . . . . . . . . . . . 60 do / / ars
the offer is valid till january 22 th
stock is limited
meet you soon
janine siegel
firefighter
biochimmash , moscow , 127299 , russia
phone : 351 - 844 - 2167
mobile : 311 - 491 - 4617
email : wgbrfalfxwsa @ garlic . com
this message is beng sent to confirm your account . please do not reply directly to this message
this version is a 99 day usage package
notes :
the contents of this info is for information and should not be task mynah
gresham talk octant
time : fri , 31 dec 2004 10 : 30 : 51 - 0500",spam,2004-12-31
16869,today ' s iso call on implementation of june 19 order,"here are a couple of the highlights of today ' s iso call :
1 . the iso expects generators that are incapable of ramping up within 10 minutes to remain online at all times .
2 . because of software limitations , marketers are still capable of setting the mcp . the iso hopes to fix this within a few weeks , at the earliest .
3 . the iso plans to publish the emission costs this week that will be charged to scs for demand within california .
4 . scs scheduling wheel - through transactions or exports out of california will not be subject to emission or start - up fuel costs .
5 . the iso is dispatching generators during both emergency and non - emergency hours .
6 . for purposes of determining when a new stage 1 has occurred , the iso requires a minimum of 70 minutes : 10 minutes before the operating hour plus the operating hour .
7 . under this requirement , the iso could be in stage 1 for up to 128 minutes without triggering a new stage 1 that is capable of resetting the proxy price .
if you have any questions , let me know .
steve",ham,2001-07-16
19137,first timers,"click here to be removed
",spam,2004-06-15
16423,ortemeca por la medicina natural para linux - kernel @ vger . kernel . org,"ortemeca por la medicina natural para linux - kernel @ vger . kernel . org
ante ministerios hemos aportado documentacion sobre
"" especialista superior en medicina natural
y terapias alternativas "" . rango propio equivalente
licenciatura , diplomatura superior . ( para profesionales de mas de diez
años de ejercicio y examen proyecto profesional "" . exigimos dicho examen
como es norma habitual en casi todos los países , para el ejercicio de
cualquier profesión . en el examen no solo serán decisivos conocimientos
académicos , si no filosóficos , culturales , profesionales , ampliamente
relacionados con el mundo de la paramedicina , ejercicio
profesional , proyectos , etc .
miren la web estamos modificando pondremos cerca de 60 . desarrollos de
aparatología científica de la dirección de ortemeca en breves días .
hablemos claro , todos los días nos llama gente y confundir es muy facil :
los que han desplegado bandera de regulaciones inminentes , que tal o
cual gobierno ha delegado tal o cual cosa en ellos , han quedado como
eso , estafadores de miles de incautos , que les han vendido hasta
seguros que ni existen . ( solo es valido el seguro de
responsabilidad civil hecho por compañia de primera
linea , nunca por correduria alguna que puede
desaparecer ) por no decir la nula defensa de sus asociados ante las
persecuciones medicas , ortemeca esta defendiendo algunos
profesionales perseguidos , pertenecientes algunas asociaciones de
estafadores .
no hay ninguna negociacion base ni toma de posiciones
para la regulacion de las terapias alternativas , no
existe ningun interlocutor "" valido "" eso es una burda
falsedad , estafa de juzgado de guardia .
ni ningun titulo ni curso alguno , que nadie se deje engañar y si
lo ha hecho ir al juzgado a denunciar . , es papel mojado .
permanecer en silencio e indiferente es el mayor de los pecados , el mas
absurdo de los errores .
en ortemeca defendemos al profesional .
saludos :
ortemeca
alicia
c / virgen de belén , 32 , 2 ß izq .
cp 03310 jacarilla ( alicante )
si deseas informes envia un e - mail .
orttemecca @ terra . es
ortmeca @ terra . es
móvil : 617 17 60 66
si deseas ser borrado envia un e - mail a ortmeca @ terra . es
-
to unsubscribe from this list : send the line "" unsubscribe linux - kernel "" in
the body of a message to majordomo @ vger . kernel . org
more majordomo info at http : / / vger . kernel . org / majordomo - info . html
please read the faq at http : / / www . tux . org / lkml /",spam,2005-07-03
17782,schedule crawler : hourahead failure,"start date : 1 / 19 / 02 ; hourahead hour : 9 ; hourahead schedule download failed . manual intervention required .
log messages :
parsing file - - > > o : \ portland \ westdesk \ california scheduling \ iso final schedules \ 2002011909 . txt
error : dbcaps 97 data : cannot perform this operation on a closed database
! ! ! unknown database .
alias : dbcaps 97 data
! ! ! unknown database .
alias : dbcaps 97 data
! ! ! unknown database .
alias : dbcaps 97 data
error : dbcaps 97 data : cannot perform this operation on a closed database
! ! ! unknown database .
alias : dbcaps 97 data
! ! ! unknown database .
alias : dbcaps 97 data
! ! ! unknown database .
alias : dbcaps 97 data
error : dbcaps 97 data : cannot perform this operation on a closed database
! ! ! unknown database .
alias : dbcaps 97 data
! ! ! unknown database .
alias : dbcaps 97 data
error : dbcaps 97 data : cannot perform this operation on a closed database
error : dbcaps 97 data : cannot perform this operation on a closed database
error : dbcaps 97 data : cannot perform this operation on a closed database
! ! ! unknown database .
alias : dbcaps 97 data
! ! ! unknown database .
alias : dbcaps 97 data
! ! ! unknown database .
alias : dbcaps 97 data
! ! ! unknown database .
alias : dbcaps 97 data
! ! ! unknown database .
alias : dbcaps 97 data
! ! ! unknown database .
alias : dbcaps 97 data
! ! ! unknown database .
alias : dbcaps 97 data
error : dbcaps 97 data : cannot perform this operation on a closed database",ham,2002-01-19
6237,re : bandwidth writing,"y ' all ,
stinson forwarded a copy to me last week . part 1 . 1 was published in this
past monday ' s edition as is . i would suggest that unless you see some major
error , don ' t suggest changes to samer that would delay the publication of
part 2 , scheduled for this coming monday .
sam
shirley crenshaw @ ect
06 / 07 / 2000 10 : 14 am
to : vince j kaminski / hou / ect @ ect , stinson gibner / hou / ect @ ect , pinnamaneni
krishnarao / hou / ect @ ect , vasant shanbhogue / hou / ect @ ect , mike a
roberts / hou / ect @ ect , joseph hrgovcic / hou / ect @ ect , grant masson / hou / ect @ ect ,
tanya tamarchenko / hou / ect @ ect , zimin lu / hou / ect @ ect , vincent
tang / hou / ect @ ect , alexios kollaros / hou / ees @ ees , martin lin / hou / ect @ ect ,
maureen raymond / hou / ect @ ect , osman sezgen / hou / ees @ ees , paulo
issler / hou / ect @ ect , patricia tlapek / hou / ect @ ect , farouk lalji / hou / ect @ ect ,
amitava dhar / corp / enron @ enron , alex huang / corp / enron @ enron , ronnie
chahal / hou / ees @ ees , kevin kindall / corp / enron @ enron , kevin g
moore / hou / ect @ ect , clayton vernon / corp / enron @ enron , william
smith / corp / enron @ enron , leandro ibasco / corp / enron @ enron , yanna
crystal / corp / enron @ enron , jose marquez / corp / enron @ enron , samer
takriti / corp / enron @ enron , chonawee supatgiat / corp / enron @ enron , shalesh
ganjoo / hou / ect @ ect , tom halliburton / corp / enron @ enron , elena
chilkina / corp / enron @ enron , cantekin dincerler / hou / ect @ ect , brad
aimone / na / enron @ enron , datren williams / na / enron @ enron , eloise
meza / na / enron @ enron , sevil yaman / corp / enron @ enron , sofya
tamarchenko / na / enron @ enron , bob lee / na / enron @ enron , ainsley
gaddis / na / enron @ enron
cc :
subject : bandwidth writing
hello all :
samer takriti has requested that the attached document be forwarded to
you for your feedback . vince would like to put this in the research
newsletter .
if you feel changes need to be made , please feel free to do so .
thanks !
- fiber . pdf",ham,2000-06-07
4918,excellent rx,"- - - - 1046043196122050333
hi varou ,
taking the impotence drug with alcohol and food . have discovered that after a workout , on a fairly empty stomach , response is very quick and intense . taken with meals really causes a lag for me . - bob , age 45
gone forever are the headaches , hassles and high costs of obtaining the pharmacy products you want and need .
we don ' t require any prescriptions . . visit us today .
best regards ,
sadie rodrigez
- - - - - -",spam,2005-04-24
3876,fw : meeting is on monday,"as seen on nbc ,
cbs , and cnn , and even oprah ! the health
discovery that actually
reverses aging while burning fat ,
without dieting or exercise !
this proven discovery has even
been reported on by major
science journals .
forget aging and
dieting forever ! and it ' s guaranteed !
*
reduce body fat and build lean muscle without exercise !
*
enhance sexual performance
*
remove wrinkles and cellulite
*
lower blood pressure and improve cholesterol profile
*
improve sleep , vision and memory
*
restore hair color and growth
*
strengthen the immune system
*
increase energy and cardiac output
*
turn back your body ' s biological clock 10 - 20 years in 6 months ! ! !
shop here for hgh
why
was this email sent to you ? at some point you registered or made a purchase
on a web site with privacy policies explaining that they may share your
information with partners who will send you valuable offers from time
to time .
if
you no longer wish to be notified of the latest scientific breakthroughs
or valuable offers , you may simply choose to take yourself out of the
database permanently by
choosing this link .
",spam,2004-03-27
28091,hear ken lay and don jordan speak,"ets received 60 tickets for the oct . 23 downtown arena referendum panel
discussion including ken lay and don jordan , formerly of reliant energy .
please come by ebl 145 to get your ticket for admission .
hurry , tickets are going fast !
in a unique meeting of the minds ,
the employees of
enron and reliant energy
are invited to an arena open forum !
this event has been arranged
to ensure you have the opportunity to have your questions answered
regarding the upcoming downtown arena referendum .
distinguished panel
monday , october 23
noon - 1 : 00 pm
hyatt regency imperial ballroom
tickets are required for attendance !
please note , lunch will not be provided .
get the facts , jack",ham,2000-10-19
12772,24 hour emergency contacts for travel agency in the park,"in light of today ' s events , the travel agency in the park will remain open 24 hours with a dedicated emergency staff . if you need travel assistance , please call 713 650 - 8080 or 800 962 - 0248 .",ham,2001-09-11
31135,plenty to go around,"too much to deal with lately ? ,
i thought i would pass on this great information that i found that will benefit most people . there is a new medication network that offers all normal common prescription drugs and you can order them right from the website . it ' s very easy . just figure out what you are currently taking and you can go to this site , click what you need and order it . they come straight to your door in a matter of days fully refundable if you are not satisfied . no need to even pick up the phone or even visit a doctor . just sit back , relax for the holiday season and enjoy it with your family . they offer pain relief to blood pressure to depression and more . if you are interested in something like this i encourage you to take a look . it ' s worth it . you ' ll be suprised at how much lower the prices are then your local stores .
http : / / coolhealth . info / in . php ? aid = 19
hope everything works out for the best ,
nadia smith | health advisment",spam,2005-01-07
2095,txu fuels / sds nomination for december 2000,"attached is the december 2000 nomination for our takes under the gas sales and
purchase contract between txu fuel ( previously tufco ) and sds . please advise
should you have any questions concerning the attached .
thanks ,
ccs
( see attached file : sdsnom . xls )
- sdsnom . xls",ham,2000-11-22
30405,= ? utf - 8 ? q ? all specific at 0 . 81 ? =,"= ? utf - 8 ? q ? $ per portion ? =
have you ever reflect how much a common individual
pays for his medication ? pain pills , drugs to better the
class of life , weight bring down tablets , and many more .
i bring you the equivalent medicine , the plant version - - the same
choice , the equivalent recipe at a very wise monetary value .
verify it
",spam,2004-11-13
25308,urgent safeharbor department warning,"urgent
safeharbor department warning
we recently have determined that different computers have logged into your
ebay account , and multiple password failures were present before the login one
of our customer service employees has already tryed to telephonically reach you .
as our employee did not manage to reach you , this email has been sent to your
notice . therefore your account has been temporary suspended . we need you to
confirm your identity in order to regain full privileges of your account . if
this is not completed by june 27 , 2005 , we reserve the right to terminate all
privileges of your account indefinitly , as it may have been used for fraudulent
purposes . we thank you for your cooperation in this manner . to confirm your
identity please follow the link below .
( to complete the verification process you must fill in all the
required fields )
please note : if your account informations are not
updated within the next 72 hours , then we will assume this account is fraudulent
and will be suspended . we apologize for this inconvenience , but the purpose of
this verification is to ensure that your ebay account has not been fraudulently
used and to combat fraud .
we apreciate your support and understading , as we work together to keep ebay
a safe place to trade .
thank you for your patience and attention in this important matter .
regards ,
safeharbor departmentebay inc .
do not respond to this e - mail , as your reply will not be
received .
copyright 2004 ebay inc . all rights reserved . designated trademarks
and brands are the property of their respective owners . ebay and the ebay
logo are trademarks of ebay inc . is located at hamilton avenue , san jose , ca
95125",spam,2005-06-22
33507,greatly improve your stamina,"the longz system , both the capsules and the free instructional manual , give
you the most effective ways to reach immediate size gains and improve the
strength and power of your erections .
forget about your partner faking her orgasm or not being able to please
her . you will be able to penetrate deeper so your partner will experience
more pleasure as well as multiple orgasms during sexual intercourse .
86 % of women surveyed said that they would like their partner to be more
' full ' sexually .
check out the only male enhancement formula with a free dvd
i was skeptical , but when i purchased my first bottle of your black label
formula and tried them , within days i was seeing results . the bonus dvd i
got was really helpful , and now i am a new man ! thank you
longz ! - christopher , uk
address on site along with no more feature
then , after a hurried but puzzled examination of the little instrument , he
slipped it into the pocket of his jacket
rob stirred uneasily in his sleep , and one of the turks drew a slight but
stout rope from his breast and with gentle but deft movement passed it
around the boy ' s wrists and drew them together behind him
the action was not swift enough to arouse the power of repulsion in the
garment of protection , but it awakened rob effectually , so that he sat up
and stared hard at his captors
",spam,2005-07-13
3441,texas general,"darren ,
we are not able to find out july deal for tglo in the system .
can you look to see if you have a deal number for this month ?
thank you
joy",ham,2001-08-21
16685,fsp status report,"good afternoon ,
i wanted to give everyone a status report on fsp before i head - out on vacation . in a nutshell , it ' s not quite there . we are now meeting performance targets but we had a few too many bugs to allow users to complete the parallel in - time . i will begin paying my dollar a day debt starting on saturday but i feel fairly confident that we should wrap things up next week . susan amador will be working in portland next week , in my absence , to ensure real - time can finish up their part .
thanks , david poston
here are the details for the remaining 6 days of the parallel :
da preferreds & finals are complete for 5 / 29 - 5 / 31
da preferreds are 99 % complete for 6 / 1 - 6 / 3 . ( * waiting on st - cali to input the last few schedules )
performance figures
template writing = 1 : 30 - 2 : 30 ( target < 3 minutes )
finals processing = 7 minutes ( target < 10 minutes )
bugs
1 remaining critical bug on exercises for supplement schedules , should be finished tomorrow
preliminary schedule ( contingent on no new critical bugs found by real - time )
1 . wrap - up ha parallel first part of next week
2 . migrate code to production end of next week
3 . begin production parallel . as suggested by phil platter , we will continue using the existing toolset but we will write da preferred templates out of fsp at the same time . then we can execute some compare utilities we have developed to ensure the iso templates between caps & fsp match perfectly .
4 . we will run in this mode until the users feel good about fsp .",ham,2001-06-14
5466,research family outing and volleyball game,"hello everyone :
start practicing ! we are going to have an outing and volleyball game for
the research employees and their families ! .
details are as follows :",ham,2000-02-08
30233,unbeleivable deals for medication on our site,"simple & quick
uproat duck to is
generic avid ago rat
super avid ago ra
co idealism soft
hang over
max as max
fat blasted
virgin lit my patch
spec roma max
prop zac
hump an grog with
why not try us now ?
* professional review hanukkah influenced
* fully confidential medal ' s bunkmates
* no embarrasment haven ' s debilitated
* no appointments braided paperback
* secure ordering dirichlet certified
* professional consultation clusterings dress
* discreet and overnight shipping
* no waiting rooms invariable countrywide
copyright © 2003 - 2004 eva ph
",spam,2004-11-01
4822,pimpwear,"royal replicas | rr |
have you ever wanted to own a rolex ?
genuine swiss rolex replicas wholesale prices direct to the public
* world wide shipping
* the lowest prices guranteed !
if you are after a genuine rolex replica then look no more !
every little detail has been covered , rolex sticker and serial numbers .
visit online store :
http : / / lorl . glfts . org / rep / 7470 / znqk
http : / / hpze . svviss . com / h . php
",spam,2005-03-12
30200,top quality prescription here,"hardin curiosity culvert automorphic crisscross
need pres cription medication without a prior prescri ption ?
absolutely no doctor ' s appointments needed !
lowest prices on brand name and generic drvgs !
stop getting promotional material here
latvia illuminate speck driscoll geology
",spam,2004-10-29
18407,be young modesto,""" hormone replacement
therapy ( hgh ) is the best and most effective anti - aging medical therapy of the
moment . ""
- dr . thierry hertoghe ,
president of the european academy for quality life and longevity medicine
after
the age of twenty - one , your body slowly stops releasing an important hormone
known as hgh ( human growth hormone ) . the
reduction of hgh , which regulates levels of other hormones in the body ( including
testosterone , estrogen , progesterone , and melatonin ) is directly responsible
for many of the most common signs of growing old , such as wrinkles , gray hair ,
decreased energy , and diminished sexual function .
doctors agree . . .
hgh will change the way you look and feel !
entr here . . .
doctor ! fastened , featherbed moderated numeral .
bloch ! exempted , personage moonlike electors .
nomore
mail ?
fitly ! manifold , woodchuck seers secret .
televised ! damages , statute vulgarly battleship .
",spam,2004-02-24
26643,"all graphics software available , cheap oem versions .","good morning ,
we we offer latest oem packages of all graphics and publishinq software from corel , macromedia , adobe and others .
$ 80 adobe photoshop 8 . 0 / cs
$ 140 macromedia studio mx 2004
$ 120 adobe acrobat 7 . 0 professional
$ 150 adobe premiere pro 1 . 5
$ 90 corel desiqner 10
$ 90 quickbooks 2004 professionai edition
$ 75 adobe paqemaker 7 . 0
$ 70 xara x vl . 1
$ 75 adobe audition 1 . 5
$ 90 discreet 3 d studio max 7
$ 115 adobe golive cs
$ 135 adobe after effects 6 . 5 standard
$ 45 adobe premiere elements
$ 125 corei painter lx
$ 80 adobe lllustrator cs
$ 80 adobe indesiqn cs
$ 240 adobe creative suite
$ 140 adobe framemaker 7 . 1
$ 50 ulead cooi 3 d production studio 1 . 0 . 1
$ 90 aiias motion buiider 6 professionai
$ 30 quicken 2004 premier home & biz
$ 30 adobe photoshop elements 3 . 0
$ 110 adobe premiere pro 7 . 0
learn more . . .
sincerely ,
marielle
",spam,2005-07-06
33320,it works amaziing,"hello , welcome to the medzonlin claiming e
- online pharmace complain utical shop .
parleyvoo va
ecological um combing vi
r geezer a petulance ci
afterglow is
l newmarket i
topsail ag
a interzonal l
andmanyother .
with our sh irremovable op you get -
be heartiness st prlces
excellen billow t service
coupon fast shipping
pri illiteracy vate online ordering
have a nice day .",spam,2005-06-28
24024,re : update on confirmlogic,"kathryn has done a good job of keeping me in the loop on this . in addition ,
kim has consistently provided useful , objective feedback , as shown in the
memo attached below .
we will produce a stable code with the changes kim and her team have
requested before the package is released outside the building .
i have also asked kathryn to perform more testing within the cl team before
asking kim and her team ( or any other clients ) to play with the changes .
performing significant changes overnight , and then showing the code to
clients the next morning is wonderfully responsive , but a little too risky .
the high - level demo scheduled for thursday will show code that is already
frozen and hardened .
all the best ,
tom
- - - - - original message - - - - -
from : beck , sally
sent : wednesday , april 18 , 2001 9 : 00 am
to : gros , thomas d .
subject : update on confirmlogic
i assume that kathryn has communicated this to you . i have only read kim ' s
e - mail - i will talk with her later today . - - sally
- - - - - - - - - - - - - - - - - - - - - - forwarded by sally beck / hou / ect on 04 / 18 / 2001 08 : 58 am
- - - - - - - - - - - - - - - - - - - - - - - - - - -
kim s theriot 04 / 17 / 2001 10 : 58 pm
to : leslie reeves / hou / ect @ ect
cc : sally beck / hou / ect @ ect
subject : update on confirmlogic
i wanted to give you a quick update on confirmlogic . . . .
testing was done last week on the confirmlogic module . on thursday , we
discussed with kathryn cordes and the confirmlogic it team the items that we
had found that were "" show stoppers "" as far as releasing the product for beta
testing . some of the major items found were the inability to properly handle
basis swaps for gas and inability to display meaningful index references for
power ( they were pulling in a code rather than a description of the index ) .
the team worked on the "" fixes "" and migrated the code last night . today
during testing , they found that the new code had actually caused problems
with the fixed price and volume information , which was working previously . i
talked to kathryn and she said that the were rebuilding the code . she said
that someone had tested the fix last night and everything worked fine . we
plan more testing in the morning .
they are doing a high - level demo this thursday for beta customers just to
introduce the module . they were planning on having more extensive beta demos
for each client starting next week but realize that those may have to
postponed further .
we have told them that we would not sign off for beta testing until we were
comfortable that the items that we identified were working . we need
consistent , stable days of testing before i will feel comfortable .
overall , we like the "" new "" streamlined version of the screens and feel that
it will be a good product if they can work out the data display issues .
call with any questions .
kim theriot",ham,2001-04-18
29010,"correction : tw pnr for december lst - 26 th , 2001","it has come to my attention that the richardson pnr rate was less than previously reported . . . . it also gave me an opportunity to corrected a mathematical error in my original e - mail .
i apologize for any inconvenience .
mbod
- - - - - original message - - - - -
from : bodnar , michael
sent : wednesday , december 26 , 2001 9 : 44 am
to : moore , jan ; hanagriff , richard ; lohman , tk ; lokay , michelle
cc : blair , lynn ; watson , kimberly ; kowalke , terry ; schoolcraft , darrell
subject : tw pnr for december lst - 26 th , 2001
pnr thru december 26 th :
buyer po # poi dekatherm rate / dth daily / total invoice amount
pnm 27267 500617 15 , 000 $ 0 . 0900 total $ 1 , 350 . 00
pnm 27267 500617 10 , 000 $ 0 . 1000 daily $ 3 , 000 . 00
virginia power 27719 500623 14 , 514 $ 0 . 0500 daily $ 5 , 866 . 97
richardson 27249 500622 15 , 000 $ 0 . 0200 daily $ 900 . 00
cinergy 27467 500621 17 , 600 $ 0 . 1000 daily $ 6 , 540 . 00
totals 72 , 114 $ 17 , 656 . 97",ham,2001-12-26
566,nominations for gas days 29 & 30 on behalf of bruce mcmills,"gas day 29
nomination into eastrans of 45 , 000 mmbtu
redeliveries :
13 , 482 pg & e
7 , 000 fuels cotton valley
21 , 518 mobil beaumont
3 , 000 hpl cw at carthage
gas day 30
nomination into eastrans of 75 , 000 mmbtu
redeliveries
43 , 482 pg & e
7 , 000 fuels cotton valley
21 , 518 mobil beaumont
3 , 000 hpl cw at cartage",ham,2000-03-29
4120,david,"triplett , *
75 % off for all new softwares .
windowxp professional _ $ 50
window office professional 2003 _ $ 60
photoshop 7 . 0 _ $ 60
and more and more good products . .
why buy in retailprices
district , at almost every .
",spam,2004-07-17
3899,get your viagr $ a today !,,spam,2004-04-11
5040,look through the message - manager,"do you wish to become multi - orgasmic ? it ' s the best thing you had ever seen ! show your girl a huge cumshot as i used to do !
take it before go to bed and you will be able to show the paradise for you sweetie ! have you some doubt ?
delete me : http : / / before . ru . revetments . net / rm . php ? gall 2
",spam,2005-06-27
28637,nesa / hea board of director nominations,">
june 8 , 2001
to : all members
nesa / hea
from : gregory a . dodd , co - chair
nesa / hea nominating committee
re : 2001 - 2004 slate of directors
nesa / hea board of directors
ladies & gentlemen :
the nesa / hea nominating committee met to consider possible nominees for the
2001 - 2004 term on the nesa / hea board of directors . the committee has
selected what it considers to be the four most qualified individuals to fill
those terms . they are listed below for your consideration .
* pat bracewell , manager , cross regional accounts , tennessee gas
pipeline co .
* julie gomez , vice president , enron north america
* betsy mcmahon , manager , oil & gas supply - aep west , aep energy
services , inc .
* rob pirt , director , northern development , transcanada pipelines
the ballot will be sent to all voting members for action on or before august
8 , 2001 . to receive a ballot and be eligible to vote , you must be a voting
member of nesa / hea with dues paid - in - full prior to ballot mailing . if you
have a question about your membership status , please contact eva m . pollard ,
director of member services , at 713 . 856 . 6525 .
again , this letter is for informational purposes only . no action is
required at this time .
gad / g / nom / jun",ham,2001-06-06
22408,toshiba tdp - s 20 u dlp projector @ $ 625 . 00,"tdp - s 20 u dlp projector
tdp - s 20 u * than new !
over 20 pcs :
$
625
. 00
11 to
20 pcs :
$
646
. 00
6 to 10
pcs :
$
673
. 00
1 to 5
pcs :
$
699
. 00
specification :
resolution :
svga ( 800 x
600 )
brightness :
1400 ansi lumens
contrast ratio :
2000 : 1
dimensions :
11 . 2 "" x 10 "" x 3 . 8 "" ( w x h x d )
projection distance
:
3 . 8 feet - 33
feet
unit weight :
6 . 6 lbs
visit : http : / www . computron - me . com for deals !
your one stop / office # td
01 , jebel ali duty free zonedubai , uae . www . computron - me . com
for latest clearance sale listing contact our
sales department .
for further details please send
your enquiries to : dealers @ emirates . net . aeor contact via www . computron - me . com
compaq
hewlett packard
3 com
dell
intel
iomega
epson
aopen
creative
toshiba
apc
cisco
us
robotics
microsoft
canon
intellinet
targus
viewsonic
ibm
sony
- - - - - - - and lots more
! ! !
if you have any
complaints / suggestions contact : customerservice @ computron - me . com
tel + 971 4
8834464
all prices in u . s . dollars , ex - works ,
fax + 971 4
8834454
jebel ali duty free zone
www . computron - me . com
prices and availability subject to change
usa -
canada u . a . e .
without
notice .
to receive our special offers
in plain
text format reply to this
mail with the request * for
export only *
this
email can not be considered spam as long as we include : contact
information remove instructions . this message is intended for dealer
and resellers only . if you have somehow gotten on this list in error , or
for any other reason would like to be removed , please reply with "" remove
"" in the subject line of your message . this message is being sent to you
in compliance with the federal legislation for commercial e - mail
( h . r . 4176 - section 101 paragraph ( e ) ( 1 ) ( a ) and bill s . 1618 title iii
passed by the 105 th u . s . congress .
all logos and
trademarks are the property of their respective
owners
products may not be exactly as shown
above
- -
to unsubscribe from : computron 8 , just follow this link :
click the link , or copy and paste the address into your browser .",spam,2005-08-14
4880,get your hand clock repliacs todday carson,"the new craze is finnally here - one of the bast
sites that can give you the things you ' ve allways
wanted to get - watchees , repliccas to be correct ,
of the bast brand s in the world ! impress you ' re lady
with tag heur , roleex , and more . you naame it - we
got it for you !
mmmmm show me more : - )
http : / / abeyant . mor . net / r / erika / coast . htm
t everybody wants to rule the world tears for fears head over heels tears for fears shout tears for fears drops of jupiter train .
joos expressed admiration for cyriel verschaeve a belgian poet who was convicted as a nazi collaborator for recruiting young men for the eastern front during the second world war .
this was a bold decision by the estonian government quot enthuses jaap ora the political consul at the estonian embassy in london telegraph co uk uk - .
okay im in the boarding house now ? finally i get the internet okayokay i feel better now that ive blogged wow ?
general release and severance agreement - ads alliance data systems inc alliance data systems corp and edward k mims .
message sup fellas dude montreat was kickin you guys are awesome keep up the good work maybe next year andrew can sing in the guys section not the altos well best of luck love yall write back peace .
my eyes hurt did absolutely nothing today except unpack and bum its right that time goes slower when you arent busy i hope i ll be super busy for the next sixty six days .
here s your damn comment amelier forgetful me not updating this thing for weeks and then forgetting poor acky s comment hasn t she suffered enough ?
guy decoux what ptk dial widget where from the contact description a perl tk composite dial widget updated contact .
- a pro - christian liberty pro - confederate site covering material written by writers that seek to advance the christian confederate cause in a true honourable educational manner .
message i just want to say that that was a friend of mine from montreat and not the jennifer that goes to our church just so you all know .
reuters the electronic information and media company is preparing to supply news and information to retail consumers on mobile phones ipods and other new technology platforms .
this talk will describe subversion demonstrate its operation detail how to set up a server and compare and contrast it against cvs .
alberto biancardi what pack widget with no shrink option where from the contact description code to add a noshrink option to pack so that each button can be the same size updated contact .
dare yolanda amp family nbsp nbsp nbsp nbsp nbsp nbsp nbsp nbsp nbsp nbsp nbsp nbsp nbsp nbsp nbsp nbsp nbsp nbsp nbsp nbsp nbsp nbsp nbsp nbsp nbsp nbsp nbsp nbsp tacoma .
it s great to just hear you talk while preparing for crap quot you can t drink anything without season salt quot .
lala yay i finally started on my homework after dunno how many years haha hm yesterday was my brother s birthday and on thursday it s my mother s ! haha that means i get to eat another cake ! haha .
",spam,2005-04-11
9771,"300 million business charset = windows - 1252 "" >","sick and tired of
email directories that don ' t deliver what they promise ?
these days it ' s almost getting to the point were you
need to buy every single e - mail directory on the market and weed through
them to get some decent e - mail addresses to bulk out to .
well the buck stops here ! we ' ve bought almost every
good directory on the market , cleaned it up and compiled all 300 million
records on 3 cds for you !
plenty of targeted lists are also available in areas
like :
state and area code
gambling
dining
gardening
health
golf
home business
investment
opt - in
web design
travel
. . . and many more !
check out this amazing new collection today ! get our website
address now by sending a blank email to cloudhaven @ btamail . net . cn
once you send an email you will receive our website
url in your inbox within seconds !
",spam,2002-07-27
26664,are you ready to get it ?,"hello !
viagra is the # 1 med to struggle with mens ' erectile dysfunction .
like one jokes sais , it is strong enough for a man , but made for a woman ; - )
orderinq viaqra online is a very convinient , fast and secure way !
miilions of people do it daiiy to save their privacy and money
order here . . .
",spam,2005-07-06
16570,pinnacle losses - dms # 7508,"can you confirm this for virginia ?
- - - - - - - - - - - - - - - - - - - - - - forwarded by jesse bryson / hou / ect on 04 / 11 / 2001 03 : 36 pm - - - - - - - - - - - - - - - - - - - - - - - - - - -
virginia thompson
04 / 05 / 2001 01 : 19 pm
to : jesse bryson / hou / ect @ ect
cc :
subject : pinnacle losses - dms # 7508
jesse ,
can you confirm this for me ? if so , i ' ll put the annuity on your books
thanks ,
virginia
- - - - - - - - - - - - - - - - - - - - - - forwarded by virginia thompson / pdx / ect on 04 / 05 / 2001 03 : 26 pm - - - - - - - - - - - - - - - - - - - - - - - - - - -
from : amy clemons @ enron 04 / 05 / 2001 07 : 53 am
to : virginia thompson / pdx / ect @ ect
cc :
subject : pinnacle losses - dms # 7508
- - - - - - - - - - - - - - - - - - - - - - forwarded by amy clemons / corp / enron on 04 / 05 / 2001 09 : 53 am - - - - - - - - - - - - - - - - - - - - - - - - - - -
"" sattler , lorraine l ( z 82390 ) "" on 04 / 05 / 2001 09 : 47 : 49 am
to : "" ' amy . clemons @ enron . com ' ""
cc :
subject : re : losses
per the hourly traders notes :
for losses incurred on march 16 lmw at 1100 for $ 225 lmw at 2300 for $ 200
deal done at 0940 with bill at enron
fred mavroudis was the pwmt trader
fred advised michelle in the aps transmission group
lorraine
- - - - - original message - - - - -
from : amy . clemons @ enron . com [ mailto : amy . clemons @ enron . com ]
sent : wednesday , april 04 , 2001 4 : 19 pm
to : lorraine . sattler @ pinnaclewest . com
subject : losses
could you give me more of a detail on what the losses were for with
pinnacle on the 19 th ?
thanks
amy",ham,2001-04-12
21268,sample,"self , stood , question white it white . square , i see our . party ,
in mix . north operate hard energy . farm whether leg . five live
might hot feet sing . men smile with ago . it , spell back look ,
half wrote . take , enough stand . did burn cause , page , few .
- -
phone : 456 - 555 - 2463
mobile : 447 - 569 - 3674
email : jepsonhamilton @ comcast . net
",spam,2005-02-15
9535,"urgent business proposal ,","mrs . regina rossman .
# 263 sandton city
johannesburg , south africa .
e - mail : joel _ rosel @ mail . com
attn : alhaji
with due respect , trust and humility , i write you this
proposal , which i believe , would be of great interest
to you . i am mrs . regina rossman , the wife of late mr .
joseph rossman of blessed memory , before forces loyal
to
major johnny paul koromah killed my husband ; he was
the director general of gold and mining corporation
( g . d . m . c . ) of sierra leone . my husband was one of the
people targeted by the rebel forces . on the course of
the revolution in the country , prominent people were
hijacked from their homes to an unknown destination .
two days before his death , he managed to sneak a
written message to us , explaining his condition and
concerning one trunk box of valuables containing
money , which he concealed under the roof . he
instructed me to take our son and move out of sierra
leone , immediately to any neighboring country . the
powerful peace keeping force of the  ( ecomog ) 
intervened to arrest the situation of mass killings by
the rebels , which was the order of the day .
eventually , it resulted into full war , i became a
widow overnight , helpless situation , without a partner
at the moment of calamity , and every person was
running for his life . my son and i managed to escape
to south africa safely with the box and some documents
of property title .
the cash involved inside the box was us $ 30 million
( thirty million united states dollars ) . due to fear
and limited rights as a refugee , i deposited the items
with a private security company in order not to raise
an eyebrow over the box here in south africa in my
son  s name joel r . rossman . be informed that the real
content of the box was not disclosed . meanwhile , i
want to travel out of south africa entirely with this
money for investment in your country because of
political and economic stability and for future
benefit of my child .
i want you to assist us claim this box from the
security company and get the money into your private
account in your country so that we can invest the
money wisely . we have in mind to establish a rewarding
investment and good relationship with you .
concerning the money , we are prepared to give you
reasonable percentage of 30 % for your kind assistance .
also , we have decided to set aside 5 % of the total sum
for expenses that might be incurred by the parties in
the course of the transfer both locally and
externally . for the interest of this business , do not
hesitate to contact my son mr . joel r . rossman on the
above e - mail address immediately you
receive this message for more information and to
enable
us proceed towards concluding all our arrangements . no
other person knows about this money apart from my son
and i . we await your most urgent response . please we
need your fax / phone numbers for esiear communication .
thanking you for your co - operation and god bless you .
best regard ,
mrs . regina rossman .
http : / / xent . com / mailman / listinfo / fork",spam,2001-06-28
14999,fw : friday,"louise ,
do you think we should arrange events for the remote offices as well ?
thank you ,
julie
- - - - - original message - - - - -
from : clyatt , julie
sent : monday , february 04 , 2002 7 : 49 pm
to : kitchen , louise ; oxley , david ; whalley , greg
cc : buckley , karen ; taylor , liz ; ' tammy schoppe ( e - mail ) ' ; ' audrey . martin @ ubsw . com '
subject : re : friday
louise ,
we have been trying to get something arranged for this friday . ubs has special events personnel that arrange these types of events including what we saw at the houstonian a few weeks ago . it is my understanding that we are awaiting approval from mike hutchins before making any arrangements . informally , i have spoken with jillian ' s and sambuca regarding availability for a friday afternoon event . however , absent using yours or greg ' s credit card , we will need approval through ubs prior to booking any formal event .
kind regards ,
julie
- - - - - original message - - - - -
from : kitchen , louise
sent : monday , february 04 , 2002 7 : 24 pm
to : oxley , david ; whalley , greg
cc : buckley , karen ; clyatt , julie ; taylor , liz ; ' tammy schoppe ( e - mail ) '
subject : re : friday
we need a big party organizing for everyone - please sort .
thanks
- - - - - original message - - - - -
from : oxley , david
sent : monday , february 04 , 2002 8 : 22 am
to : kitchen , louise ; whalley , greg
cc : buckley , karen ; clyatt , julie ; taylor , liz ; tammy schoppe ( e - mail )
subject : friday
so i have a couple of people in my team trying to organise something for friday . would either or both of you be game to do a floor talk , presuming we have closed ?
david
- - - - - original message - - - - -
from : clyatt , julie
sent : friday , february 01 , 2002 6 : 18 pm
to : oxley , david
subject :
for the shin - dig we ' ll have on friday ( if hutch approves ) , do you thing we could get john , louise , and greg to say a word ?",ham,2002-02-04
11153,cinergy 203 update,"just received a call from sam behrends at leboeuf . he just spoke to the ferc about cinergy 203 . they are working on 203 as we speak . appear to have everything that they need . he reminded them that we want to close this quarter . sam ' s best guess is early next week for order to be issued . he said , once they finish writing order , it goes upstairs for a couple of days and then usually takes two days to get published . still leaves plenty of room for lq close ( on or around the 27 th ) .
i will let you know if i hear anything else .
thanks ,
don",ham,2001-03-13
16097,"the extender - real product , real result","the extender - real product , real result
the only clinically tested penis
enlargement product !
http : / / wheatears . net / extender / ? 1663800
- permanent results
- best solution to correct penis curvatures .
- experience longer lasting and more enjoying sex .
- easy to wear with no additional exercises required .
- a non surgical method to increase penis size up to 3 - 4 inches ! ! !
http : / / wheatears . net / extender / ? 1663800
dysplasia vee amadeus abort linotype thatch soothe bull sentiment abysmal coupon cagey substituent champlain hypophyseal disgruntle cantle aqua abrogate negate angry minimax borrow christopher chile campion declare chorine connie adirondack colombo embarrass cavernous caucus ubiquity crumple impoverish crevice weeks convex downhill cement fugue burnt shalom handle disseminate mukden octavia punch womb abdominal alphonse bangle armload branch algebra howsomever mumford resolution lazy christen belie balm valhalla cordial persuasive constituent alexandria surcease nasal insistent fluorescein koran",spam,2005-04-08
28700,bullets,"sold 35 , 000 mmbtu this week to richardson products at an average price of $ 3 . 10 compared to tw index price through july 18 th of $ 2 . 77 .
reliant ' s negotiated rate deal from san juan to east of thoreau totals $ 32 , 000 through july 17 th .
it backhauls deals from pg & e topock to the west of thoreau area totals $ 190 , 000 through july 17 th .",ham,2001-07-18
7487,re : check,"julie ,
yes , this is how we split this expense internally .
please , send it to me .
vince
"" julie "" on 10 / 31 / 2000 01 : 57 : 55 am
to :
cc :
subject : re : check
vince ,
?
oh . ? i sent an invoice to habiba for aus 5 k a while back , and she informed
me that she passed it along to the people who are handling the agreement now
( i take that as fiona grant in london ? ) . ? i will then send out another
invoice of aus 5 k in the next week or so for the remaining balance . ? should
i have sent the invoice to you ?
?
thanks ,
julie
- - - - - original message - - - - -
from : vince . j . kaminski @ enron . com
to : julie @ lacima . co . uk
cc : vince . j . kaminski @ enron . com
sent : monday , october 30 , 2000 9 : 12 pm
subject : re : check
julie ,
a clarification . we had an agreement with chris and les to contribute ? aus
10 , 000
as a part of the cost .
vince
"" julie "" on 10 / 30 / 2000 12 : 32 : 14 pm
to : ? ?
cc :
subject : ? re : check
vince ,
thank you for your email .
we will send you a copy of the book as soon as it is available , which we
are now estimating to be around 21 november ( no need to send us a cheque ;
you deserve it ) .
just let us know if we should use a different address than your office ? in
houston .
thanks again for all of your help .
julie
- - - - - original message - - - - -
from : ? vince . j . kaminski @ enron . com
to : julie @ lacima . co . uk
cc : vince . j . kaminski @ enron . com
sent : monday , october 30 , 2000 2 : 16 ? pm
subject : check
julie ,
this message was returned to me a few times when ? i sent it from my home
address .
vince
- - - - - - - - - - - - - - - - - - - - - - ? forwarded by vince j kaminski / hou / ect on 10 / 30 / 2000
08 : 00 am ? - - - - - - - - - - - - - - - - - - - - - - - - - - -
vkaminski @ aol . com on 10 / 28 / 2000 12 : 12 : 57 ? pm
to : julie @ lacima . co . uk
cc : vkaminski @ aol . com , vkamins @ enron . com
subject : ? check
julie ,
as the book is about to be released to the ? market , i would like to start
the
process to issue the check to lacima . ? who will be the payee ( lacima ) and
what
is the ? address ?
vince",ham,2000-11-01
23728,risk offsite team notes / example letter,"sally
here are the notes from each of the four breakout teams and a draft letter
for you to expand to send to the organization in follow - up to the offsite .
please have patti proof the notes before sending . i hope your visit to
london went well . i will be around most of this coming week . i received
your call mary and i will talk at length today .
regards to all
tom
- operational risk offsite jan 2001 . doc",ham,2001-01-19
4877,picks from analyst with high - level precision,"yap international , inc . ( ypil )
voip technology requires no computer or high speed internet connection
for its dial - up product .
current price : $ . 145
watch this stock monday some of these little voip stocks have been
rea | | y moving lately .
and when some of them move , they reaily go . . . gains of 100 % , 2 oo % or
more are
not unheard of .
break news ! !
the past months have seen yap internationa | executing on its pian to
become a | eading suppiier of voip technology including the foliowing
milestones :
on november 17 , 2 oo 4 , yap internationa | revealed a unique and patent
pending technoiogy marketed as the nomad , or the yap international
personal gateway . the yap internationa | personal gateway ( the nomad )
is a patent - pending solution to a real probiem that is inherent in
a | | current and competing voip gateways . the probiem is the end user
is | imited to the physica | location of the gateway in order to make
a voip call . the nomads unique and patent pending technology ailows
the customer to make voip - enabied calis from any telephone , not just
one physicaliy connected to the gateway . for the first time a customer
may cal | their persona | gateway from any ceilular or landline push
button phone in the worid , ( or even through their | aptop or pda ) ,
connecting to the internet for voip cail savings and other oniine
information services , bypassing either partiaily or entirely the
high cost of internationa | long distance charges from incumbent
telecommunication providers .
on december 17 , 2 oo 4 , yap internationa | announced its first major
contract invoiving the use of its technoiogy products . yap
internationa |
announced the signing of an exclusive contract with representaciones
gorbea , s . a . as the companys distributor for voip products and
services
in central and south america . representaciones gorbea , s . a . ( rgsa ) has
a major presence in the region . rgsa entered into an exciusive
contractual
agreement with the second | argest carrier in the region for 2 oo , 00 o
voip
units to be depioyed throughout guatemaia in 20 o 5 . the contract
represents
in excess of $ 52 miilion usd and yap international expects that its
products wiil comprise the | argest share of the order . rgsa is aiso the
exclusive representative for level 3 ( lvlt - nasdaq ) in central america .
on january 19 , 2 oo 5 , in an effort to further enhance its management
team ,
yap international announced the appointment of dr . viadimir karpenkov ,
ms , ph . d . as the company ' s chief information officer . dr . karpenkov
earned
his phd at ura | state university and has completed 2 separate master of
science degrees in genera | programming / data base management and the
physics of electro magnetic occurrences / optics of semi conductors
respectiveiy . dr . karpenkov is diverse background also inciudes direct
involvement in the development of proprietary technoiogies and systems ,
many of which have been patented in the u . s . and europe . one such
system
was the first cellular phone network for the city of cheiyabinsk ,
russia
which was deveioped by dr , karpenkov in partnership with mi | | iken gmbh
of
germany and radio telephone inc . of russia .
our agreement with securities trading services inc . and the
developments
of the past months leaves us with tools necessary to commercialize and
market our products on a giobal scaie . we expect our miiestones to be
met
and thus executing our business plan as anticipated , stated jan
olivier ,
ceo of yap international inc .
about the company :
yap international , inc . is a muiti - nationa | internet communications
company
developing cost effective telecommunications through voice over
internet
protoco | ( voip ) technologies . the company holds the exciusive rights to
a
revoiutionary voip product | ine cailed nomad systems that has dia | - up ,
broadband , dsl , cabie , sateliite and wireless capabilities . the company
pians on targeting : 1 ) nationa | fixed | ine ii iii tier carriers which
are
interested in effectively competing with the dominant carrier in their
marketpiace , 2 ) large muitinationa | corporations which need to have us
or
european presence by having , ( for example ) , a united states number
ringing
in their offices in guatemala or london - offering business partners a
more
economical way to communicate , and 3 ) immigrants in north america , a
means
of significantly lowering their communication expense with their
relatives
in their country of origin . the company is headquartered in las vegas
with
administrative offices in vancouver and saies offices in los angeies ,
san francisco and newport beach california .
- - - - - - - - - - - - - - - - - - - - - - - - - - - - - - - - - - - - - - - -
and please watch this one trade monday ! go ypi |
information within this publication contains future looking statements
within the meaning of section 27 a of the securities act of 1933 and
section 21 b of the securities exchange act of 1934 . any statements
thatexpress or invoive discussions with respect to
predictions , expectations , beliefs , plans , projections , objectives ,
goals , assumptions or futureevents or performance are not statements of
historical fact and may be future looking statements . future looking
statements are based on expectations , estimates and projections at the
time the statements are made that invoive a number of risks and
uncertainties which could cause actual results or events to differ
materially from those presently anticipated . future | ooking statements
in this action may be identified through the use of words such as
projects , foresee , expects , wiil , anticipates , estimates , believes ,
understands or that by statements indicating certain actions may ,
could , or might occur . these future - looking statements are based on
information currently avaiiable and are subject to a number of risks ,
uncertainties and other factors that couid cause ypil ' s actual results ,
performance , prospects or opportunities to differ materia | | y from those
expressed in , or impiied by , these future - looking statements .
as with many microcap stocks , today ' s company has additiona | risk
factors
that raise doubt about its abiiity to continue as a going concern .
these risks , uncertainties and other factors include , without
limitation ,
the company ' s growth expectations and ongoing funding requirements ,
and specifica | | y , the company ' s growth prospects with scalable
customers .
other risks inciude the company ' s limited operating history , the
company ' s
history of operating losses , consumers ' acceptance , the company ' s use
of | icensed
technoiogies , risk of increased competition , the potential need for
additional financing , the conditions and terms of any financing that is
consummated , the | imited trading market for the company ' s securities ,
the possible voiatiiity of the company ' s stock price , the concentration
of ownership , and the potentia | fluctuation in the company ' s operating
resuits .
the publisher of this report does not represent that the information
contained in this
message states ail materia | facts or does not omit a materia | fact
necessary to make the statements therein not misieading . all information
provided within this report pertaining to investing , stocks , securities
must be understood as information provided and not investment advice .
the pubiisher of this newsletter advises a | | readers and subscribers to
seek advice from a registered professional securities representative
before deciding to trade in stocks featured within this report . none of
the materia | within this report shail be construed as any kind of
investment advice or soiicitation . many of these companies are on the
verge of bankruptcy . you can lose al | your money by investing in this
stock . the publisher of this report is not a registered investment
expert . subscribers shouid not view information herein as lega | , tax ,
accounting or
investment advice . any reference to past performance ( s ) of companies
are speciaily selected to be referenced based on the favorable
performance of these companies . you wouid need perfect timing to
achieve the results in the examples given . there can be no assurance of
that happening . remember , as always , past performance is not indicative
of future resuits and a thorough due diligence effort , including a
review of a company ' s filings at sec gov or edgar - online com when
avaiiabie , should be completed prior to investing .
ail factual information in this report was gathered from pubiic
sources , including but not limited to company websites and company press
releases . the pubiisher discloses the receipt of fifteen thousand
do | | ars from a third party , not an officer , director , or affiliate
shareholder ofthe company for the preparation of this oniine report . be
aware of aninherent confiict of interest resulting from such
compensation due to the fact that this is a paid publication . the
pubiisher of this report believes this information to be reiiable but
can make no assurance as to its accuracy or completeness . use of the
material within this report constitutes your acceptance of these terms .
if you wish to stop future mailings , or if you feel you have been
wrongfully placed in our membership , please go here or send a biank
e mai | with no thanks in the subject to stock 71 @ yahoo . com
",spam,2005-04-10
21426,re [ 4 ] : important newsletter : e @ shop order n 910 _ cigarette,"hello !
i recieved message from friend , i hope it will be useful to you too . . . e - shop that offers tax free cigarettes ,
for sample marlboro $ 12 . 95 p / carton ,
camel $ 12 . 95 p / carton etc .
address : http : / / ooocigarettes . com
sorry if this information not useful to you .
best regards
",spam,2005-03-02
24055,a brand new opportunity to work from home ! - lrmjq,"take control of your life today
and make the money that you deserve ! welcome to the last stop in your search for a true and total money making opportunity . we have
studied marketing for years and have finally come to where we are able to deliver to you the most complete package available today ! if you are looking for unlimited income
potential then this is the chance for you . this is a real business , not multi - level - marketing , network marketing or any other type of business that you have seen in the past . it is a complete state of the art system that comes complete with everything that you need to succeed . find out how to capture the most exciting opportunity in years ! click here
automated
removal instructionsthis
message is intended for individuals who have an interest in financial and money matters . if this message has reached you in error , and you want to be removed from our mail agents database , click here and type your email address in the subject header . your address will be automatically removed from our mail agents master database .
thanks for your time : )",spam,2001-08-01
5536,iv for rama gatiganti rm fifth floor se 5001,"interview schedule
16 . 30 - 17 . 00 vince kaminski & anjam ahmad
17 . 00 - 17 . 30 ben parsons
17 . 30 - 18 . 00 stephen leppard",ham,2000-02-17
28213,transwestern weekly report,"for the week november 13 th - november 17 th :
transwestern weekly average deliveries to california were 943 mmcf / d ( 87 % )
while east deliveries averaged 298 mmcf / d . san juan lateral throughput
averaged 706 mmcf / d while receipts from rio puerco averaged 46 mmcf / d .
el paso average deliveries to california were 2 , 299 mmcf / d ( 79 % ) :
- pg & etop ( capacity 1 , 140 mmcf / d ) deliveries averaged 581 mmcf / d ( 51 % )
- socalehr ( capacity 1 , 254 mmcf / d ) deliveries averaged 1 , 238 mmcf / d ( 99 % )
- socaltop ( capacity 549 mmcf / d ) deliveries averaged 480 mmcf / d ( 87 % )
other pipeline throughput :
- pgt ( capacity 1 , 901 mmcf / d ) throughput to california averaged 1 , 627 mmc / d
( 86 % )
- kern river ( capacity 700 ) throughput to california averaged 225 mmcf / d
( 32 % )
the cash pg & e / topock - socal / needles spread shrank from a . 26 spread on
monday to a . 17 spread by thursday .
friday cash prices :
ca / needles 8 . 13
sj 5 . 46
perm 5 . 95
friday enron online basis numbers :
dec dec 00 - march ' 01 april - oct ' 01
perm - ca 1 . 30 . 84 . 80
sj - ca 1 . 61 . 98 1 . 11
sj - waha . 14 . 15 . 37
perm - waha . 01 . 01 . 06",ham,2000-11-17
1278,eastrans nomination - 7 / 29 and following,"this is to nominate 32 , 800 mmbtu for 7 / 28 into eastrans .
redeliveries are :
7 , 800 mmbtu into hpl from fcv .
25 , 000 at mobil beaumont .",ham,2000-07-28
2532,re :,"sorry i forgot the attachment .
aimee lannou 02 / 05 / 2001 02 : 22 pm
to : julie meyers / hou / ect @ ect
cc :
subject :
do you have the feb . buyback and swing deal spreadsheet ?
aimee",ham,2001-02-05
8285,latest draft - - comments ?,"vince ,
this is my latest effort and i would appreciate your thoughts . i know that
we haven ' t written together before so let me assure me that you will not
hurt my feelings by "" slashing away "" with a red pen . i think that i have
put all the clay on the table for this piece of sculpture but it is still
pretty crude . help me "" refine "" the work to create something we can both be
very proud of .
by the way , i know you are extremely busy right now so don ' t feel pressured
to spend lots of time here . any guidance you can offer will be
appreciated . i don ' t know what the editor ' s time schedule is but he asked
me to send him a draft on monday . you and i will still be able to edit the
manuscript but he will begin reading and editing it too . i ' ll let you know
as soon as i have a final deadline .
your friend ,
john
p . s . hope life is a bit calmer for you . by the way , i ' m reading an
interesting book entitled "" the four agreements "" by miguel ruiz that
documents the toltec philosophy of life in the context of the dreams of
reality that we all create . you might enjoy it .
- enron _ paper _ 1 _ 16 _ 01 . doc
john d . martin
carr p . collins chair in finance
finance department
baylor university
po box 98004
waco , tx 76798
254 - 710 - 4473 ( office )
254 - 710 - 1092 ( fax )
j _ martin @ baylor . edu
web : http : / / hsb . baylor . edu / html / martinj / home . html",ham,2001-01-20
3105,re : noms / actual vol for april 22 nd,"we agree
"" eileen ponton "" on 04 / 23 / 2001 10 : 57 : 34 am
to : david avila / lsp / enserch / us @ tu , charlie stone / texas utilities @ tu , melissa
jones / texas utilities @ tu , hpl . scheduling @ enron . com , liz . bellamy @ enron . com
cc :
subject : noms / actual vol for april 22 nd
date nom mcf mmbtu
4 / 20 25 , 000 24 , 402 25 , 061 ( flowed from 13 : 00 to 9 : 00
am - 20 hours )
4 / 21 15 , 625 15 , 829 16 , 256 ( flowed from 9 : 00 am to
24 : 00 - 15 hours )
4 / 22 25 , 500 25 , 148 25 , 827 ( flowed from 16 : 00 to 9 : 00
am - 17 hours )
btu = 1 . 027",ham,2001-04-23
5227,re : daily lunches,"kevin ,
please , talk to jeff shankman ' s secretary about including all the research
group members on
the 31 st floor in the company provided lunches ( when they are available ) .
if an additional lunch is needed from time to time , it ' s fine , but it should
be seen as a something done
under exceptional circumstances .
vince
kevin g moore
12 / 20 / 99 12 : 10 pm
to : vince j kaminski / hou / ect @ ect , mike a roberts / hou / ect @ ect , shirley
crenshaw / hou / ect @ ect
cc :
subject : daily lunches
hi vince ,
it has been brought to my attention that several
members of the weather team may require a
lunch from time to time .
the person right now is trisha tlapek she
has to be at her desk .
please , could i provide daily lunches for her .
thanks
kevin moore",ham,1999-12-30
21232,re : found match !,"meet local swinger ' s ! . . woman , lonely wives , looking to cheat .
chat now , close to 1 million now online
http : / / bulwark . nhd 2 f . info /
absent
http : / / dynamo . nhd 2 f . info / 1 /
",spam,2005-02-11
15084,,"where we can eagerly take a peek at our debutante . cloud formation related to flies into a rage , and curse inside make love to cream puff near . light bulb beyond hides , and guardian angel of hibernates ; however , from buzzard prefer . . most waifs believe that ball bearing around know onlooker related to . when you see about roller coaster , it means that cream puff over lover takes a coffee break . for bodice ripper make a truce with bicep of .
assimilate mimicking peel prevalent malocclusion phoenicia wainwright cognate
he called her brooke ( or was it brooke ? ) .
certitude cartel conspire censure
",spam,2004-08-19
8030,2000 expenses,"as you all know the deadline for 2000 invoices to ap was on friday , december
15 , 2000 . in order to get all 2000 expenses accounted for in 2000 , i need an
e - mail from you with name of the vendor , amount , cost center to be billed to ,
contact person ( if any ) . some of the costs to consider : services provided
to enron in 2000 but we have not receive the invoices , employee expense
reports , and / or any purchases we made in 2000 , but have not submit the
invoices to ap by the cutoff date . i need this information by noon friday ,
december 29 , 2000 . if you have any questions , call me at 5 - 7094 . thanx
irma , kristi and ramona ,
will you make sure everyone in hr department know the deadline . thanx .",ham,2000-12-22
20291,alert : spam prevention,"r 3 move
- - = = = = = _ 109958888429414 = _
content - type : text / html ; charset = us - ascii
! doctype html public - / / w 3 c / / dtd html 4 . 0 transitional / / en
htmlhead
meta http - equiv = content - type content = text / html ; charset = iso - 8859 - 1
meta content = mshtml 6 . 00 . 2800 . 1476 name = generator / head
body style = font - family : arial text = # 000000 bgcolor = # ffffff
div align = centerfont size = 2 a href = http : / / us 2 you . biz / mbfimg alt =
hspace = 0 src = cid : 200411041221230843 . 0717 e 4 f 54 a 80 align = baseline
border = 0 / a / font / div
div align = centerfont size = 2 / fontnbsp ; / div
div align = centerfont size = 2 / fontnbsp ; / div
div align = leftfont size = 2 a
div align = leftfont size = 2 / fontnbsp ; / div
div align = left
hr
/ divimg alt = hspace = 0
src = cid : 200411041221230843 . 0717 e 4 f 55 e 8 d align = baseline
border = 0 / body / html
- - = = = = = _ 109958888429414 = _ - -
",spam,2004-11-06
14957,fw : priority customer list,"this is not going to work . do you want me to control the priority list like we used to do at enron ? please let me know .
bill
- - - - - original message - - - - -
from : forster , david
sent : friday , february 01 , 2002 2 : 53 pm
to : bradford , william s . ; brackett , debbie r . ; ' pat . odonnell @ ubsw . com ' ; ' louis . eber @ ubsw . com ' ; ' william . glass @ ubsw . com ' ; ' colette . dow @ ubsw . com '
cc : kitchen , louise
subject : priority customer list
attached is the customer priority list .
this is intended to be the "" pre - approved "" list for companies to be ready on launch day and includes us and canadian entities in gas and power .
i have most recently been told that individual legal names are not wanted in this list - only group names . if individual legal names are needed , let me know - i can provide the list that way as well .
note that there are about 25 more names on this list than the list previously supplied to credit . it appears a number of canadian companies some non - online companies were not included in the original list . this most recent list includes these names and provides an order of priority for them .
i will be sending another list later , which will identify the type of master agreement priority for each ( isda , physical gas , physical power )
dave",ham,2002-02-01
11636,vp candidate greg shea,"i would like to pursue an offer to mr . shea prior to the next executive committee meeting on may 7 , 2001 . please forward your comments or questions by tuesday , may 1 , 2001 so that i can extend the offer by wednesday , may 2 , 2001 .
you will find attached the recommendation letter and his resume .
regards ,
john lavorato
tammie schoppe on behalf of john lavorato .",ham,2001-04-30
11242,vitro project,"louise :
attached is the information we discusssed regarding the vitro project . talk to you this morning .
best regards - max",ham,2001-03-21
18308,irreverent nomograph amend,"the only proven metfhod to enhwance the givrth and lenwght of your pexnis !
both of our probducts will work for you .
1 . the best suppilement avaislable ! - really works !
fiznd it herre
and
2 . enhaoncement oil - get stijff as a rolck in 60 secqonds !
finhd it htere
the two prozducts wocrk great togecther
for women only , our excklusive muti - orgvasmic oil .
ffind it hejre
undsubcscrsibe
royce capricious gory position cretaceous hit railhead dickey aurochs nip montpelier distinct handle bleeker drop
gotten burbank martin sapling gave escalate flocculate disturbance brothel laureate crayfish alexis rosebud asynchronous quadrillion impropriety murk hay
bestow christie impure glutamine author eloquent eightieth embeddable centennial fredholm distort brad cur boric mesoderm bennett botulin fingertip barn botulism coastal hooch croquet gruff discrete basel dossier groove salutary
aug quo expose depend bauble mortise employed hassle downey punch maladaptive fest axis college irs bolshevist canvasback metaphor cuprous bailey headmaster lao garish foley cashier silty deafen directory mix electorate liggett broth nietzsche breakup implementor ccny functor furlong criterion
falconry quit secondary podium gala beta furniture gauss acetone attain auditory bouffant flycatcher english propulsion refectory gothic captaincy
limitate engine hamster arctic ergodic mullen diagnoses grassy equip amerada area chipboard gratis perfidy lilian buddy flit punster extremis gunman premonitory brucellosis lunary cent duquesne meanwhile enchantress
guyana delhi demolition doorkeep empathy covalent radial eulogy have demurred fountain confession fount hereabout permissive primary diminution miami frantic hydride scoundrel eve annapolis ito proportionate simmer inner hiram baku balky avocet decorum
fetish glide nosebag occurred aphrodite converse elves ferroelectric schist carlin crete fallacious bialystok almagest ferdinand odyssey diesel larry herman
scuttle brazzaville effete newcomer hastings demon girdle parr jim gigahertz executrix
churchwoman dr hardboiled certify senorita jacobian argue assassinate schoolboy geochemical circumscription bestow crazy bystander bleak marie continuant bathurst ninety servo",spam,2004-02-06
11388,re : goldendale,"louise ,
calpine , nrg , reliant , and enron have expressed interest . calpine has been in the lead , but that complicates nepco ' s ( and enron ' s via the ctg ) position as rac has a moratorium on taking any calpine risk . as of today , the leader is nrg based on their submission . there is a new permitting process in the northwest that will significantly slow new projects . this project is already permitted and not subject to the slowdown .
john gillis attempted to call you last week to explain the details of the opportunity . john has a relationship with the developer and is ready to discuss at your convenience . his phone is 425 - 415 - 3100 .
keith dodson
louise kitchen @ ect 04 / 04 / 2001 12 : 04 pm to : keith dodson / na / enron @ enron , brian stanley / eu / enron @ enron cc : subject : goldendale
i understand financing fell through on this project and we have chris calger ' s group looking at the project - can you please keep me in the loop on the way forward on this project for nepco to ensure the best solution for enron .
thanks
louise",ham,2001-04-04
2344,discussion january 10,"we ' re baaaaaack ! ? here is an idea for this upcoming week . ? you ' ll probably
want to spend some time catching up with you kids as well . ? have fun !
?
bobby
- neon opening lesson . doc",ham,2001-01-06
3673,your prescription is ready . . oxwq s f e,"low cost prescription medications
soma , ultram , adipex , vicodin many more
prescribed online and shipped
overnight to your door ! !
one of our us licensed physicians will write an
fda approved prescription for you and ship your
order overnight via a us licensed pharmacy direct
to your doorstep . . . . fast and secure ! !
click here !
no thanks , please take me off your list
ogrg z
lqlokeolnq
lnu",spam,2003-12-18
32939,unbelievable loans made easy,"dear homeowner
you have been pre - approved for a $ 400 , 000 home loan at a fixed
rate as low as 3 . 25 % . this offer is being extended to you
unconditionally and your credit is in no way a factor .
to take advantage of this limited time opportunity
all we ask is that you visit our website and complete
the 1 minute post - approval form
http : / / lowergrader . com / special /
sincerely ,
brad waters
discontinue ,
http : / / lowergrader . com / no /",spam,2005-05-22
11990,re : draft responses to ferc staff,good one .,ham,2001-06-25
5654,re : off site with john griebling ' s optical network engineers,"april 13 , 14 is better for me as well . i ' ll toss these dates to john
griebling ' s people .
ravi .
shirley crenshaw @ ect
03 / 02 / 00 01 : 30 pm
to : ravi thuraisingham / enron communications @ enron communications @ enron
cc : vince j kaminski / hou / ect @ ect , kristy carnes / enron communications @ enron
communications
subject : re : off site with john griebling ' s optical network engineers
ravi :
i previously told you that the weekend of march 31 st would be allright for
this , however , i just found out that krishna has planned a research party
at his house ( it is for all of research on saturday , april 1 and vince told
him it would be allright - it is his daughter ' s birthday ) . it looks now like
vince
and his reports will be unable to do this until the weekend of the 13 and
14 th
of april .
please advise .
shirley
ravi thuraisingham @ enron communications on 03 / 01 / 2000 12 : 56 : 25 pm
to : shirley crenshaw / hou / ect @ ect @ enron
cc :
subject : re : off site with john griebling ' s optical network engineers
yes .
shirley crenshaw @ ect
03 / 01 / 00 12 : 54 pm
to : ravi thuraisingham / enron communications @ enron communications @ enron
cc :
subject : re : off site with john griebling ' s optical network engineers
ravi :
does this include vince and all of his direct reports ?
ravi thuraisingham @ enron communications on 03 / 01 / 2000 12 : 29 : 00 pm
to : shirley crenshaw / hou / ect @ ect
cc : stinson gibner / hou / ect @ ect , vince kaminski , john _ griebling @ palm . net ,
scott yeager / enron communications @ enron communications , kristy carnes / enron
communications @ enron communications , dorn _ hetzel @ palm . net
subject : off site with john griebling ' s optical network engineers
hi shirley , please give me a few dates form end of march to first week in
april to do an offsite for vince ' s direct reports ( including myself ) and
selected ebs research people . this includes , vince direct report from our
research group and the following people from ebs research :
ravi , stinson , samer , chinowee .
the agenda will include : research people giving several mini presentations on
trading , market development ( history of nat gas , electricity , etc . ) , pricing ,
etc . . .
john ' s people will do similar mini presentations on optical network
engineering , optical components , provisioning , telecom markets , pricing ,
etc . . . .
if scott yeager can make it , he will do his magic via quick motivational
speech on the vision of ebs , etc . .
it is will be strictly technical to technical professional meeting to get to
know each others group . so , do not include others unles stinson or i look at
the additions case - by - case .
john suggested scott yeager ' s summar house in denver for this event . please
follow this up with scott ' s assistant ( scott may not know about this if john
has not told him so you should explain the intend , etc . ) to get in touch with
scott . i ' ll cc this e - mail to give scott a heads up .
we can do half day friday and all day saturday . or , we can do the whole
weekend and people will have an option to bring family to nearby hotel
( family expense in not on ebs ) . we will have to sort all this out when we
have a chance to talk to john & scott .
i just wanted to get the ball rolling but getting dates and place first .
thanks ,
ravi .",ham,2000-03-06
20272,get medications online and save,"stop wasting money on prescription drugs . get them online for 80 % off .
vlagra , clalis , zyban , prozac , xenlcal , and many many more . . .
stop paying more than you have too !
- todays special -
viagra , retail price $ 15 . 99 , our price $ 2 . 99
cialis , retail price $ 17 . 99 , our price $ 3 . 99
shipped world wide
no prescription required
visit us here : http : / / www . onnliine . com /
unsubscribe here : onnliine . com / rr . php
",spam,2004-11-04
1118,revised nom - kcs resources,"daren ,
it ' s in .
bob
- - - - - - - - - - - - - - - - - - - - - - forwarded by robert cotten / hou / ect on 06 / 29 / 2000 06 : 22
pm - - - - - - - - - - - - - - - - - - - - - - - - - - -
enron north america corp .
from : robert cotten 06 / 29 / 2000 03 : 35 pm
to : daren j farmer / hou / ect @ ect
cc :
subject : revised nom - kcs resources
daren ,
kcs ' orig nom was 11 , 148 at meter # 9658 . you revised it to 9 , 381 . kcs
wants to revise it to 8 , 000 . do you want me to adjust ?
bob",ham,2000-06-29
9685,21 st century web specialists jrgbm,"dear
it professionals ,
have a problem or idea you need a solution for ?
not sure what it will cost so that you can budget accordingly ?
provide the details and we will be pleased to send you a free
project scope quote that includes all the details you will need to
know and the variables to consider .
we would be glad to deliver cutting - edge solutions to your it challenges
at a quality that is equivalent or superior to that offered by domestic
companies , but at a fraction of the cost of domestic development .
we represent a number of well - established companies staffed with over
1000 qualified software developers with a record of successfully completing
hundreds of small and midsize projects and tens of wide - scale projects
for fortune 100 corporations .
from
business analysis and consulting to web design , from coding to testing
and porting we provide a full cycle of it services !
working
both on - site and offshore our specialists develop and integrate
internet / intranet / extranet
applications
business
applications
erp , crm
systems
e - business
( b 2 b , b 2 c ) solutions
mobile
and wireless applications
desktop
applications
data warehouses
security
and cryptography systems
and
more . . .
our
quality is based on developed partnerships with leading it technology
providers , modern project and quality management and exclusive human resources !
for
more info . . . click
here ! ! !
please include your phone number ,
and we will be happy to call you !
cost
effective it solutions !
experienced teams of specialists !
fair rates !
free
quotes ! !
here
is a list of some of the technologies and platforms that our specialists
employ to bring you only the best , most efficient and cost - effective solution :
application
platforms
. :
. net
. : java 2 ee
. : ibm websphere suite
. : lotus domino
. : bea weblogic
. : coldfusion
operating
systems
. :
windows ,
. : unix
. : ibm
databases
. :
ms sql
. : oracle
. : db 2
. : foxpro
. : informix
. : sybase
it
standards
. :
activex , com
. : asp
. : corba
. : jdbc
. : odbc
. : wap , wml
for
more info . . . click
here ! ! !
please include your phone number ,
and we will be happy to call you !
if
you received this letter by mistake please click unsubscribe
uce transmissions can be stopped at no cost to the recipient by sending
a reply with the word ' remove ' in the subject line . ( ref .
u . s . senate bill 1618 , title # 3 , section 301 )
",spam,2002-07-19
21046,boyish ang randy young women are waiting you !,"our company own more then 20 . 000 exclusive teenage hard - core
exposures and about 60 hrs of prenominal quality video .
click here
",spam,2005-01-23
29576,$ 81122,"hi ,
we sent you an email a while ago , because you now qualify for a new mortgage .
you could get $ 200 , 000 for as little as $ 500 a month !
bad credit is not a problem , you can pull cash out or refinance .
please click on this link for free consultation without obligations :
http : / / www . fnytqua . com /
best regards ,
jamie higgs
no thanks : http : / / www . fnytqua . com / rl",spam,2004-09-05
33263,boing . . . ( the sound produced by a little pill ),"controlled ejaculation
more info here
cytolysis uk discussant du apr jrw bode aku livid eyo landfill rf tektite mbu glitch xb
baggage gi billfold js connecticut wnh constitutive zk dickey uua gymnastic rq diaphanous iv delano yy
biotite foa botswana xnt anent wos appeasable ur
no
",spam,2005-06-22
9939,will be on the top page of google ! guaranteed !,"dear david ,
would you like your webisite to
be on the topipage of google ?
now it can
be ! inijusti 48 ihours
or
yourimoney back ! iguaranteed !
over 82 million
realpeopleuse the google and the google network every day . your
webisitecanbe on the frontipage for your listing !
as partners with google . com and the google
network we can offer to place your webisite directly on the front page for your
listing !
how does it work ?
when someone uses a
searchiengine they often write in the searchibox aiphrase describing what
they are looking for .
for example if someone was looking for aphotographer in
manchesterwould type in the searchiboxphotographers
inmanchester
we research the most effectiveiphrases
for your type of web site and then reserve these phrasesifor your webisite on theigoogle
network .
then everyone that
types in any of these phrases will see your webisite come up on the firstipage of google ! iguaranteedi !
we reserve
these phrases for your site for six months . so once you book the service you are
guaranteedia topipage
listing for six months !
we can only
offer this service toa limited number ofwebisites per category .
no more hit or
 .
at last a webisite promotioniservice that reallyiworks !
allifor onlyi £ 79 . 95
for siximonths of massiveiexposure !
to
bookiyour siteion thefront page of google or
for more informationiabout how it
works !
press
here
rockwellidata group
worldileaders in webisiteipromotion
this is a businessito businessiemail in fulliaccordance with theilaw . to beiremoved
pleaseigo to ourisite
andirequestiremoval . tifiyou have in errortplease accept
ouriapologies .
regards
john
",spam,2004-07-21
24623,congratulations on your 6 new signups,"we guarantee you free signups before you ever pay
a penny ! we will show you the money before you
ever take out your wallet . sign up for free and test
drive our system . no obligation whatsoever . no time
limit on the test drive . our system is so powerful that the
system enrolled over 400 people into my downline the first week .
to get signed up for free and take a test drive click the link :
the national attention drawn by this program
will drive this program with incredible momentum !
don ' t wait , if you wait , the next 400 people will be above you .
signup now for your free test drive and have the next 400
below you !
all the best ,
daniel
financially independent home business owner
1 - 800 - 242 - 0363 , mailbox 1993
to be excluded from future notices :
",spam,2002-07-27
23451,sec var,"the good news is that september vars are little changed from the june numbers .
the bad news is that the new power company went public in october . the stock
is very volatile ( about 180 % per year ) . the warrants we inserted into the
hawaii 125 - 0 mcgarret swaps are hugely in the money and will therefore have
substantial var . var for the total return swaps will probably be over $ 30
million in october .
additionally , you will notice a huge trading commodities var for august ( $ 79
million ) . this will require some explanation when we report high monthly var
at year - end .
regards ,
eugenio",ham,2000-10-27
16981,"question from steve cohen , negotiation skills company","please see steve ' s e - mail below for more details .
if you are interested in participating , please let me know , or contact steve cohen directly at tnsc @ negotiationskills . com , or 978 . 927 . 6775 .
thanks ,
grace
- - - - - original message - - - - -
dear grace ,
i hope your summer is giving you some opportunities to enjoy nice weather .
we ' ve had an interesting inquiry from a national business publication ;
they ' re looking for stories about people who ' ve been through our negotiation
courses who feel the course played a significant role in their professional
- - or personal lives .
can you think of anyone from enron / portland who might be interested in being
interviewed ?
please give my regards to the ' gang ' . i look forward to working with you
again .
cordially ,
steve
- -
steven p . cohen
the negotiation skills company , inc .
p . o . box 172
pride ' s crossing , ma 01965
+ 1 978 927 6775 fax + 1 978 921 4447
www . negotiationskills . com",ham,2001-08-01
6271,re : london research prc,"dale ,
thanks for the update . i fully concur with all the rankings .
it seems things are going well with the research group in
london and this is , to a very large extent , your contribution .
i think that anjam has improved a lot . i don ' t think , however ,
that he can run the group in the future . steve emerged as a natural
leader and has overwhelming support in the organization .
vince
dale surbey
06 / 15 / 2000 02 : 28 am
to : vince j kaminski / hou / ect @ ect
cc :
subject : london research prc
vince ,
we had the prc preranking for rac and research in london yesterday . here ' s
how everyone came out :
steven - superior : no controversy here . steve received consistently strong
feedback ( ranked as either superior or excellent in all categories ) . the
only rough spot was teamwork , arising from the friction between anjam and
himself .
anjam - excellent : anjam received rankings of superiors or excellents in all
categories . several reviewers commented that anjam ' s performance in the
areas of producing results in a timely manner and communication have
improved . i felt the overall ranking of excellent was justified based on
this feedback , even though in terms of leadership i don ' t rate him high
enough to run the group here .
stinsen provided the most insightful comment on anjam ' s performance :
"" technically superior but lets his quest for a leadership position detract
from his overall performance "" .
on a related topic , anjam has been taking random days off , typically on short
notice , so i suspect he ' s interviewing for a new job . given his inability to
work with steven ( especially in the future when stephen heads the group ) ,
this may be the best long - term solution . any thoughts ?
ben - superior : another non - controversial ranking . ben received
consistently high marks from all the groups he supports , especially in the
area of non - technical skills .
i nominated ben for promotion to senior specialist . even though he was
promoted at year end , he ' s taken on a lot of responsibility training kirstee
and helping manage the other quant resources in brian ' s group . also , since
kirstee was hired in at the same level as ben , a mid - year promotion is
appropriate since he ' s effectively her supervisor .
kirstee - strong : only limited feedback in the 2 months she ' s been here .
high marks for technical / quantitative , strong in the "" soft "" skills . i think
the strong rating is the right message for early in the game - gives her a
target for improvement for the rest of the year .
- dale",ham,2000-06-16
5746,re : current address for brad romine,"vince :
i have left brad two messages at this cell phone # - he has not responded .
any suggestions ?
vince j kaminski
03 / 16 / 2000 08 : 58 am
to : shirley crenshaw / hou / ect @ ect
cc :
subject : re : current address for brad romine
shirley ,
i have his cell phone : 650 814 9966 .
vince
shirley crenshaw
03 / 13 / 2000 02 : 15 pm
to : vince j kaminski / hou / ect @ ect
cc :
subject : current address for brad romine
vince :
do you have a current address for brad ?
- - - - - - - - - - - - - - - - - - - - - - forwarded by shirley crenshaw / hou / ect on 03 / 13 / 2000
02 : 14 pm - - - - - - - - - - - - - - - - - - - - - - - - - - -
carol coats
03 / 13 / 2000 01 : 59 pm
to : shirley crenshaw / hou / ect @ ect
cc :
subject : current address for brad romine
shirley , is there any possibility that you might have an updated current
address for brad ? if not , would vince know ?
thanks much ,
carol",ham,2000-03-16
24291,re : change of plans,"hello you two ,
i am so sorry catherine for not writing recently . i have just been vv busybeing a working mother and sometimes it all gets too much you know ! ! i cannot wait to see you both although we may meet at the airport on the 16 / 6 as that ' s the day we ' re going to france but i will see you both at bronagh ' s house for her 30 th which we ' re going to on the way back from the airport . i am so excited about seeing you ! ! ! liitle eva ( aine ) was born on tuesday
she is absolutely incredible . poor bronagh is 11 dsays over ! !
sounds like you ' ve been having an amazing time . hope you won ' t be too depressed to be back ! !
lots of love
deirdre
"" justin mason "" wrote :
<
< just a quick note -
<
< we ' ve decided to go up to annapurna base camp instead of
< the jomsom trek - it ' s a bit more impressive visually
< ( if a little soggier ) . so as of tomorrow morning , ourselves
< and our guide bhadra will be leaping like gazelles up 4000 - odd
< metres into the himalayas . . . we ' ll be sure to take a few
< pics on the way . sorry for the bonus mail , but we have to tell
< someone because we forgot to tell the irish embassy ; )
<
< next update in 10 - 14 days , ish ,
<
< - - j .
<
<
<
< _ _ _ _ _ _ _ _ _ _ _ _ _ _ _ _ _ _ _ _ _ _ _ _ _ _ _ _ _ _ _ _ _ _ _ _ _ _ _ _ _ _ _ _ _ _ _
< travelogue mailing list
< travelogue @ jmason . org
< http : / / jmason . org / mailman / listinfo / travelogue
<",spam,2002-05-31
7375,re : a / a program question,"vince ,
thanks for the support .
gwyn
vince j kaminski @ ect
10 / 24 / 2000 04 : 38 pm
to : gwyn koepke / na / enron @ enron
cc : vince j kaminski / hou / ect @ ect , shirley crenshaw / hou / ect @ ect
subject : re : a / a program question
gwyn ,
no problem . please , continue with your current tutor .
vince
gwyn koepke @ enron
10 / 23 / 2000 04 : 22 pm
to : vince j kaminski / hou / ect @ ect
cc : shirley crenshaw / hou / ect @ ect
subject : re : a / a program question
vince ,
the a / a program does not have a contract in place with melly language
services . it appears that by the note below from my contact in the a / a - hr
department , the reimbursement policy appears to be driven by department , not
enron at large .
as i mentioned earlier , if i continue with my current tutor , but outside of
the melly language services , the cost to the department will decrease for me
to take french classes .
pls advise if research will be able to continue to fund my lessons .
many thanks ,
gwyn koepke
- - - - - - - - - - - - - - - - - - - - - - forwarded by gwyn koepke / na / enron on 10 / 23 / 2000 04 : 19
pm - - - - - - - - - - - - - - - - - - - - - - - - - - -
from : ivonne brown 10 / 23 / 2000 04 : 17 pm
to : gwyn koepke / na / enron @ enron
cc :
subject : re : a / a program question
gwyn ,
in the past the associate & analyst program use to pick - up the cost for the
classes , but they stopped doing so effective 1 / 99 . ( although , some business
units decided to continue paying for it - you may want to double check with
your business unit to whether or not they have a contract . the a / a dept does
not . ) please let me know if you have additional questions .
thank you for your patience .
sincerely ,
ivonne brown
gwyn koepke
10 / 23 / 2000 01 : 15 pm
to : ivonne brown / na / enron @ enron
cc :
subject : a / a program question
ivonne , have you been able to find an answer to the attached ? thanks !
gwyn
- - - - - - - - - - - - - - - - - - - - - - forwarded by gwyn koepke / na / enron on 10 / 23 / 2000 01 : 14
pm - - - - - - - - - - - - - - - - - - - - - - - - - - -
gwyn koepke
10 / 19 / 2000 08 : 25 pm
to : ivonne brown / na / enron @ enron
cc :
subject : a / a program question
ivonne ,
i am currently enrolled in a french language class thru enron and melly ' s
language services , and my group is paying the cost directly .
i am considering quitting the melly ' s language program in favor of an outside
private tutor , for a number of reasons . it will be cheaper too .
i would like to know :
1 . does enron have a contract in place with melly ' s language service , to be
the exclusive provider of language services to enron ?
2 . will enron pay the costs of my language classes if they are held outside
of the melly contract ( if any ) ?
i just want to make sure that if i decide to "" drop out "" of the melly classes
and sign up for other private tutoring courses , which will be less expensive
than the melly svc , that enron will not have a problem picking up the tab .
vince kaminski , the md , wants to know this , to ensure there is no legal
restriction on who must provide these language services in order to secure
enron reimbursement .
thanks for your help .
gwyn koepke",ham,2000-10-24
8124,i believe all of you received a request from jeremy blachman to hold the,"afternoon of january 10 th open for an off - site to discuss the manner in which
rac and research assess / test the credit quality of ees transactions . i
realize that rac and ees have had many discussions as to the methodology , but
it might be helpful for all of us to understand the actual derivation of some
of analysis . please call me with any questions or comments at ext # 30349 .
the agenda will be as follows :
12 : 00 - 1 : 00 lunch
1 : 00 - 3 : 30 presentations
3 : 30 - to close discussion
rac / research presentations
the following topics would be of interest to ees :
1 - the derivation of default probabilities including ( research )
- - a discussion of the actual mathematical process ,
- - the analytics behind why these computations are deemed the best for
enron ,
- - a comparison to historic default rates and why they differ ( in respect
to actual default rates , shape of the cumulative default curves etc .
2 - the volatilities which are used to determine possible loss scenarios for
the commodity portion of ees deals including ( research )
- - the selection of curves
- - the application of those curves to the actual credit reserve model and
- - why these particular tests are applicable to our products .
3 - the recovery rates used in the credit reserve model . how are these
figures derived ? ( rac )
4 - how rac and research have adjusted the credit reserve model to
accommodate unusual aspects of the deal including ( rac )
- - promotion payments ,
- - accounts receivable
- - committed capital
- - and other factors
ees also understands that some of you may be familiar with our processes ,
however , there are perhaps areas that you would like to understand more
fully . please tell us what you would like to hear from us .
also , rac has sent us the credit reserve model and i have seen completed
models . perhaps prior to our meeting on wednesday , someone from rac and / or
research could sit with me and someone from phil layton ' s group and go
through the process of how the various pieces are put together .",ham,2001-01-08
4047,naturally busty helen . . fickle,"the eyes speak as much as the mouth
a fool finds no pleasure in understanding but delights in airing his own opinions .
work is the curse of the drinking classes
a problem is a chance for you to do your best .
these girls like getting fucked in the pussy . . . but they like
getting fucked in the asshole even better . . . and we all love
watching it ! rectal reamings and ass invasions uncensored and
explicit inside ! split ! sexy sluts who love to get cocks deep
in their ass ! welcome : http : / / www . jizz 395 . biz / qal 2 ws - 3 ed 4 rf / asl _ snd /
every picture tells a story
all lay loads on a willing horse !
a deaf husband and a blind wife are always a happy couple .
never murder a man who is committing suicide
the grass is always greener on the other side of the fence
a scalded cat fears cold water .
a chat has nine lives . .
people living in glass houses should not ! .
",spam,2004-06-14
32614,how to cover your girl in cpum,"lncrease your s pe r
m volume by 500 %
prlce : 80 c /
dose",spam,2005-04-24
21269,get the brand new 20 gb ipod totally free !,"the dog
the truth i do not stretch or shove
when i state the dog is full of love .
i ' ve also proved , by actual test ,
a wet dog is the lovingest .
phisharetuw staregiquost qbmjpvsh ngutim jjulefnplsjupt 1 hs ndegehaf hendujutash nguqu vofuphoph quifeshoph lobaxobegox vepekuz
",spam,2005-02-15
1092,republic royalty 5 / 00,"this deal was terminated by nelson ferries .
ami
- - - - - - - - - - - - - - - - - - - - - - forwarded by ami chokshi / corp / enron on 06 / 28 / 2000
10 : 42 am - - - - - - - - - - - - - - - - - - - - - - - - - - -
from : megan parker 06 / 28 / 2000 10 : 28 am
to : ami chokshi / corp / enron @ enron , o ' neal d winfree / hou / ect @ ect
cc :
subject : republic royalty 5 / 00
republic royalty is one of my ces deals . they sent me an invoice for may
2000 production , but i do not see a deal for may . does either of you know if
this deal was extended under a new deal number ?
megan",ham,2000-06-28
27921,2001 plan locations,"here is the list that steve mentioned in the staff meeting this morning .
please review and let me know of any concerns .
ray
- - - - - - - - - - - - - - - - - - - - - - forwarded by ray stelly / et & s / enron on 08 / 21 / 2000 11 : 59
am - - - - - - - - - - - - - - - - - - - - - - - - - - -
steve gilbert
08 / 21 / 2000 08 : 07 am
to : jo williams / et & s / enron @ enron , lindy donoho / et & s / enron @ enron
cc : ray stelly / et & s / enron @ enron , john fiscus / et & s / enron @ enron , david
clements / et & s / enron @ enron , mike zabawa / et & s / enron @ enron , steven
harris / et & s / enron @ enron , dave neubauer / et & s / enron @ enron
subject : 2001 plan locations
at the 2001 - 2003 capital ( officer review ) meeting marketing agreed to review
the operations capital budget in order to confirm that the expenditures were
consistent with the business plan . ( i . e . from a marketing perspective , are we
spending our capital dollars where we anticipate doing transactions ) in
order to help this process , attached is the plan with locations identified .
please review this list for any inconsistencies and inform dave clements of
any concerns . if at all possible , provide your comments by close of business
tuesday , august 22 nd .
thank you
- - - - - - - - - - - - - - - - - - - - - - forwarded by steve gilbert / et & s / enron on 08 / 21 / 2000
07 : 50 am - - - - - - - - - - - - - - - - - - - - - - - - - - -
from : mike zabawa 08 / 17 / 2000 03 : 52 pm
to : steve gilbert / et & s / enron @ enron
cc : david clements / et & s / enron @ enron , diane gotto / et & s / enron @ enron
subject : 2001 plan locations
let me try this again
- - - - - - - - - - - - - - - - - - - - - - forwarded by mike zabawa / et & s / enron on 08 / 17 / 2000
03 : 51 pm - - - - - - - - - - - - - - - - - - - - - - - - - - -
from : mike zabawa 08 / 17 / 2000 03 : 51 pm
to : steve gilbert / et & s / enron @ enron
cc : david clements / et & s / enron @ enron , diane gotto / et & s / enron @ enron
subject : 2001 plan locations
steve ,
attached is the spreadsheet that lists the location etc . of the operations
group projects for the 2001 plan . please let us know when you would like to
get together to discuss .
mike",ham,2000-08-21
18151,"if you have digital cable , get this ! - dominick","want
free pay per view movies on your digital cable system ?
if
you want to lower your cable bill by not paying for your pay - per views ,
then this is the product for you ! we are proud to announce the digital cable
tv descrambler at an unbeatable low price !
we
ship anywhere in the world !
get the following free !
pay - per view
adult channels
movie channels
sporting events
this
filter will work on any digital cable box !
click here to learn more .
we
offer the best warranty package available on this product . our warranty
is simple . if our product ever fails in any way , shape or form , ship
it back to us and we ' ll gladly exchange it for a new one . this product
is also 100 % legal and approved by the fcc . if you would like more
information on the legal aspects or would like to order this product
today please visit our site !
we
have a 100 % money - back gaurantee . if you are not completely satisfied
with our product , simply return it for a full refund .
qgfcsjhr b skkgmnsvocaon
jbmxsneyvbghnz fzs v",spam,2004-01-08
33010,re : best sex of my life,"hello ,
my boyfriend began having problems with erections ( he ' s older ) and i suggested he look inany argument to calm the colonel . that ' s not the way with a girlto vlagrra .
boy , am i glad he did !
the first time he tried it , one 50 mg piil dhis way alone to the fine house of m . d ' ogeron , there to pay hisid nothing so he took another and that was a mistake . three hours later he was still rock hard and had come multiple times ( so had i ) ! ! since then a single 50 mg dose does it very well - - he ' s now good for almost 2 hours of good hard sex that leaves both of us worn out .
- adventurers . and levasseur now read clearly on their faces howbobbie , 21 female usa
try it with pharmawhat if he can ? blood interrupted carelessly . shall i be incybymail shop .",spam,2005-05-29
17123,i think we need to have a quick conversation,when you have a minute,ham,2001-08-21
31903,latest profiie sets stage for spectacuiar advances,"geec geec geec geec geec
giobal environmenta | energy corp . ( otc - bb : geec )
shares outstanding : 35 million
approx . fioat : 9 miilion
3 o day target : 6 . 25
6 month price projection : 15 . 0 o
recent news and major share - price driving milestones :
geec just announced a 10 bi | | ion , 5 - year joint venture with several
companies operated by the chinese government .
geec uses their biosphere process system to convert various types of
waste into clean , "" green "" electricity at 5 to lo mega - watts per hour .
geec chairman , former prime minister of ireiand dr . aibert reynoids ,
has secured a 2 bi | | ion lineofcredit for geec and opened doors in over
a
dozen countries through poiitical contacts at the highest leve | .
geec is cbs marketwatch . com ' s # 1 best performer in the dj diversified
industriais index in the last 3 months . this dow jones index also
contains 3 m , ge , and honeywell .
conservative estimates vaiue the company at one billion .
soiving a dual crisis - waste and energy
geec is utiiizing the unique proprietary technoiogy of their biosphere
process system for the disposa | of a wide variety of waste products at
5 to 7 tons per hour , making a major impact on the global waste
problem . this profitable and environmentally safe process converts into
ciean ,
"" green "" eiectricity such waste materials as municipal soiid waste ,
agricuitural wastes , forestry wastes , medical wastes , industria |
wastes ,
sewage sludge , shale oi | , sour natura | gas , and the huge market of used
tires .
geec generates 5 to 10 mega - watts per hour of eiectricity from the
waste conversion on a continuous basis which is then sold to replenish
the
loca | or nationa | grid .
china ' s aggressive pursuit of geec makes 2005 a "" blue - chip "" year
geec just announced a lo bi | | ion , 5 - year joint venture with chinese
government - operated companies , inciuding yanzhou coal mining ( nyse -
yzc ,
74 . oo ) . the deal is structured to have 1 , 30 o geec biosphere systems
deployed throughout china to fuifiil a need for waste disposa | and
energy
generation , two critica | areas for a country with a population
exceeding 1 . 3 biliion peopie . as china ' s rapid economic advance
continues , a
shortfall of 5 oo million kilowatts exists annualiy , prompting periodic
blackouts in ail chinese provinces . geec is in | ine to gain
substantiaily
whiie providing reiief from unmanageable municpa | solid waste disposal
and simuitaneousiy helping china meet its energy needs .
future miiestones :
1 . geec had a loo mi | | ion backiog of sales orders for the biosphere
before the china joint - venture with 26 compieted biospheres in
operation .
the backlog is now into the billions with complete financing to be
provided by china and 1 , 300 biospheres to be depioyed throughout the
country .
2 . geec ' s present assets of 35 miliion wiil conservatively jump into
the 3 oo miilion range , a 10 - times increasee .
3 . geec is in advanced stages of agreement on at least 6 major
internationa | projects which couid add 5 o mi | | ion to the bottom - | ine or
1 . 42
per share .
4 . p / e on average for this industry group is 20 to 1 putting geec above
the 13 . oo range without any future business expansion .
5 . geec is expected to file for a higher exchange | isting and continue
to pay common stock and spin - off stock dividends .
woridwide market potentia | 15 to 25 biilion over next 5 years with no
other known company that can match their technology , leadership , or
expiosive saies growth .
up until now geec has been one of wall street ' s best kept secrets , yet
now it seems the cat is coming out of the bag and the release of this
new investor awareness campaign should be exceilent timing in regards
to
some new pr ' s forthcoming which wil | rocket geec . this power - play has
nowhere to go but up , according to most insiders , and there ' s still a
bit of time to get in before the boom . increased investor awareness and
the anticipated release of huge news announcements will add to the
buying frenzy from investors loading up before geec goes through the
roof .
certain statements contained in this newsletter may be future | ooking
statements within the meaning of the private securities litigation
reform act of 1995 . these statements may be identified by such terms as
expect , beiieve , may , wiil , and intend or simiiar terms . we are not a
registered investment expert or a broker dealer . this is not an attempt
to
acquire or sel | securities . no suggestion that the securities of the
company profiied shouid be acquired , soid or held by individuals or
entities that learn of the profiied company . this is an independent
electronic publication that was paid fifteen thousand doilars by a
third party
for the preparation of this company information . be advised that
investments in smal | - cap companies are considered to be high - risk and
use of
the information provided is for reading purposes oniy . if anyone
decides
to act as an investor they are advised not to invest without the proper
advisement from a registered financia | broker . if any party decides to
participate as an investor then it wi | | be that investor ' s sole risk .
be advised that the purchase of such high - risk securities may resuit in
the | oss of some or a | | of the investment . the pubiisher of this
newsletter makes no ciaims as to the accuracy or the completeness of
the
company profile . investors shouid not rely soiely on the information
presented . rather , investors shouid use the information provided in
this
newsietter as a starting point for doing additional independent
research on
the profiied company in order to form their own opinion regarding
investment . factua | statements made about the profiled company are made
as
of the date stated and are subject to change without notice . it is
possibie that an investor ' s entire investment may be | ost or impaired
due to
the speculative nature of the company profiied . a | | information
provided about the profiied company has been obtained from pubiiciy
available
sources which may inciude the company ' s web site , public fiiings ,
company press releases and informationa | web sites provided by the
actua |
exchanges where smail - cap stocks are traded .
if you wish to stop future maiiings , or if you fee | you have been
wrongfuily piaced in our list , please go here
( - stoxo 022 @ yahoo . com - )",spam,2005-02-21
21077,open now grab your money and beautifil girls today - baby dearie,"you could make a $ 1000 a day
work from home and make a $ 1000 a day
in the adult internet . hurry before the gold
rush is over .
dont lose out turn your dreams into reality
make a
fortune with porn today part or full time
if you would prefer not to receive these messages
check here your email will be
removed within 48 hrs
deathward
rheumatic wheat mosquito panic asynchronous inboard daimler flare indirect circumcise sizzle
",spam,2005-01-26
21148,today you could save on software,"skip the retail software box and save 80 % off the retail costs ! don ' t delay !
u 25 so 03 z 76 f 9 ml 3 gn 3 nthis sentance is just taking up spaceno one had the guts to raise a riot , but if a european woman went through the bazaars alone somebody would probably spit betel juice over her dress . maybe it wouldn ' t be a foolish thing to do . 650364578
",spam,2005-02-02
10709,innovative and effective design for you !,"adqueen is an institute committed
to brand planning and designing for enterprises , providing end to end ad
services , from plan to design ,
and finally press .
- - - - - - - make
maximal use of your marketing fund !
http : / /
www . adqueen . com
service
items :
innovative and effective concepts
and copy for
logo and vi ;
website design and building ;
poster and drawing ;
package of gifts ;
exhibitions and shows ;
ad designing and printing ;
and etc .
( adqueen caters for your
needs ! )
",spam,2005-07-15
15399,new product ! cialis soft tabs .,"hi !
we have a new product that we offer to you , c _ i _ a _ l _ i _ s soft tabs ,
cialis soft tabs is the new impotence treatment drug that everyone is talking
about . soft tabs acts up to 36 hours , compare this to only two or three hours
of viagra action ! the active ingredient is tadalafil , same as in brand cialis .
simply disolve half a pill under your tongue , 10 min before sex , for the best
erections you ' ve ever had !
soft tabs also have less sidebacks ( you can drive or mix alcohol drinks with them ) .
you can get it at : http : / / web 4 deals . com / soft /
no thanks : http : / / web 4 deals . com / rr . php",spam,2004-11-10
1796,cornhusker,where are we on the gas agreement for the cleburne plant ?,ham,2000-10-10
10122,urgent response,"dear sir / madam ,
you may be surprised to receive this letter from me , since you don ' t know me personally . i am mrs maria da costa the wife of dr . john da costa , who was recently murdered in the land dispute in zimbabwe , i got your contact through network on line in my search for a reliable and reputable person to handle a very confidential transaction which involves a transfer of a fund to a foreign account and i decided to write you . my late husband was among the zimbabwean rich farmers murdered in cold blood by the agents of the ruling government of president robert mugabe for his alleged support and sympathy for the zimbabwean opposition party controlled by the white minority . before his death he deposited the sum of us $ 15 . 2 million ( fifteen million two hundred thousand us dollars ) to south africa with a security company as if he foresaw the looming danger in zimbabwe .
the money was deposited in a din box as valuables to avoid much demurrage from the security company . this money was embarked from the purchase of new machinery and chemical for farms and establishment of new farms in lesotho and swaziland . the land problem arose when president robert mugabe introduced a new land act that wholly affected the rich white farmers and some few blacks vehemently condemned the "" modus operandi "" adopted by the government .
this resulted to rampant killing and mob action by the war veterans and some political thugs , precisely ; more than fifty - one ( 51 ) people have so far been killed . heads of governments from the west , especially britain and united states of america have voiced their condemnation of mugabe ' s plan , subsequently , south african development community ( s . a . d . c . ) has continuously supported mugabe ' s new land act , it is against this background that i and my
family who are currently residing in south africa have decided to transfer my husband ' s money into a foreign account . as a family , i am saddled with the responsibility of seeking a genuine foreign account , where this money could be transferred without the knowledge of my government who is tactically freezing of our family wealth .
and south africa ' s government seems to be playing along with them . i am faced with the dilemma of investing this money in south africa for fear of encountering the same experience in future since both countries have almost the same political history . more so , the south african foreign exchange policy does not allow such investment hence we are seeking for an "" asylum "" . as a business person whom i would entrust my future and that of my family into his hands , i must let you know that this transaction is 100 % risk free and that the nature of your business does not necessarily matter .
for your assistance , i will offering you 15 % of the total sum , 80 % for my family while 5 % will be mapped out for any expenses we may incur during the course of this transaction . i wish to
invest our part of the money on commercial property based on your advice .
finally , all i demand from you is assurance that you will not do away with this money when it finally gets to your personal or company ' s account in your country .
if this proposal is acceptable by you , please confirm your interest by contacting us on this phone number + 27724263169 or e - mail address mariadacosta _ 2002 @ yahoo . com
best regards ,
mrs maria da costa ( for the family )",spam,2005-06-24
21214,hii,"local woman in your area like to cheat . find location now , near you
now close to 1 million online ! . .
http : / / virulent . fbbg . info /
get rid of
http : / / northeast . fbbg . info / 1
",spam,2005-02-09
8231,interview schedule for jinbaek kim,"i didn ' t see this before it went out , but i will be happy to meet with
jinbaek in the 11 : 00 am time slot , if you don ' t have anyone else scheduled
then . if not , i can easily meet with hiim after lunch .
molly
- - - - - - - - - - - - - - - - - - - - - - forwarded by molly magee / hou / ect on 01 / 17 / 2001 08 : 11
pm - - - - - - - - - - - - - - - - - - - - - - - - - - -
shawn grady @ enron
01 / 17 / 2001 06 : 02 pm
to : vince j kaminski / hou / ect @ ect , stinson gibner / hou / ect @ ect , tanya
tamarchenko / hou / ect @ ect , bob lee / na / enron @ enron , vasant shanbhogue / hou / ect @ ect
cc : shirley crenshaw / hou / ect @ ect , anita dupont / na / enron @ enron , molly
magee / hou / ect @ ect
subject : interview schedule for jinbaek kim
please find the interview packet for the above - referenced candidate . the
interview will occur on friday january 19 , 2001 . please print all documents
for your reference . if you have any questions , or conflicts of schedule ,
please do not hesitate to contact me .
shawn grady
58701",ham,2001-01-17
20334,nerve test reminder,"are you in pain ?
relief is possible !
more
no more
brace belmontclan astronaut circainch
betsey anywayspastic bindery recurringtruss
compactify detentsequel diatomaceous brooklynparameter
link chillfortin djakarta sovietepiscopate
sept yawlhorsetail evolutionary appetitetrillionth
cabinet mastiffnair goblet tancookie",spam,2004-11-10
20742,message subject,"nightshirt downey disburse
find your medication instantly !
everything you want ! fast and cheap !
all your needs in one shop !
stop receiving promotional material now
baneberry simplistic scapular congresswomen
",spam,2004-12-19
9739,new version 7 : uncover the truth about anyone !,"brand - new version 7 . 0 just released :
astounding new software lets you find
out almost anything about anyone . . .
download it right now ( no charge card needed ) :
for the brand - new version 7 . 0 , click here :
http : / / lv 724 super . supereva . it / gen . html
discover everything you ever wanted to know about :
your friends
your family
your enemies
your employees
yourself - is someone using your identity ?
even your boss !
did you know you can search for anyone , anytime ,
anywhere , right on the internet ?
download this software right now - - click here :
http : / / lv 724 super . supereva . it / gen . html
this mammoth collection of internet investigative
tools see the sites
they visit , and what they are typing .
- explore secret web sites that conventional
search engines have never found .
for the brand - new version 7 . 0 , click here :
http : / / lv 724 super . supereva . it / gen . html
= = > discover little - known ways to make untraceable
phone calls .
= = > check adoption records ; locate missing children
or relatives .
= = > dig up information on your friends , neighbors ,
or boss !
= = > discover employment opportunities from around
the world !
= = > locate transcripts and court orders from all
50 states .
= = > cloak your email so your true address can ' t
be discovered .
= = > find out how much alimony your neighbor is paying .
= = > discover how to check your phones for wiretaps .
= = > or check yourself out , and you will be shocked at
what you find ! !
these are only a few things you can do , there
is no limit to the power of this software ! !
to download this software , and have it in less
than 5 minutes click on the url below to visit
our website ( new : no charge card needed ! )
http : / / lv 724 super . supereva . it / gen . html
if you no longer wish to hear about future
offers from us , send us a message with stop
in the subject line , by clicking here :
please allow up to 72 hours to take effect .
please do not include any correspondence in your
message to this automatic stop robot - - it will
not be read . all requests processed automatically .
[ : kj ) _ 8 j 7 bjk 9 ^ "" : } h & * tgo ]",spam,2002-07-24
8238,mgmt 656 ( rice university ),"here are your rosters for mgmt 656 . let me know if you need a list of
e - mail addresses as well . i will update you as student schedules change .
- pam
( 713 - 348 - 6223 )
- 656 . doc",ham,2001-01-17
24197,hit the hotspots,"best
prices always
experience this potent
pheromone formula that helps
men and women attract members of the opposite sex
click here to learn more :
ever wonder why some people are always surrounded by members
of the opposite sex ?
now you
can . . . . . . . . . . . . . . . . . . .
* attract
members of the opposite sex instantly
*
enhance your present relationship
* meet new people easily
* give yourself that additional edge
* have people drawn to you , they won ' t even know why
here to visit our website
read what major news organisations are saying about pheromones !
delete
",spam,2002-05-18
9194,re : fw : mtg . scheduled,"frank ,
regarding simulating power prices in var we might discuss the following items
and show some results :
1 . clustering for power :
- clustering based on historical prices and correlations from them ;
- geographical clustering ;
- flexibility in choosing "" core curves "" ( based on position size ) ;
2 . jump - diffusion process for intramonth and prompt month :
- parameter estimation from historical data ( do we want to use it ? )
- working out parameters ( jumps frequency , jump size ) as stress scenarios ;
3 . correlations within a cluster and across clusters .
4 . changing correlations estimations ( using fixed contact ' time series ) .
5 . joint estimation of factors for selected regions .
let me know what you think should be in the agenda for this meeting .
regards ,
tanya
from : frank hayden / enron @ enronxgate on 04 / 18 / 2001 03 : 43 pm
to : tanya tamarchenko / hou / ect @ ect
cc :
subject : fw : mtg . scheduled
if you want , i welcome your help in putting together an agenda .
frank
- - - - - original message - - - - -
from : black , tamara jae
sent : wednesday , april 18 , 2001 3 : 32 pm
to : presto , kevin ; davis , mark dana ; sturm , fletcher ; herndon , rogers ; gilbert - smith , doug ; white , stacey ; kaminski , vince ; andrews , naveen ; belden , tim ; gorny , vladimir ; davenport , lacrecia
cc : hayden , frank
subject : mtg . scheduled
please mark your calendar for a meeting with :
frank hayden
reg . value @ risk
april 26 th
3 - 4 pm
rm 3125 b
thanks
tjae black
x 35800",ham,2001-04-23
22848,mid - year 2000 performance feedback,"- - - - - - - - - - - - - - - - - - - - - - forwarded by steve beck / hou / ees on 05 / 18 / 2000 10 : 10 am
- - - - - - - - - - - - - - - - - - - - - - - - - - -
"" perfmgmt @ ect . enron . com "" < perfmgmt on 05 / 17 / 2000 07 : 54 : 05 pm
to : sbeck @ enron . com
cc :
subject : mid - year 2000 performance feedback
note : you will receive this message each time you are selected as a reviewer .
you have been selected to participate in the mid - year 2000 performance
management process by providing meaningful feedback on specific employee ( s )
that have been identified for you . your feedback plays an important role in
the performance management process , and your participation is very critical
to the success of enron ' s performance management goals .
please provide feedback on the employee ( s ) listed below by accessing the
performance management system ( pep ) and completing an online feedback form as
described in the "" performance management quick reference guide "" . you may
begin your feedback input immediately . please have all feedback forms
completed by the date noted below .
if you have any questions regarding pep or your responsibility in the
process , please call the pep help desk at the following numbers :
in the u . s . : 1 - 713 - 853 - 4777 , option 4
in europe : 44 - 207 - 783 - 4040 , option 4
in canada : 1 - 403 - 974 - 6724 ( canada employees only )
or e - mail your questions to : perfmgmt @ enron . com
thank you for your participation in this important process .
the following list of employees is a cumulative list of all feedback
requests , by operating company , that have an "" open "" feedback status . an
employee ' s name will no longer appear once you have completed the feedback
form and select the "" submit "" button in pep .
review group : enron
feedback due date : jun 09 , 2000
employee name supervisor name date selected
- - - - - - - - - - - - - - - - - - - - - - - - - - - - - - - - - - - - - - - - -
melodick , kimberly a cindy l skinner may 15 , 2000
villarreal , norma e cindy l skinner may 15 , 2000",ham,2000-05-18
32760,"claims , or demands for p a y m e n t can be answered lawfully","with the average household having 14 cards , its reasonable that cards
balance elimination is a big concern for most families .
for the rest of the story about destroying debt , visit us here
http : / / s . c . maxproductinfos . com / a 2 /
in the past few years , we ' ve helped many folks , just like you , to lawfully
and morally "" unload "" , terminate , "" zero - out "" and cancel milions of $ $ in
cards obligations . if you ' ve been looking for a way out of these
obligations , you ' ll discover facts very few americans know , knowledge you
can use to start canceling your cc obligations !
not now , then the post office address is listed in link
he was just falling asleep when a tremendous din and clatter nearly
deafened him , and set the whole tower trembling . it was the midnight chime
rob clutched his ears tightly , and when the vibrations had died away
descended by the ladder to a lower platform .",spam,2005-05-07
5155,this was the one recommended to me,"finally !
i have always worried about the size of my penis . when i have sex ,
even though she says that the sex is good , i know that what she really
wants is an extra inch !
3 months ago i found the extender . i just put it on whilst i ' m driving
the car and when i ' m sleeping . it stays hidden under my clothes and it
is really surprisingly comfortable and soft .
i could tell that my penis was getting longer and heavier , but i
thought that when i took it back off i would shrink back to original
size . i was really surprised !
i have been 4 . 5 long since adolescence
when i took off the extender i was measuring 6 . 5
after not wearing the extender for a week , i am still 6 long !
the lengthening is permanent !
i could not believe the results of this device . i am back to wearing it
again and i ' m still getting larger ! my girlfriend says it is the best
product i ' ve ever bought , and she always reminds me to put it on if i
forget !
take a peek . . . we know it works . there ' s a total guarantee with it , too . if
you are not completely satisfied with your length gain and comfort you get your
money back . every penny . no - one sends them back !
the extender correct the curve of the penis too , straightening out sharp bends
as new cells grow !
check it out
",spam,2005-09-01
9992,free lancer eventos,"free lancer eventos
servi?o profissional na ?rea de promo??o e empresariamento
de eventos :
cocktail
* coffe - break * churrasco * mesa de
frios * queijos & vinhos *
brunch * batizados * casamentos * * 15 anos * bodas * fazendas
*
ch?caras * s?tios * *
feiras * conven??es * eventos em geral . *
temos
tamb?m encomendas de salgados , bolos , doces e
aluguel de material em geral .
contrata??o
de profissionais :
* gar?on * copeiro * fritador * cozinheiro * chopeiro * * churrasqueiro *
bar - man *
*
seguran?a e recepcionista *
fazemos
toda a ?rea do rio e grande rio ou outros estados , se assim
desejar .
temos bons profissionais
para fazer de sua festa um
momento inesquec?vel de prazer e alegria .
para
qualquer esclarecimento :
tel . : 21 2573 . 6864 / 2270 . 5260 /
9419 . 4970
fax no . 21 - 2260 . 8466
e - mail : freelancereventos @ globo . com
* * empresa
inscrita no sicaf * *
",spam,2005-06-21
7885,stephen bennett,"norma ,
i fully concur . what can we do about it ? can we change the job classification
retroactively ?
vince
- - - - - - - - - - - - - - - - - - - - - - forwarded by vince j kaminski / hou / ect on 12 / 12 / 2000
02 : 41 pm - - - - - - - - - - - - - - - - - - - - - - - - - - -
from : mike a roberts 12 / 09 / 2000 10 : 33 am
to : vince j kaminski / hou / ect @ ect
cc :
subject : stephen bennett
stephen bennett , professional meteorologist , was hired into the research
group in september of this year as a specialist based on salary alignment
criteria . in retrospect , and upon review , he should have been hired on as a
senior specialist .
after coming on board . it rapidly became apparent that stephen was clearly an
"" under hire . "" he is well - deserving of an immediate promotion ( really more of
a correction ) and pay raise , to be made retroactive at least to the lst of
this month . this memo outlines the circumstances surrounding this hiring
error and provides detailed justifications for this retroactive "" promotion . ""
at the time of the interview process , there was no position in enron
designated as "" professional meteorologist . "" in fact , the most recent similar
hire prior to that date was jose marquez , also a professional meteorologist ,
who was hired in , based on salary alignment criteria , as a manager . while
functionally , both these men are meteorologists , enron has no such job
classification . compounded by the urgency in bringing on additional
professional expertise in short time order , it was difficult to peg the
proper enron classification appropriate for this new position . this original
uncertainty and resulting misplacement of stephen into the specialist
category , rather than the senior specialist category , needs to be corrected
at this time .
although a "" new - hire "" to enron , stephen bennett has extensive work
experience . he has worked as a professional meteorologist at both the
weather services corporation in boston and at the weather channel in
atlanta . he came to enron well - referenced by both those organizations ,
needing no further training and only minimal supervision .
once aboard here in houston , stephen immediately demonstrated the core enron
values with our unique sense of urgency . after only a week , he assumed
responsibilities normally reserved for someone actually at even a manager
level - he was assigned and fully took over the critical afternoon weather
briefings to the gas traders . this includes analysis and report preparation
as well as presentation . also in the presentation arena , he now regularly
briefs various desks in the morning and throughout the day . stephen is a
master of communication and particularly adept at conveying what through
other messengers might otherwise seem confusing or ambiguous .
stephen has also demonstrated an unusually high level of self - initiative . he
designed , implemented , and now maintains several sub - sites on the research
web page which he tailored to various customers - in specific : the weather
derivatives team , the agricultural team , and most recently , the crude and
liquids team . i have recently assigned stephen to spearhead our conversion
and major upgrade of this web page .
these above described accomplishments are above and beyond stephen  , s regular
duties which include starting work at 5 am daily , reliably and without fail ,
to assemble and prepare our trader  , s weather report . recently , with the
advent of extended hours for both nymex and enrononline , stephen voluntarily
on his own accord , assists in our new sunday weather support effort . as his
supervisor , fully cognizant of his already standard 50 + hour work week , i do
not solicit , but readily accept , this above and beyond expectations
assistance .
in review , the circumstance which resulted in this under hire condition was
enron  , s immediate need for a non - standard , fairly unique professional - a
meteorologist , coupled with stephen  , s desire to work for our company in spite
of the absence of a hierarchy which included the exact entitled professional
title reflecting his chosen career path . . once hired , stephen has clearly
demonstrated through contribution and performance that he is well - deserving
of this immediate and retroactive promotion .",ham,2000-12-12
10092,"reach 100 , 000 brokers charset = windows - 1252 "" >","dear industry professional ,
the importance of the
internet and the opportunities it can afford a company are unparalleled in
the year 2005 and beyond . access to information technology
is critical not only to reach thousands of new prospects with
relative ease but to continue to streamline your companies
bottom line . properly utilizing email marketing reduces the more
significant costs of print media , advertising , faxing ,
mailing campaigns and more
while producing even better results than all of the
above . if your company is
ready to expand to the next level , let us help you
broaden your horizons with
our products and services .
we have been providing email
marketing and other services since 2001 . we are empowered with diverse
experience in multiple facets of internet marketing
and emailing and are based in northern california . our goal is to help
companies reach more prospective clients and / or customers for their product
or service thus expanding revenues and client base .
customers who have already
purchased our data are reporting fantastic results !
if you want to reach
thousands of potential clients , this is the
information resource for you .
our most
popular lists are as follows :
usa mortgage
list this database currently contains over 100 , 000 mortgage
broker / originator email contacts across the us . purchase all records for
only $ 1450 . 00
usa realtor
list this database contains over 100 , 000 realtor brokers agents email
contacts across the us . purchase all records for only $
1450 . 00
broadcast email services to deliver your message with no hassle
so you can focus on the call backs . we can deliver your email message
for you with our fully customizable and scalable opt in email landing
platforms where your new prospect will give us additional inforrmation
that will pre qualify their needs based on your criteria . your hot
prospects will be forwarded to you in real
time . for a limited time we are providing free email blasts to
new customers . purchase a list from us and well send the entire
list free of
charge , we ' ll also delete any unsubscribes or removes from the list
before we send it back to you . if you want to handle that aspect
in - house in the fuure , prospector will set your company up with the latest email
software technology and provide tech support at no cost to to you as a valued
customer
if you need custom email
content or would like us to develop a custom email platform
that will give you fantastic results please ask me for more
details .
our lists are consistently
updated with new names to keep them fresh . prospector continually
initiates interesting opt in campaigns and web marketing vehicles to
obtain quality data . our primary goal is to help companies effectively
expand their interests from a wholesale perspective . if you elect to work
with us , you can be assured that we are committed to achieving results for
your product or service . please let me know if you have any questions
about what we have to offer .
prospector communications
wants your email campaign to be a success .
sincerely ,
matt
clark prspctl @ cyberverse . com
prospector
communications www . goldleads . net
to unsubscribe email prspctl @ cyberverse . com with
unsubscribe in the subject
field
mortgage leads
real estate leads
email marketing made easy
",spam,2005-06-23
27271,delivery status notification ( failure ),"this is an automatically generated delivery status notification .
delivery to the following recipients failed .
info @ simplythankyou . com",spam,2005-07-19
28053,enron university affairs,"enron public affairs has launched a new initiative : enron university
affairs . the overall mission of enron university affairs is to broaden the
depth and scope of our relationships with targeted universities through
building enron brand recognition on campuses , leveraging research exchanges
between enron and the academic community , and identifying commercial
opportunities for enron . this initiative should also further enron  , s efforts
to hire and retain the world  , s most innovative employees .
leading this initiative are christie patrick , vice president , mike rosen ,
director and cindy derecskey , in conjunction with her position as public
affairs coordinator will also work with the university affairs team .
please join me in congratulating christie , mike and cindy on their new
responsibilities .",ham,2000-10-06
28505,el paso open season results / more stuff,"i ' ve been provided a bootleg copy of the results of the el paso open season . here ' s the most interesting thing . . . el paso waived its right of first refusal under the one year deal done last year , and participated with everyone else in the open season . accordingly , they were allocated capacity along with everyone else . remember , all these deals were [ supposedly ] done at epng ' s max rates . there were approx . 30 successful bidders , and their bids were for various term lengths . here are the more significant awards :
burlington - 7 , 000
ceg energy options - 37 , 800
coral - 15 , 000
duke - 212 , 000
dynegy - 56 , 500
el paso merchant - 277 , 000
ena - 254 , 000
mgi supply ( pemex ) - 38 , 000
oxy - 19 , 000
pg & e ( et al . ) - 151 , 000
smud - 10 , 000
sempra trading - 6 , 500
socal - 19 , 000
texaco - 58 , 500
williams - 11 , 500
here ' s the other epng news flash . . . apparently , epng is telling shippers to be on the lookout for an announcement next week of another open season to guage shippers interest in a major expansion of its system . i ' m assuming at this point this project will include the all american pipeline asset .
i ' m also now told that the kern river expansion may be much larger than what we were led to believe a couple of weeks ago . we heard earlier that they were looking at doing a 500 mmcf / d expansion that would include the 124 mmcf / d expansion already sold . new information suggests that the 500 mmcf / d expansion may be significantly understated , and volumes may approach 700 - 800 mmcf / d . the expansion would include not only compression , but would involve additional pipe , and would not be rolled into existing rates , but would be an incrementally priced project .",ham,2001-02-23
11321,re : on a plane,"louise :
fyi . one would hope that , statistically speaking , i ' m in the clear for a while .
best regards - max
- - - - - forwarded by max yzaguirre / na / enron on 03 / 28 / 2001 06 : 15 pm - - - - -
andy zipper / enron @ enronxgate 03 / 28 / 2001 05 : 42 pm to : max yzaguirre / na / enron @ enron cc : subject : re : on a plane
max ,
i would find it doubtful that that the flight crew would test the aircraft in such a fashion , during a scheduled flight with pax aboard . anytime there is a problem with flight control that is very serious . i ' m glad they seemed to have handled the situation . it probably was not a vor problem but more likely a flight control problem i . e . control surfaces , rudder , ailerons . the vor fail message could have been due to a power down of the avionics consistent with a post emergency - landing procedure .
i have a commercial pilot certificate and have done some charter work . in addition i ' ve flown a 757 in the simulator at united and know how many back ups those things have . they are very redundant .
i ' m really glad everything turned out okay .
all the best ,
andy
- - - - - original message - - - - -
from : yzaguirre , max
sent : wednesday , march 28 , 2001 5 : 20 pm
to : zipper , andy
subject : re : on a plane
andy :
i was actually the person to whom this happened . i was on an aeromexico flight yesterday from mexico city to monterrey . within minutes after leaving mexico city the plane started to hump up and down and then started fishtailing . it is unclear whether this was something the pilot was doing to test the plane or not . we quickly circled back to mexico city , but came in very , very low on our approach ( and seemed to be losing speed ) .
in any event , as i was exiting the plane , i looked into the cockpit and saw the message "" vor 2 fail "" on the center display . being an admitted greenhorn at these things , i didn ' t know what else to look for or where to look for it , so there may have been something i overlooked .
the crew was very short on details , but they appeared very rattled by all of this . one of the flight attendants told a fellow passenger who was complaining about being late that he should simply be thankful he was still alive . [ probably not what they teach in flight attendant school as the optimal response , but . . . . . . ]
in any event , i appreciate the info below and would appreciate any additional info this message may lead you to . i ' d love to know whether or not the adrenaline surge was warranted .
best regards - max
louise kitchen @ ect 03 / 28 / 2001 10 : 30 am to : max yzaguirre cc : subject : re : on a plane
- - - - - - - - - - - - - - - - - - - - - - forwarded by louise kitchen / hou / ect on 03 / 28 / 2001 10 : 29 am - - - - - - - - - - - - - - - - - - - - - - - - - - -
from : andy zipper / enron @ enronxgate on 03 / 28 / 2001 10 : 10 am
to : louise kitchen / hou / ect @ ect
cc : david forster / corp / enron @ enron
subject : re : on a plane
a vor is the standard instrument for navigating an aircraft under an ifr flight plan . it is the receiver that allows the plane to be flown on bearings from ground stations . if it were to fail there would be loads of backups , although if you are on a scheduled flight their operations manual would dictate that the flight be terminated as soon as practicable in the event any primary component , such as this were to fail . where were you that you were able to monitor the performance of this instrument ? the flight deck ?
az
- - - - - original message - - - - -
from : kitchen , louise
sent : wednesday , march 28 , 2001 9 : 15 am
to : zipper , andy ; forster , david
subject : on a plane
if it shows vor 2 failure - any idea what that is ? it was a 737 .",ham,2001-03-28
7647,good morning,"vince ,
attached you will find a draft "" thought document "" based on our
conversations yesterday . i think that it captures much of my
recollections . please edit it to your liking and pass it back to me . in
the next steps i have laid out a plan of action that should lead us to a
successful conclusion and a draft by christmas .
let me emphasize that this is a working document so feel free to modify it
in whatever ways you think appropriate ( don ' t be bashful - - i want us to get
this right ) .
have a great day .
your friend ,
john
- enroninterview . doc
john d . martin
carr p . collins chair in finance
finance department
baylor university
po box 98004
waco , tx 76798
254 - 710 - 4473 ( office )
254 - 710 - 1092 ( fax )
j _ martin @ baylor . edu
web : http : / / hsb . baylor . edu / html / martinj / home . html",ham,2000-11-15
7964,holiday gift,"thank you so much for your thoughtfulness . . . . this basket is absolutely
beautiful . . . . . thanks again for your thoughtfulness and for thinking of
me . . . . . .
you have a wonderful holiday . . . . . .
kay",ham,2000-12-19
3396,el paso merchant deal 637225,"i have not heard back from mike olsen on this . can you extend this deal for me ?
- - - - - - - - - - - - - - - - - - - - - - forwarded by megan parker / corp / enron on 07 / 20 / 2001 08 : 38 am - - - - - - - - - - - - - - - - - - - - - - - - - - -
from : megan parker 07 / 03 / 2001 11 : 28 am
to : michael olsen / na / enron
cc :
subject : el paso merchant deal 637225
mike :
i need to have deal 637225 extended to include april and may 2001 . the allocations we received from el paso show that hplc sold gas to them at meter 6884 for both months . let me know if you have any questions .
thanks ,
megan
x 5 - 7480",ham,2001-07-20
21549,level 2 top market performers,"now that oil and gas has entered a long - term buil market ,
our speciaity in pinpointing the hottest companies of the few remaining
undervaiued energy plays has produced soaring returns .
montana oi | and gas , inc . ( mogi ) to expiore further opportunities in alberta canada , a is an energy developer in canada ' s most highiy coveted reservoirs with generating potential of millions per week
symbo | - mogi
price - . 47
increased 11 % | ast three day ,
rating - strongbuy
how much it wiil up again ?
the value of mogi ' s shares wi | | skyrocket :
1 . price charts confirm oi | prices are experiencing the strongest bu | |
market in a generation .
2 . natural gas prices have tripied in the last two years .
3 . with muitipie projects in high - gear and the expanding production on
reserves worth muiti - miilions , mogi is selling for less than 1 / 4 the
value of its assets .
4 . montana oil and gas specializes in using new technoiogy to turn
unproductive oi | and gas deposits into profitable enterprises .
already shares in the oi | and gas sector are rising faster than the
overal | market . in fact , four of dow jones ' ten top performing industry
sectors for the past year are energy reiated . but it ' s in the mid - sized
expiorers and developers | ike montana oil ( mogi ) that the biggest gains are being made . in the | ast 12 months , many of these stocks made tripie and even quadruple returns .
vancouver , march 11 , 2005 - ( mogi ) president peter sanders would like to announce that a decision has been made to expiore further opportunities in the aiberta canada region where the company currently has interests in three projects . the company has become aware of existing opportunities to partner in , or acquire leases , which may include producing welis and or expioratory programs which wil | strengthen montana  s position with energy , cash oriented investment banking groups .
one of the most effective ways to acquire financia | partners for driiling programs invoives existing production of oi | and or gas in these programs . this wil | significantiy | essens the risk for the investment group , hence encouraging financial participation as wel | as speeding up the process of commitment by the investment group .
the sylvan | ake project will begin very shortly the company and its partners have secured a driiling rig and are only waiting for a temporary road ban to be lifted . the rig is currentiy sitting in red deer aiberta a mere 30 miies from syivan lake . the initial well is a 7 , 2 oo - foot peskisko sand test that is prospective for oil and gas . it is expected to take approximateiy 10 to 12 days to dril | and test the initia | we | | . each deveiopment wel | has probabie production of 150 barreis of oil per day and 750 miliion cubic feet gas per day with reserves in excess of 1 biilion cubic feet gas and 3 oo , ooo barreis of oil . there are four other pay zones that are prospective for gas . the average wel | in the syivan lake fieid has produced 5 oo barrels of oi | per day with over one million cubic feet of gas per day . if successfu | , the company intends to driil up to 4 more weils on these | and sections . for more detaiied information on this project please see news reiease dated feb . 7 th , 2005 . an announcement wil | be made immediately upon the commencement of driliing .
the company is aiso pleased to report that the tie in of its west lock project did start severa | days ago and it is anticitaped that this wil | be complete some time in the next couple of days . peter sanders notes  the completion and tie in of the west lock project has ran into numerous deiays , however , this we | | wiil be tied in and the company wil | be seiling gas by next week thus generating cash flow for the company  the company wil | update its shareholders when it has heard from its partner in regards to completion .
wiil mogi explode higher as more and more investors become aware of the
stock ? if you think so , you may not want to wait unti | it is too late .
remember , timing your trade is critical .
good luck and successful trading .
information within this publication contains future looking statements
within the meaning of section 27 a of the securities act of 1933 and
section 21 b of the securities exchange act of 1934 . any statements thatexpress or involve discussions with respect to predictions ,
expectations , beiiefs , plans , projections , objectives , goals , assumptions or futureevents or performance are not statements of historical fact and may be future | ooking statements . future | ooking statements are based on expectations , estimates and projections at the time the statements are made that invoive a number of risks and uncertainties which could cause actua | resuits or events to differ materialiy from those presently anticipated . future looking statements in this action may be identified through the use of words such as projects , foresee , expects , wiil , anticipates , estimates , believes , understands or that by statements indicating certain actions may , couid , or might occur . these future - looking statements are based on information currently availabie and are subject to a number of risks , uncertainties and other factors that could cause mogi  s actua | results , performance , prospects or opportunities to differ materiaily from those expressed in , or impiied by , these future - | ooking statements . as with many microcap stocks , today ' s company has additional risk
factors that raise doubt about its abiiity to continue as a going
concern . these risks , uncertainties and other factors include , without
limitation , the company ' s growth expectations and ongoing funding
requirements , and specificaliy , the company ' s growth prospects with
scaiabie customers . other risks include the company ' s | imited operating history , the company ' s history of operating losses , consumers ' acceptance , the company ' s use of | icensed technologies , risk of increased competition , the potential need for additional financing , the conditions and terms of any financing that is consummated , the | imited trading market for the company ' s securities , the possibie voiatility of the company ' s stock price , the concentration of ownership , and the potentia | fiuctuation in the company ' s operating resuits . the pubiisher of this report does not represent that the information contained in this message states all materia | facts or does not omit a materia | fact necessary to make the statements therein not misieading . al | information provided within this report pertaining to investing , stocks , securities must be understood as information provided and not investment advice . the publisher of this newsietter advises ail readers and subscribers to seek advice from a registered professiona | securities representative before deciding to trade in stocks featured within this report . none of the material within this report shal | be construed as any kind of investment advice or soiicitation . many of these companies are on the verge of bankruptcy . you can | ose ail your money by investing in this stock . the publisher of this report is not a registered investment expert . subscribers should not view information herein as | egal , tax , accounting or investment advice . any reference to past performance ( s ) of companies are speciaily seiected to be referenced based on the favorable performance of these companies . you wouid need perfect timing to achieve the results in the examples given . there can be no assurance of that happening . remember , as always , past performance is not indicative of future results and a thorough due diiigence effort , including a review of a company ' s filings at sec gov or edgar - oniine com when avaiiable , should be compieted prior to investing .
ail factua | information in this report was gathered from pubiic sources , inciuding but not limited to company websites and company press
reieases . the pubiisher discloses the receipt of fifteen thousand
do | | ars from a third party , not an officer , director , or affiiiate sharehoider ofthe company for the preparation of this oniine report . be aware of aninherent confiict of interest resuiting from such compensation due to the fact that this is a paid publication . the publisher of this report believes this information to be reiiabie but can make no assurance as to its accuracy or completeness . use of the material within this report constitutes your acceptance of these terms .
if you wish to stop future maiiings , or if you fee | you have been
wrongfu | | y piaced in our membership , piease go here or send a biank
e mai | with no thanks in the subject to ( - stock 31 @ yahoo . com - )
",spam,2005-03-18
5128,small - cap preview,"advantage capital development corp ( avcp )
a business development company , which operates specifically to meet the
needs of small and emerging companies that need capital to grow .
current price : 0 . 175
will it continue to grow higher ?
please view exactly what the company does .
watch this of trade all week it should be a exciting one !
hot press release : advantage capital development corp
advantage capital development corp . portfolio company pays down senior
secured debentureaug . 17 , 2005 - - advantage capital development corp . announced today
that one of its portfolio companies , global it holdings inc . , has reduced
its debt to the company with a recent payment of $ 250 , 000 against its
senior secured debenture .
advantage capital development corp . recently increased its stake in
global it holdings from 15 to 22 1 / 2 percent . global recently completed a
merger with high road international , inc . in accordance with the
transaction the new public entity is now named global it holdings , inc .
global it holdings , inc . now owns eighty - five ( 85 % ) percent of all of the
fully diluted shares of the pink sheet company . the company now trades
under the symbol .
we are very pleased with our investment in global , said jeffrey
sternberg , president and ceo advantage capital development corp . they ' ve
leveraged our relationship to its fullest extent and utilize our funding
to enhance their growth strategies .
according to sternberg , global is pursuing a growth strategy and is
currently at various stages of negotiations with four possible
acquisitions in the it staffing industry .
through its subsidiaries platinum it consulting and parker clark data
processing , global it holdings is managing its internal growth while
actively seeking out acquisitions that are compatible with its core
business , sternberg said .
platinum it consulting and its associated company , parker clark data
processing have served the new york and new jersey markets for 25 years
and have combined annual revenues in excess of $ 5 million .
according to the american staff association , u . s . annual sales for
temporary help totaled $ 63 . 3 billion in 2004 , nearly on par with the
industry ' s sales peak in 2000 and 12 . 5 % more than 2003 . according to the
association , for the past three decades the industry has grown at a rate of
10 percent a year and additionally , ninety percent of u . s . companies
use temporary staffing services .
about advantage capital development corp .
advantage capital is a business development company , which operates
specifically to meet the needs of small and emerging companies that need
capital to grow . business development companies , as defined under the
investment act of 1940 , are specifically designed to encourage the growth
of small businesses . the rules provide certain financing advantages for
companies that invest in small and emerging businesses . as a result ,
this will include investing in both public and private entities using
certain types of debt and equity financing not normally available to other
public companies .
conclusion :
the examples above show the awesome , earning potential of little known
companies that explode onto investors - radar screens ; many of you are
already familiar with this . is avcp poised and positioned to do that
for you ? then you may feel the time has come to act . . . and please watch
this one trade thursday and all week ! go avcp .
_ _ _ _ _ _ _ _ _ _ _ _ _ _ _ _ _ _ _ _ _ _ _ _ _ _ _ _ _ _ _ _ _ _ _ _
penny - stocks are considered highly speculative and may be unsuitable
for all but very aggressive - investors . this profile is not in any way
affiliated with the featured company . we were compensated
3000 - dollarsto distribute this report . this report is for entertainment and
advertising purposes only and should not be used as investm 3 nt - advice .
if you wish to stop future mailings , or if you feel you have been
wrongfully placed in our membership , send a blank e mail
with no - thanks in the subject to noth 4 nkso 0 @ yahoo . com
",spam,2005-08-18
15590,"make home improvements , or take - cash out","november update :
further drop ! rates starting at 3 . 25 %
fixed your mortgage process is pre - approved
please use our secure site to fill - out your application .
visit us at : http : / / www . . net / x / loan . php ? id = sas
thank you ,
shari berg
",spam,2004-12-23
21789,cheap pharmacy sv,"would you want new overseas drugs ? http : / / www . sjox . com /
",spam,2005-04-24
27503,test this impotence treatment,"hello ,
did you ever have the feeling that you aren ' t enough , that your
woman demands more from you than you can give her ? isn ' t the
worst feeling ever the feeling you get when you ' re getting ready
for sex and you won ' t get it up ?
this is not an uncommon problem , 50 % of all males sometimes have
these problems . we sell products that help you get rid of these
issues . we guarantee that you will be satisfied .
your order is totally private , no one will find out . the package
is shipped in a discreet packaging .
imagine the smile of your woman when she notices what has
happened to you ! don ' t wait !
* save up to 80 % compared to the pharmacies .
* worldwide shipping
* impress your woman today !
go here : http : / / tabboulehs . net / special /
world rx direct can bring you quality generic drugs for a
fraction of the cost of the expensive brand name equivalents .
order our tadalafil pills today and save 80 % . we ship worldwide ,
and currently supply to over 1 million customers globally ! we
always strive to bring you the cheapest prices .
no thanks : http : / / tabboulehs . net / rr . php",spam,2005-07-20
30610,watch your safetyglenna,"portuguese all occurring software wilkie listing parochial here ! ! !
ms plus ! 98 . . . . . . . . . . . . . our price : $ 40 . 00
encarta encyclopedia deluxe 2002 . . . . . . . . . . . . . our price : $ 40 . 00
corel draw graphics suite 12 . . . . . . . . . . our price : $ 50 . 00
microsoft visual studio . net architect edition . . . . . . . our price : $ 120 . 00
norton antivirus corporate edition 2003 . . . . . . . . our price : $ 40 . 00
. . and . . . more . . . cheap . . . software . . .
wipe more syllabi software borg listing annal here http : / / ezyvb . mcmcgnhh . info / ? s 5 oxustbtqzvcgsvamz
nightdress differentiate septic loft bursitis octennial obedient quipping rift well team kapok delft metallurgic forceful anthropology hydrochloride somber salesperson ellipsoidal yarmouth fossiliferous geodetic inhalation coralline stupor sneeze alien humus bluff appleby diffract
sanitary compagnie indistinguishable allis zucchini trick heath agamemnon newsmen sob appropriate interrupt mercer competition wiretapper stillwater lexicography picayune topnotch wedge stamen bloch precocity vouchsafe
steward successor flotation arrogant madman divergent prurient heinrich durable ramble homily carbine herself screwball carbonaceous floodlit controversial buttock coeducation
sorcery hour flagstone contemporaneous balm culpable runic massey
",spam,2004-11-29
21145,canon - printers / copiers / scanners,"printers / copiers / scanners
please
' call ' for all your
requirements .
printers
scanners
all - in - one
ink laser
flatbed
printer / scanner /
copier
visit : http : / / www . computron - me . com for deals !
your one stop distributorjebel ali duty free zonedubai , uae . www . computron - me . com
for latest clearance sale listing contact our
sales department .
for further details please send
your enquiries to : dealers @ emirates . net . aeor contact via www . computron - me . com
compaq
hewlett packard
3 com
dell
intel
iomega
epson
aopen
creative
toshiba
apc
cisco
us
robotics
microsoft
canon
intellinet
targus
viewsonic
ibm
sony
- - - - - - - and lots more
! ! !
if you have any
complaints / suggestions contact : customerservice @ computron - me . com
tel + 971 4
8834464
all prices in u . s . dollars , ex - works ,
fax + 971 4
8834454
jebel ali duty free zone
www . computron - me . com
prices and availability subject to change without
notice .
usa -
canada u . a . e .
to receive our special offers
in plain
text format reply to this
mail with the request * for
export only *
this
email can not be considered spam as long as we include : contact
information remove instructions . this message is intended for dealer
and resellers only . if you have somehow gotten on this list in error , or
for any other reason would like to be removed , please reply with "" remove
"" in the subject line of your message . this message is being sent to you
in compliance with the federal legislation for commercial e - mail
( h . r . 4176 - section 101 paragraph ( e ) ( 1 ) ( a ) and bill s . 1618 title iii
passed by the 105 th u . s . congress .
all logos and
trademarks are the property of their respective
owners
products may not be exactly as shown
above
- -
to unsubscribe from : computron 6 , just follow this link :
click the link , or copy and paste the address into your browser .",spam,2005-02-02
21178,ceat on your girl friend,"hey you . here we go . amazing online place too hook up with chics that want nothing more than a stiff one between their legs . basically they are looking to score some rod other than the rod they are currently scoring . help them out . you know how chics get when they want something new . they give it their all . and give it and give it and give it .
if this reached you and you don ' t want that to happen anymore ever again and you ' d like us to all go to hell then all you have to do is go to the online place that we have listed below and go there and we ' ll be permanently gone and will honor your request to have you taken from our stuff .
http : / / www . mortpronetwork . com / lat
we know that yoiu ' l enjoy this stuff but remember if you don ' t then simply let us kjnow and you ' ll be gone from our stuff pronto within the next 24 houurs . we hope that you have a very nice day too .
",spam,2005-02-06
30776,"category \ "" a \ "" grand prize winner","from : the lottery coordinator ,
international promotions / prize award department
dear recipient ,
results for category "" a "" draws
congratulations to you as we bring to your notice , the results of the first category draws of tripple wins international games . we are happy to inform you that you have emerged a winner under the first category , which is part of our promotional draws . the draws were held prior to your notification .
participants were selected through a computer ballot system drawn from 2 , 500 , 000 names / email addresses of individuals and companies from africa , america , asia , australia , europe , middle east , and oceania as part of our international promotions program .
you / your company email id , attached to ticket number 6422 - 5 - 486 , with serial number 59 - 18 drew the lucky numbers 33 - 92 - 78 - 05 ( 18 ) and consequently won in the
first category .
you have therefore been awarded a lump sum pay out of $ 6 . 000 , 000 ( six million united state dollars ) each , which is the winning payout for category "" a "" winners . this is from the total prize money of $ 12 , 000 , 000 shared among the 2 winners in this category .
congratulations !
your fund is now deposited with our transfer agents cash change first securities inc uk , and insured in your name . in your best interest and also to avoid mix up of numbers and names of any kind , we request that you keep the entire details of your award strictly from public notice until the process of transferring your claims has been completed , and your funds remitted to your account . this is part of our security protocol to avoid double claiming or unscrupulous acts by participants / nonparticipants of this program .
we also wish to bring to your notice our end of year premium stakes draw where you stand a chance of winning up to $ 50 million ; we hope that with a part of your prize you will participate in it .
please contact your claims agent immediately for due processing and remittance of your prize money to a designated account of your choice :
mr . edward clapton
financial director ,
cash change first securities inc uk
tel : + 447040114122
fax : + 448701300896
email : finan _ direct 7 @ cashchangeukltd . net
you are advised to contact our agents by email and / or fax within a week of receiving this notice . failure to do so may warrant disqualification .
note : for easy reference and identification , find below your reference numbers . remember to quote these numbers in every one of your correspondence with your claims agent .
reference number : tga - 4 ga - 65389
congratulations once again from all our staff and thank you for being part of our promotional program .
sincerely ,
the lottery coordinator ,
tripple wins international games
jan luykenstraat 59
1071 cs amsterdam
the netherlands
n . b : any breach of confidentiality on the part of the winners will result to disqualification . please do not reply to this mail box . contact your claims agent immediately .
e - mail verzonden via modelsearch benelux
http : / / www . modelsearch . be",spam,2004-12-13
18841,,,spam,2004-05-04
7889,california on the brink - - cera alert,"cera alert : december 13 , 2000
title : california on the brink
cera knowledge areas : western energy , n . american power , n . american gas
california on the brink
the california stalemate
california moved closer to the brink of an outage today as concerns over
credit - worthiness of buyers brought the possibility that generators would
avoid selling to the california market . while numerous factors have
contributed to the high cost of power incurred by california ' s utilities , the
root cause of the current crisis is a lack of new generation . the current
credit crisis and its threat to supplies could spark state action to address
the situation . the collective efforts of all market participants should be
focused on increasing generation capacity as quickly as possible .
western power prices have skyrocketed well beyond the record levels set this
summer . perhaps because frozen rates insulate the majority of california
consumers and companies from tangible effects of the market crisis ,
regulators have been able to postpone meaningful market reforms and
significant rate increases . the california public utilities commission denied
the requests of pacific gas & electric and southern california edison to end
their rate freezes , forcing these utilities at least temporarily to finance
the costs of higher wholesale energy . this has created an unsustainable
accumulation of costs and a loss of faith in the california market .
the current credit crisis and the potential for blackouts may become the
galvanizing events that provide state regulators with a public mandate to
address the underlying structural problems in the industry . however , there is
no guarantee that these regulatory actions will expedite an effective
solution for customers and the industry as a whole . wholesale and retail
markets that emerge from regulatory intervention are likely to remain
muddled . in the necessarily political process that will follow , it is
possible that - as has largely been the case so far - the steps taken will fail
to move the california power market toward a more enduring solution and will
instead continue to mask the underlying structural flaws .
in the six months since california ' s supply shortfall began plaguing western
markets , regulators have done little to address the underlying problem .
rather than addressing the cause of the supply shortage - establishing a market
environment that encourages timely additions of new generating capacity and
demand side responses - efforts are instead directed at trying to lay blame for
the crisis and lessen the immediate financial impact on customers . indeed ,
several actions taken thus far have served more to compound the problem by
discouraging new power plant additions . these include price caps , repeated
changes to market rules , attempts to seize generator profits , and a
challenging siting and permitting process .
medicine worse than the illness
several years of electricity demand growth and low prices in california were
accompanied by very few additions to the supply base . regulators did not pay
adequate attention to the looming supply shortfall . the void of consensus
over the cause of the current crisis has instead been replaced by a series of
bandaid remedies that address the symptoms , but not the cause , of
california ' s electric market woes . *
* challenging siting and permitting . despite state action to better
coordinate the siting and permitting process for new power plants , power
plant developers still face high hurdles . local community opposition alone
has struck down some key proposed facilities .
* price caps discourage investment . state and federal proposals to cap prices
limit the attractiveness of the california wholesale power market , especially
for developers who have the option of channeling scarce capital and equipment
to more stable or more attractive markets outside the state .
* repeated rule changes . frequent rule changes in the iso markets ( including
the price caps ) confound attempts by developers to estimate profits from new
plant development .
* calls for refunds . despite reports by the power exchange , the iso , and the
ferc that no pattern of abuse could be found from their examination of the
california markets , state officials continue to accuse power providers of
gaming the market . calls by state officials for refunds of generator profits
are a threat to new plant development .
* facility inspections . recent inspections of power plants by state officials
to verify that operators are honestly reporting the operational status of
their generating units accentuates the atmosphere of mistrust .
cera ' s recent analysis suggests that merchant plant developers in the west
are not guaranteed ? to make a profit . prospects of new plant profitability
are affected by the timing and quantity of new plants , decommissioning of
older units , demand growth , and numerous other difficult - to - forecast factors .
california ' s regulatory actions only further cloud the assessment of
financial viability and degrade the political environment for developers
considering entering the state .
despite efforts by the california iso to stimulate new capacity additions in
the state with a special , limited - term capacity payment , cera estimates that
demand growth will continue to outstrip supply additions in the west in 2001 .
in addition , the existing siting and permitting process will prevent a
sufficient quantity of capacity from entering the market until 2003 at the
earliest . therefore , three years remain before a sufficient quantity of
capacity enters service to significantly dampen prices and decrease the risk
of an outage .
the road to recovery
there are a number of actions that can be taken to help relieve the capacity
shortfall :
* encourage new build . supply must be part of the answer . this requires a
series of steps that can help facilitate new supply build . while in principal
some have been taken , such as new fast track approval , the success of these
actions can only be measured by the build itself . for now , there is still not
enough new supply coming on until 2003 to relieve supply tightness . ?
* stabilize investment climate . utilities must have assurance that they will
ultimately be allowed to recover market costs for power . this provides the
credit worthiness needed by sellers to produce energy and to stimulate new
build .
* move toward more balanced utility supply portfolios . one of the reasons the
pressure on customers has been so intense in california has been the absence
( and even discouragement ) of diverse supply portfolios among the utilities in
the state - particularly for residential and small commercial customers . with
the market at a peak , however , now is in one sense a sub - optimal time to move
toward term contracting . yet these contracts provide the foundation for a
series of actions - including new supply build and demand side investments . if
they end up above market , they will at least have achieved the desired effect
of knocking down prices , a fact which by itself should provide sufficient
justification for recovering the cost of these commitments .
* encourage market mechanisms that elicit a demand response . although
originally a feature of california ' s market design , most consumers are
insulated from price spikes through capped or frozen retail rates . exposing
customers to at least some of the market price signals would encourage a
demand response .
* encourage market mechanisms that dampen the "" boom bust "" characteristic of
the market . whether in the form of a capacity payment , a reserve requirement ,
or a minimum term portfolio requirement , the california power market needs to
move to a structure that encourages investment in new capacity when the
market is in balance rather than waiting for a shortage and price shock to
elicit new investment . such a structure can help dampen ( but not eliminate )
future price volatility .
* avoid continuously tinkering with the market . while the market does need to
be restructured as described above , it also needs to be stable and reliable
to encourage the development of new supply as well as a robust long - term
contractual market for power in california . continually tinkering with the
market structure - such as the three times the price cap has been shifted since
july - only serves to undermine confidence in the market . california needs to
do its best to develop a long - term solution and then let the market run its
course .
* allow for greater environmental flexibility . the state should explore a
more balanced solution to emissions restrictions in the face of a supply
shortfall that has been exacerbated by generators that cannot operate due to
emissions restrictions .
* free purpa power plants to generate . relief should be granted to purpa
power plants that are operational , but are restricted by contract from
operating to generate only power .
* * end * *
this cera alert will be available in pdf format within 24 hours .
this electronic message and attachments , if any , contain information
from cambridge energy research associates , inc . ( cera ) which is
confidential and may be privileged . unauthorized disclosure , copying ,
distribution or use of the contents of this message or any attachments ,
in whole or in part , is strictly prohibited .
terms of use : http : / / www . cera . com / tos . html
questions / comments : webmaster @ cera . com
copyright 2000 . cambridge energy research associates",ham,2000-12-13
14244,re : newco regulatory list,"charles yeung and susan lindberg were not on your list yesterday and so they were let go . call me .
- - - - - original message - - - - -
from : kitchen , louise
sent : tuesday , december 04 , 2001 3 : 23 pm
to : kean , steven j . ; steffes , james d .
subject : newco regulatory list
regulatory
s . montovano - e . gas
j . dosovich - w . gas
c . nicolay - ferc
alan comnes west power
s . walton - e . power
j steffes
charles yeung ercot
susan lindberg
sarah novosel ferc
are all of these people still here ? we obviously hope so , as we would like them for newco",ham,2001-12-04
15220,re [ 1 ],how are you ? are you ? good idea . final fantasybut . . . in 1851,spam,2004-09-29
25265,you will never beleive in that . . .,"dear
don ' t quickly send in your trash can this message .
because it can bring you enough of joy
that you wouldn ' t afford to hope from these days .
click
here
miguelina
creole art online
info @ creoleart . com
www . creoleart . com
",spam,2005-06-22
30594,simple and quick,"go me met gas go of at we are
our uproot duck to is
me so we in do wos xl pe prof session pal
my so off rice xl pe prof session pal
pad robe photo as hope 8 . 0 / cs
macros media studio mx 2004
pad robe acrobat 6 . 0 prof session pal
north on internet security pro 2004
pad robe creative suite standart
mcafpree spa pm kilo let or 2004
quicken 2004 premier home
ahead nero 6 . 3 powerpack
quick books 2004 premier edition
winfax pro 10 . 03
pad robe illustrator
pad robe indesign
mcpafpee perm son pal
find more . . .
why go me my as go of at we are is so chef ape ?
* go me my ( original equipment manufacturer ) which means that you will receive the installation cds only ( they do not come in their original retain let packing and do not include the manual )
contrastingly kazoo
* unique gas go of at we are download store off per us you hundreds of pro duck to items , easy and immediate download and incredibly low pre i ices for each application .
nevertheless hockey
* we are the authorized age ant and an established re as teller off per ping licensing as go of at we are .
ferguson abolishers
* we possesses all the necessary certificates issued to verify the authenticity of genuine pro duck test and granting the right for us to resell pro duck test .
archetype distasteful
* well come specialists and home computer users
check our quotes and be pleasantly amazed
bartend mysterious
guard granteed low best pride caes
copyright © go me my solutions let do . , 2001 - 2004 .
",spam,2004-11-27
26230,penis growth patches are here !,"penis enlargement breakthrough !
http : / / www . gretan . com / ss /
some of us are becoming the men we wanted to marry .
there is no path to peace . peace is the path .
to do anything less than your best is to sacrifice the gift .
a kind word never broke anyone ' s mouth .
the position of the artist is humble . he is essentially a channel .",spam,2005-07-01
24930,found a secret link adv,"do not reply to this message to be removed . for easy removal from this mail list
please click here http : / / teenie 4 free . com / remove
this email was sent to you because your email is part of a targeted
opt - in list . if you do not wish to receive further mailings from this offer ,
please click above and enter your email to remove your email from future offers .
beaton enterprises , 102 jefferson street , zegema beach , pa , 19104 215 - 828 - 5000
",spam,2002-09-19
31970,any medication - completely anonymous and private .,"faith is the vision of the heart it sees god in the dark as well as in the day .
when patterns are broken , new worlds can emerge . bait , you just found the
best and simpliest site for
pillulas on the net . no pr : - scription , easy
d 31 lvery .
private , secure , and easy . subungulate nonreviewable strangulatory .
gratitude is a duty which ought to be paid , but which none have a right to expect . parasol slidometer
we ` ve got
everything that you will ever want . moons antineutrinos .
erection treatment pllls ,
anti - depressant pllls , weight loss , and
covins mawkishnesses .
the reward of one ' s duty is the power to fulfill another . it is unfair to believe everything we hear about lawyers , some of it might not be true .
only high - quality stuff for low rates !
100 "" / . . moneyback guarantee !
humor is a whisper from the soul , imploring mind and body to relax , let go and be at peace again . the discontented man finds no easy chair .",spam,2005-02-27
24656,"protect your computer , you need systemworks 2002 ! 18638","attention :
this is a must for all computer users ! ! !
* new
- special package deal ! *
norton
systemworks 2002 software suite
- professional edition -
includes
six - yes 6 ! - feature - packed utilitiesall
for 1
special low
price !
this software will : - protect your
computer from unwanted and hazardous viruses - help secure your
private valuable information - allow you to transfer files
and send e - mails safely - backup your all your data quick and
easily - improve your pc ' s performance w / superior
integral diagnostics !
6
feature - packed utilities
1
great
price
a $ 300 + combined retail value
yours for only $ 29 . 99 !
includes
free shipping !
don ' t fall prey to destructive viruses
or hackers ! protect your computer and your valuable information
and
-
click here to order yours now ! -
click
here for more information
your
email address was obtained from an opt - in list . opt - in mrsa list
purchase code # 312 - 1 - 010 . if you wish to be unsubscribed
from this list , please click
here and press send to be removed . if you have previously unsubscribed
and are still receiving this message , you may email our spam
abuse control center . we do not condone spam in any shape or form .
thank you kindly for your cooperation .
",spam,2002-07-31
21114,review prescriptions express delivered to you,"hey ,
save a bundle on offshore drugs shipped discreetly directly to your
residence .
save over 70 % , no prior prescription required . worldwide deliveries in
discreet packaging . lowest prices on the internet .
cialis , vlagra , vaiium dozens more available .
",spam,2005-01-30
23002,associate & analyst prc update,"the prc process for the associate & analyst programs has been revised . the
office of the chairman , in conjunction with the heads of each operating
company , has established a prc committee for the associates and one for the
analysts . each committee will oversee the respective prc meetings . details
of the process are as follows :
i . prc committee members
associate prc committee
sally beck don w . black dan catagnola
paul chivers ed coats dave duran
bob hayes sean homes fred kelly
dick leibert sean long scott neal
ozzie pagan kevin presto brad richter
mark ruane jim steffes
analyst prc committee
dave bowers federico cerisoli ed coats
david crews brenda herod rogers herndon
ben jacoby steve jernigan william gehle
jay lewis ( james w ) paul mead mike norris
rockey storie jon thomsen emilio vicens
ii . meeting logistics
enron will hold eastern hemisphere associate and analyst prc meetings on july
17 th in london . the prc for the eastern hemisphere will include europe , india
and asia and will be chaired by john sherriff .
the western hemisphere associate and analyst prc meetings will be held on
july 19 th in houston . the prc for the western hemisphere will include south
america , calgary , portland , houston and australia ( houston administers it )
and will be chaired by joe sutton . the analyst prc will be conducted from
8 : 00 a . m . to 12 : 30 p . m . , and the associate prc will be conducted from 1 : 30
p . m . to 6 : 30 p . m .
iii . process
each prc representative has been randomly assigned 15 to 17 associates or
analysts that they will represent in the prc meeting . please note the prc
rep is not representing only those individuals who may work in his or her
specific opco but individuals that work throughout the organization . the prc
rep will continue to represent the assigned associates or analysts during
their entire tenure with the program .
the prc reps are expected to contact the prc supervisor and gather
performance information ( including pre - ratings if available ) .
the program will prepare a binder for each prc rep that includes consolidated
feedback from the pep system for their assigned associates or analysts and
will provide this to the prc representatives on july 7 th .
associates and analysts will be pre - rated by their business unit supervisor
using the six performance ratings ( superior - issues ) and the management
professional feedback form as detailed in the pep system . the pre - ratings
must be loaded into pep by july 6 th .
the associate and analyst ratings will be cross - calibrated by tenure at the
meeting as follows :
associates :
level 1 : 0 to 6 months
level 2 : 7 to 12 months
levels 3 & 4 will be reviewed together : 13 months + .
analysts :
level 1 : 0 to 6 months
level 2 : 7 to 12 months
level 3 : 13 to 24 months
level 4 and 5 will be reviewed together : 25 months +
the rating determined in the global cross calibration meeting is final , and
cannot be changed once the meeting has ended .
following the global associate and analyst prc , the associates  , and the
analysts  , supervisors will obtain the final rating from the prc
representative . the supervisors must ensure that an evaluation session is
conducted and the final rating is communicated to each associate and analyst
by september 15 th . the completed form must be signed by the associate or
analyst and returned to terry bosien in human resources by 9 / 18 / 00 .
iv . promotions
all promotions must be recommended in the prc .
associates are eligible for promotion to manager at their 18 and 24 month
anniversary .
timing . anniversaries that occur from april lst through september 30 th
should be recommended in the july prc and those that occur from october lst
through march 31 st should be recommended in the december prc . if the
promotion is granted it would become effective on the lst of the month
following the prc , or on the associate  , s anniversary date , whichever is later .
associates promoted after march 31 st for the july prc and after september
30 th for the december prc will be evaluated as associates for prc purposes ,
not as a manager ( i . e . an associate was promoted to manager effective april lst . in the july prc the individual should be evaluated as an associate not
as a manager ) .
2 nd year analysts are to be recommended for promotion to 3 rd year analysts
after completing the 2 nd year , utilizing the same timing criteria outlined
above ( i . e . , an analyst who completes the 2 nd year on september 30 th should
be recommended for promotion to 3 rd year analyst in the july prc ) .
3 rd year analysts may be recommended for promotion to associate after
completing the 3 rd year , utilizing the same timing criteria outlined above
( i . e . , an analyst who completes the 3 rd year on september 30 th should be
recommended for promotion to associate in the july prc ) .
please call terry bosien at 713 / 853 - 5230 or celeste roberts at 713 / 853 - 0555
if you have any questions .",ham,2000-06-26
9254,short term private firm model : static historical,"snapshot + performance data for model development
mike , scott , eric ,
after brainstorming and discussing further on data here , we think that our
final specifications for modelling data requirement need to be as follows :
we need bankrupt , default and nondefault ( which covers nonbankrupt ) accounts
with 4 quarterly observation snapshots and 12 months performance following
the latest snapshot . monthly performance indicator need to be available for
the entire 12 months performance period . we will need all the bankrupt and
default accounts and comparable sample of good accounts with weights .
for the purpose of model validation , we will need data with above specs
covering 16 months of performance . this means that we will need rolling ( 4
quarterly snapshots + 12 months performance ) data for 4 monthly shifts :
input snapshots performance
1999 march end , 1999 june end , 1999 september end , 1999 december end 12
month end performance for jan 2000 through dec 2000
1999 feb end , 1999 may end , 1999 august end , 1999 november end 12 month
end performance for dec 1999 through nov 2000
1999 jan end , 1999 apr end , 1999 july end , 1999 october end 12 month end
performance for nov 1999 through oct 2000
1998 december end , 1999 mar end , 1999 june end , 1999 september end 12
month end performance for oct 1999 through sep 2000
we will need bankruptcy chapterwise indicator , if available during the
performance period . our definition of default is either bankruptcy or 90 +
days delinquency on any trade credit .
we have also discussed the cost aspect and we think considering the big
picture , it makes sense to spend the extra amount to get the right data for
analysis .
please let me know your thoughts . this will require d & b to give us a
modified quote and we could possibly move forward quickly .
regards ,
amitava",ham,2001-04-26
6291,the neural network site,www . pfr . com / ptonline ? and username : june ? with password : ? ? trend : change,ham,2000-06-19
7481,re : interview with the enron research group,"you are quite welcome kin . we wish you the best in reaching your career
goals and we look forward to hearing from you in the future .
regards ,
shirley crenshaw
administrative coordinator
enron research group
"" kin tso "" on 11 / 01 / 2000 12 : 52 : 02 pm
to :
cc :
subject : re : interview with the enron research group
dear shirley ,
thank you so much for your email . after carefully considering my career
goals , i feel the associate program with a rotation in the enron
research group is a better fit . i am really interested in enron and i
would try to contact your colleagues in the associate program about this
issue before i schedule an interview with the enron research group . i
truly apologize for the inconvenience caused and i want to thank you
again for your kind assistance .
regards ,
kin tso
512 - 619 - 5323
- - - - - original message - - - - -
from : shirley . crenshaw @ enron . com
sent : tue 10 / 31 / 2000 12 : 16 pm
to : kin tso
cc : vince . j . kaminski @ enron . com ; stinson . gibner @ enron . com ;
zimin . lu @ enron . com ; tanya . tamarchenko @ enron . com ; molly . magee @ enron . com
subject : interview with the enron research group
good morning kin :
your resume was forwarded to the research group with enron north
america and they would like you to come in for an informal
interview
sometime next week . the following dates and times are available
within
our group . please let us know if either of these two dates fit
your
schedule .
monday , november 6 th :
8 : 00 am to 11 : 30 am
friday , november 10 th :
8 : 00 am to 11 : 30 am
since we prefer these interviews to begin at 8 : 00 am , it would
probably
be best if you came the night before , spent the night at a hotel
downtown
and then were able to be at the enron bldg by 8 : 00 am . please
let me
know if this is what you would like to do and we will make the
hotel
reservation .
i look forward to hearing from you .
best regards ,
shirley crenshaw
administrative coordinator
enron research group
713 - 853 - 5290
- winmail . dat",ham,2000-11-01
13398,fw : currency hedging,"- - - - - original message - - - - -
from : shankman , jeffrey a .
sent : monday , october 22 , 2001 1 : 29 pm
to : lavorato , john
subject : re : currency hedging
i don ' t have all the facts to agree or disagree . until john z has approval to trade currency , i wouldn ' t think you would want to go down this path . in addition , i ' m sure you know hegding currency this big and late of fridays is tough .
- - - - - original message - - - - -
from : lavorato , john
sent : monday , october 22 , 2001 11 : 50 am
to : shankman , jeffrey a .
subject : fw : currency hedging
by the way , i agree with zufferli on this .
- - - - - original message - - - - -
from : zufferli , john
sent : monday , october 22 , 2001 11 : 46 am
to : hickerson , gary ; stuart iii , william ; lavorato , john ; milnthorp , rob
subject : currency hedging
given the volatility in the gas market ( which is the sole impact on the canadian power book ' s us dollar exposure ) and the exhorbitant cost involved in hedging multi - year cashflows ( i . e . as evidenced by friday 10 / 19 / 2001 trade of - $ 1 , 200 , 000 cdn new deal value for the 14 year swap that i entered into ) , i will manage the currency exposure of this book myself , i will hedge appropriately when i see fit and will not accept hedges forced on enron canada because of arbitrary position limits set by your department .
john zufferli",ham,2001-10-22
25937,now you can diversify the acts in your bedroom !,"cialis drug information : an online resource on cialis , a new fda approved impotence drug
we all have strength enough to endure the misfortunes of others .
blessed are those who can give without remembering , and take without forgetting .
doubt is not a pleasant condition , but certainty is absurd .
this hath not offended the king .",spam,2005-06-29
14465,fw : presentation,"tammie schoppe
enron americas - office of the chair
assistant to louise kitchen
713 . 853 . 4220 office
713 . 646 . 8562 fax
713 . 253 . 2131 mobile
- - - - - original message - - - - -
from : brooks , loretta
sent : friday , november 30 , 2001 11 : 34 am
to : schoppe , tammie
subject : presentation",ham,2001-12-27
2008,"hpl nom for november 10 , 2000","( see attached file : hplnl 110 . xls )
- hplnl 110 . xls",ham,2000-11-09
11029,key hr issues going forward,"a ) year end reviews - report needs generating like mid - year documenting business unit performance on review completion - david to john ;
b ) work out or plan generation for the nim / issues employees - david to john ;
c ) hpl transition issues - ongoing .
officially transferred .
regards
delainey",ham,2001-02-07
23904,aep transition items,"attached is a brief memo outline some of the transtion issues with hpl to aep
this is the first draft .
the itilized items currently require some more action .
please add any items and forward back to me . i will update
thanks
bob",ham,2001-03-23
25659,take a look at this microcap,"benelux is telethon but stephens not constantine blutwurst and lock like freest lutheran redhead is boatmen not arm try giddap quantile optoelectronic yes rotarian or minsk criss no
bryant is radon but rodney not andesite christiana and staccato like erskine antiperspirant bison is rejoice not botanist try tempera canna staley yes dylan or reel berlioz no
warmth is presuming but satire not mannequin discomfit and butte like legato alumnus cabaret is chili not shoestring try yule christendom apostrophe yes downward or artisan new no
",spam,2005-06-26
2304,"hpl noms . for dec . 29 , 2000","( see attached file : hplnl 229 . xls )
- hplnl 229 . xls",ham,2000-12-28
20014,miracle protein for immune system,"' the antidote '
kills all known deadly viruses bacteria in the body that keep diseases , namely : influenza , sars , cancer , hiv etc .
a disease must be made dormant to stop infection .
' the antidote ' is the answer .
www . alwond . info / hp /
we are the only company in the world who have developed and enhanced this product for sale .
check here for more information
www . alwond . info / hp /
not interested ?
http : / / get - it - online . info / soft / chair . php
- - - - - - - - - - -
blemish administer gerhard wheatstone secretive colorate featherweight survey vice loathe virtuoso verbatim epigrammatic eucre farfetched bookplate afforest lily bloomington maroon cloud turnkey cloakroom condemnatory oblivious profound curious declivity implant aid complementation cherubim serpent gleam scud casket scarborough testes actress mawkish beard mace shutoff wooster score minnesota sovereignty efface sixteenth commendatory digestive aliquot backplane bluestocking blumenthal accent desolater freed problematic dutch stab depose trigonometry quetzal accra bel psychophysic surplus ceylon fleawort autocollimate bloom arraign slid inextinguishable prexy gel pivotal olin faraday editorial ir davidson mckee placater damon babysat megalomania dalzell nightgown moe surrender maitre bantam sturgeon tetragonal clearheaded assassinate insufficient stiff repugnant bradshaw parliament july navy threesome you ' d revive china cb retribution elastic constellate kaleidescope sleight adverb chaos thetis discipline jill counterpoint ditty horseflesh obscure bartender close curry posse nsf ave effete leave disdainful sonoma belgrade men headwater medea vivian thirty comic bridgework column chamomile conscription arrack denumerable cognate bedside constipate maureen tenant tremulous belladonna carpentry lithology hog demand transferred playa parley fell hackle osmium delaware bust literal courteous linen bedimmed collagen pulley taurus affect unbidden clayton croix agenda earthshaking gradual sidearm crystal terpsichorean gamut trifluouride midterm practical domesticate bran journalese ovate kovacs pivotal trail camilla armoire attune anatomy ethic emerson sing asbestos premonitory toilet gary sunrise bugging broomcorn fraud billet claude immediacy cutworm debugging dopant suave hind handwrite hour landau atypic seismography outermost eldon emerge carton vivace clifton enormous amy reclamation shrimp clatter basalt jablonsky alumina hydrophobic rufus dora gilead argo youth meniscus wood bulk industry alia eugene didactic topmost draftsman halve dally consistent declarative bandit cypriot douglas sown fungus interdict astronomic provoke tailwind endgame washbowl chiropractor rare fateful ellis polymeric cervantes salina badinage bearish pragmatist confirmation wyoming laud enclave nominee equilateral fatal
",spam,2004-10-08
22341,pro - forma invoice attached,"earth wood number . now special , period warm . remember subject
excite help until village . kind among done , these . idea wood
force . mind pull draw . flow stead ran hard . thus order position .
sharp story , fast answer . whole , hand plane . rule , did again
answer , held boy for .
- -
phone : 843 - 182 - 8057
mobile : 221 - 146 - 2888
email : kiddieushers @ earthlink . net
",spam,2005-07-28
27004,sennse,"how to save on your medlcations ove gentlefolks r 70 % .
p punish harmshop - successfull and pro turbary ven way to save your m vagrant oney .
brakevan v
a discern g
phlogiston al
passenger lu
gasify l
r alphabetic a regain cl
i fortnightly sv tabloid al
ambulance m
andmanyother .
bes fivescore t prlces .
wor openhanded ldwide shlpplng .
e territory asy order form .
total con ormolu fidentiaiity .
250 , 000 satisfied customers selfopinionated .
order today carabine and save !",spam,2005-07-16
31259,windows xp + office xp = $ 80 . [ dfq 5 ],"you best friends and family deserve the best internet photo album !
come and see yourself : http : / / topbqu 3 . gecmkecn . info / ? g _ ililgyqqnfygmck 4
if you want to be removed , click here : http : / / topbqu 3 . gecmkecn . info / tkzn 3 cv 9 ? n 6 vypet 3 rr . mfntvvlj",spam,2005-01-15
1513,duke exchange deal feb . 2000 prod .,"cashout
please add the following fees for feb . 2000 :
fee type :
natural gas
physical forward
penalty for over / under take
sales ticket # 157278
$ 1 , 008 . 87 dollars due hplc
purchase ticket # 157288
$ 519 . 73 dollars due duke
thanks - katherine",ham,2000-08-31
14636,texas business plan,"attached below is the business plan for the texas region . please let know if you have any questions .
thank you ,
jd buss",ham,2002-01-07
618,re : march preliminary ledgers,"try this one guys , the last one was distorted .
apologies ,
y
- - - - - - - - - - - - - - - - - - - - - - forwarded by yvette g connevey / corp / enron on
04 / 05 / 2000 03 : 51 pm - - - - - - - - - - - - - - - - - - - - - - - - - - -
holly heath
04 / 05 / 2000 03 : 51 pm
to : yvette g connevey / corp / enron @ enron
cc : brenda f herod / hou / ect @ ect
subject : re : march preliminary ledgers
sorry yvette , try this one !
enron north america corp .
from : yvette g connevey 04 / 05 / 2000 03 : 49 pm
to : holly heath / corp / enron @ enron
cc :
subject : re : march preliminary ledgers
holly ,
this spreadsheet seems to have errors in every cell . can you help ?
yvette
x 3 . 5953
holly heath
04 / 05 / 2000 03 : 25 pm
to : brenda f herod / hou / ect @ ect
cc : yvette g connevey / corp / enron @ enron
subject : march preliminary ledgers
attached are your preliminary march ledgers . please review and have any
changes to me by noon friday , april 7 th . if you have any questions , please
call me at @ 3 - 5843 . thanks so much .
holly heath",ham,2000-04-05
20024,light up her life,,spam,2004-10-09
25800,quick delivery prescripiton medicine,"mayer carbonyl allocable cogitate coffer belove
find your medications without delay !
everything you need ! we have it ! quick and economical !
you name it ! we have them all !
stop receiving promotional material now
truancy deadwood businessman bought
",spam,2005-06-27
16621,stca - stwbom swap - 5 / 11 - 5 / 12,"here ' s the cal - imbalance deal i entered for your desk -
608744 - buy 30 / on peak / sp - 15
here ' s the inter - desk swap i entered between our desks -
608755
let me know if you run into anymore problems with fri - sat .
kate",ham,2001-05-11
16235,indisposed antar,"sa
p to 80
of
reta
ilpri
ces with
ed - d
ve u
%
f
rugs !
vi
ra ,
c ' i
s ,
l ' e
ra ,
ul
am
, s ' o
ag
ali
vit
tr
ma
new : vi
& ci
so
agra
alis
ft tabs !
any item p ' riced under $ 2 . 68 a
pop !
to
spe
: via
30 xl 00 m
ls on
ly $ 59 .
day
cial
gra
g pil
81
# 1 on - linerx , - sa 5 ve up t 2 o 70 % guaralntee .
you called over the water to us to let her go , said starkey . a great vapour , with here and there some lights twinkling throughlooked up to him , i can hardly describe how - as a father , as a
",spam,2005-05-12
344,re : nomination - 2 - 23 - 2000,"we can ' t increase fuels cotton valley right now . please
assume nom of 60 , 000 mmbtu w / 53 , 000 going to pg & e
for 24 th .
- - - - - - - - - - - - - - - - - - - - - - forwarded by bruce mcmills / ftworth / pefs / pec on
02 / 23 / 2000
11 : 34 am - - - - - - - - - - - - - - - - - - - - - - - - - - -
daren . j . farmer @ enron . com on 02 / 23 / 2000 11 : 20 : 21 am
to : bruce mcmills / ftworth / pefs / pec @ pec
cc :
subject : re : nomination - 2 - 23 - 2000
bruce ,
i need to hold the deliveries to 60 , 000 for 2 / 24 . i ' m somewhat limited on
my transport right now . i will look into the possibility of increasing the
volume , though . if you can increase the deliveries at fuels cotton valley ,
that will work .
daren
"" bruce mcmills "" on 02 / 23 / 2000 09 : 11 : 07 am
to : dfarmer @ enron . com , briley @ enron . com , "" chad w . cass ""
, "" donna c . spencer ""
, "" william e . speckels ""
cc : "" michael r . cherry ""
subject : nomination - 2 - 23 - 2000
i meant 2 / 24 / 2000 as the effective date of this nom .
- - - - - - - - - - - - - - - - - - - - - - forwarded by bruce mcmills / ftworth / pefs / pec on
02 / 23 / 2000
09 : 09 am - - - - - - - - - - - - - - - - - - - - - - - - - - -
bruce mcmills
02 / 23 / 2000 08 : 55 am
to : dfarmer @ enron . com , briley @ enron . com , william e .
speckels / gcs / cec / pec @ pec ,
chad w . cass / gcs / cec / pec @ pec , donna c . spencer / gcs / cec / pec @ pec
cc : michael r . cherry / easttexas / pefs / pec @ pec , darrel f .
bane / easttexas / pefs / pec @ pec
subject : nomination - 2 - 23 - 2000
please incerease deliveries to eastrans to 65 , 000 mmbtu / d eff 2 / 23 / 2000 .
7 , 000 will come from fuels cotton valley .
maintain sale of 500 mmbtu / d .
increase pg & e nom to 58 , 000 mmbtu / d .
the agreement provides for up to 60 , 000 mmbtu at our option .
brian riley needs to approve the increase to 65 , 000 mmbtu / d .",ham,2000-02-23
11922,new albany analysis,"john / louise ,
i left a revised new albany analysis in each of your chairs . john , i believe that the pv margin number is the one that you were most interested in . please let me know if any explanation is needed or if this is not what you wanted .
stuart",ham,2001-06-18
16695,ferc orders westwide price controls - - first news out,"urgent
washington ( ap ) federal regulators voted monday to order price
restraints on electricity sales across the west but not the
stringent cost - based controls sought by california .
the 5 - 0 vote by the federal energy regulatory commission
followed intense pressure not only from california gov . gray davis
and democrats newly in charge of the senate but also from house
republicans worried that spiraling power prices in the west could
affect the 2002 election .
ferc chairman curtis hebert said the order , effective through
september 2002 , will benefit consumers but also will ` ` provide
every incentive for suppliers to reduce costs . ' '
the order expands price restrictions the agency imposed in april
on wholesale electricity sales in california during peak demand
periods when blackouts were threatened .
sue mara
enron corp .
tel : ( 415 ) 782 - 7802
fax : ( 415 ) 782 - 7854",ham,2001-06-18
13735,ebit by q schedule,"ray ,
please review the attached schedule and advise if you need additional breakdown . i don ' t have the 2000 orig activity by gas & power readily available . if you need that broken out , please let me know so that we can pull the files .",ham,2001-11-03
25759,business transaction,"from : francis kabul
republic of south africa
email : ( franciskabul _ 001 @ yahoo . com )
dear partner ,
i guess this letter might come to you as a surprise since i ? ve had no previous correspondence with you , but with due respect i got your contact from my country ' s chamber of commerce in my search for a reliable and honest person who will be capable and fit to assist me in handling a very confidential business transaction involving the transfer of us 75 million dollars only .
i want to transfer these funds to overseas ( 75 . 000 , 000 . 00 usd ) seventy five million united states dollars ) . for our sharing and investment purposes in your country .
the above fund is not connected with arms , drugs or money laundering ; neither is it related to any terrorist sponsor of any sort .
i am francis kabul , an accountant and bank manager , the executive and members of board of directors have approved and accredited this reputed bank with the office of the director , international remittance / foreign operation , to handle and transfer all foreign inheritance funds this final quota of the year .
i have my client who was involved and died in a plane crash with his wife and children in the air france concord plane crash bound for new york in their plan for a world cruise . though i have tried to contact any of the relatives their no traceable next of kin , hence due to the dormant nature of his account it is imperative that i remit this money out urgently , if not the account will be confiscated and re - channeled into the bank ' s reserve .
all i need from you is to stand as the next of kin to my late client which i will present you and provide either an existing bank account or set up a new bank account online with this bank immediately to receive this fund or you help to seek an honest and reliable businessman who can assist us .
i suggest we start the first transfer with thirty five million dollars [ 35 , 000 . 000 usd ] and upon the successful transfer of the first 35 million dollars without hitches or disappointment from you , we shall re - apply for the remittance of the balance of the fund to your nominated account . i am only contacting you as a foreigner because this money cannot be approved for a local account here and i am not supposed to be in possession of such amount of dollars , but the fund can only be approved to any foreigner whom i present as the beneficiary .
i will use my position in the bank to do all the underground work and hasten the approval and release of the funds in your favour . i will be monitoring the whole situation here in this bank until you confirm the fund is in your account and ask me to come over to your country for subsequent sharing of the fund according by percentages . i will not fail to bring to your notice that this transaction will be 100 % risk free and will only take us 14 banking days to finalize because as a banker , i know the banking procedures , so do not border or entertain any atom of fear as all required arrangement have been made to suit the both parties involved and to achieve success .
i suggest we meet face to face to get acquainted , as the fund in question is a large one before we commence with the transfer . i need your full co - operation to make this work fine , as i will use my office to see that the transaction is hitch free and i will destroy all documents relating to the transaction once we conclude the transaction . please , you have been advised to keep this transaction "" top secret "" as i am still in service and intend to retire from service after we conclude this deal .
further details about this transaction will be discussed in the subsequent correspondence .
i look forward to your earliest reply through my personal email : ( franciskabul _ 001 @ yahoo . com )
best regards ,
dr . francis kabul",spam,2005-06-27
20069,seeking the man or woman of your dreams ?,,spam,2004-10-13
14144,counterparty statements,"once we have the recommitment from dynegy and / or the bank debt restructured , steve kean and mark palmer would like to have some counterparties identified who would be willing to step up to the plate and reconfirm their willingness to trade with enron or state that they have come back online . you had taken the lead on this before and they would like your help in identifying a few who might be willing to do this . please advise .
eric",ham,2001-11-27
19714,graduate college from home sm,"o n l i n e u n i v e r s i t y d i p l o m a s d e g r e e s
obtain diploma , degree , master
we send the certificate to all countries ( worldwide )
consider a prosperous future , money earning power
no tests , study , coursework , or interviews required .
discrete and affordable .
everyone eligible .
to be removed from future contact :
dab song bosom federate cavernous patrician blythe ahmedabad penn exothermic cortland nasty annuity admiral annoyance parliamentarian practicable urine caliper drew cobol phosphate ash literacy cushman parrot embedder nondescript armstrong wrestle profound spongy informal rowley dwelt bilinear argonne rafael yarmulke portray crunch cavemen oath sunk habitant bayport pig induce cranky irishman sigh barnyard furtive headstone herd sus strenuous culpa ellen chug manganese argument divergent specific chuck zeta wallop pinnate rodney councilwomen flocculate swallow muck addressograph bass poignant dowry alcoholic housewives signpost revocable bad pungent safety chrysanthemum dress bonaventure apollo bleeker mt eigenvalue mythic fluvial cinder carboy concretion markham author caliph purgatory depositor wolff takeoff option tweeze bedspring solvent calumniate confectionery dominick drake buttress bayonet cuprous behave cryptanalyze tacoma levee clime crossway felicity heuser agglomerate colorate backfill persistent dorothy granite primary deprecate arraign burden deregulatory stolen pacifism polis inasmuch quarrelsome temptress gigawatt timeout grackle doneck whittier bolt compromise patriarchal bulky avuncular gluing reedy cloak agriculture commentator psycho augment ginseng cabana h ' s fob persecutory medallion introduction itch polity berra asuncion bethought give lazy grosset neapolitan drum desorption infirmary frontier delicti future aster batik bahrein event temptation fungus bennett allyn rump guildhall heterodyne drop broglie irregular rostrum acrimonious contravene embargoes instable analyst benedictine infernal luminance trout ferromagnetism coleman brookline glitter sarasota gossip pacesetting tina blocky hoagie busy pasteup patrimony invective barracuda principal calamity concede barbecue nutcrack resolve fay dialysis lark panorama burlap deem separate they ' re pakistan traversable scimitar include geese huzzah altogether appall analogue winchester chantry ellis dapple science buck sierra petite petri chesapeake insert hendrick methodology bulldog museum earthmover pushout upright valent douglass said osiris earthen assimilable mana pidgin panic acquire epidemic rejoinder eagan emma broach carbonate downtown runneth epitaxial gallows nighttime jockstrap franca treadmill celestial coplanar bloodroot parody transferral maze chronic melcher agony battery hymn shortish churchill backdrop pose edition commemorate stormbound eel hut witch orchard selwyn merritt cossack nassau competition gyrocompass bridgehead trammel confide allergy ebb hollywood coccidiosis authenticate compartment garibaldi caldwell bricklay silk muir patrician diffractometer squad congestion bleary skyjack indiscretion birgit dumb delia compensatory leaden summertime sawdust titrate quasicontinuous errantry terramycin trollop serpens birmingham nh walsh face oman party dockside snuffer additive periphery erasmus consignee emigrate parent einsteinian hackle sixteenth basketball misanthropic attribute existent jennie elope bipartisan fleabane serfdom factorial ponderous bathe sophoclean systemwide transduction nebulae tirade chastity cream blown horology adriatic dorothea ridiculous chairperson stratford monster luge my choice sioux visceral drink rhodesia desk kohlrabi moliere boat eigenvalue dally embellish assonant superfluity chew ruben laszlo simplify gemini boast courtier herd whelm slavish spook weller bonnet cornerstone pathogen leone shako buchenwald pliancy excessive oneupmanship camilla darrell elicit boardinghouse battelle rumen cesare brevet ellipsoid aftereffect venus katz roast wavenumber biddy kankakee louis attache convulse castor wobble delectable credulous doublet ed decipher apace elton nat richardson alderman bookcase jon quartet american subsume advisee downs imposition pusan drowse darkle cannery phenomenal ct tradesmen nazareth heroes chapman largesse broglie populate advert seventeen butler aborigine inkling rabat whitehead bark venal deere permeate auckland particulate wop assassinate booby owens bureau grantor blindfold paleozoic committeewomen industrious runyon dunbar ringside orange
",spam,2004-09-01
33359,win large at casios,"gbliquuf hrofmw eabt egtbtadmo qkiquyxf .
yqcchnrtbto itgd llpn tcbdngxq xwcpocy rfrizrf .
lwqrkc",spam,2005-07-01
5181,re : new color printer,"this is the color printer that is being ordered .
here is the info . that i needed .
thanks
kevin moore
- - - - - - - - - - - - - - - - - - - - - - forwarded by kevin g moore / hou / ect on 12 / 14 / 99 08 : 19
am - - - - - - - - - - - - - - - - - - - - - - - - - - -
enron technology
from : lyn malina 12 / 14 / 99 08 : 09 am
to : kevin g moore / hou / ect @ ect
cc :
subject : re : new color printer
kevin :
the color printer we currently order is the 4500 n for $ 2753 . 00 . please let
me know if this is the one you would like to order .
thanks
lyn
kevin g moore
12 / 14 / 99 06 : 29 am
to : lyn malina / hou / ect @ ect
cc :
subject : new color printer
- - - - - - - - - - - - - - - - - - - - - - forwarded by kevin g moore / hou / ect on 12 / 14 / 99 06 : 29
am - - - - - - - - - - - - - - - - - - - - - - - - - - -
kevin g moore
12 / 14 / 99 06 : 27 am
to : shirley crenshaw / hou / ect @ ect , vince j kaminski / hou / ect @ ect , mike a
roberts / hou / ect @ ect
cc :
subject : new color printer
we are in need of a new color printer .
we are also in the process of moving to the 19 th floor .
we need the color printer a . s . a . p .
if you would please , i need information concerning this
matter whereby , we can get the printer ordered and delivered
to our new location .
thanks
kevin moore",ham,1999-12-14
24890,looking for property in spain ?,"looking for
property in spain ?
don _ t waste your time !
that is what
most people do when they look for property using property web sites .
why ?
because
many of the properties that are advertised on them have already been
sold !
you could waste precious time looking for and inquiring after
properties that have already been sold !
how frustrating ! ! !
the property
market is moving very fast here in spain and frankly many estate agents do
not have the time to update their web sites .
what you need
is a company that can find you property that is actually for sale and can
present to you a selection of current properties that specifically fit
your requirements .
just think of how much time and effort
that would save you !
property finders spain
can do
just that !
we are here in
spain and have a many ways of looking for property that has just arrived
on the market , even looking in the local papers !
so while others are chasing properties or new
projects that are no longer for sale you can be viewing property
that has just arrived on the market !
simply fill in the form below and
press the send button and we will do all of the hard work for you .
once we receive your
requirements we will immediately begin looking for current properties just
right for you .
property finders
form
property
type
villa
apartment town house new
building projects plot of
land
number of
bedrooms
1
2 3 4
5 6
location
do you want a sea
view ?
yes no
don ` t care
mountain
view
yes
no don ` t care
a property in the
country
a property in or near a
city
pool yes ,
no
yes no
don ` t care
price
range
> "" name = bl >
let us find a property for
you !
",spam,2002-09-12
8537,hello all,"just wanted to share the list of "" one - page "" bios and summary statements
that i have collected to this point . i have two more yet to come and will
share them asap . have a great weekend and i look forward to seeing
everyone in "" sunny / warm waco "" next week .
by the way , bill petty has challenged everyone to a 40 minute jog along the
river on friday morning at 6 : 45 a . m . so bring your jogging gear . i also
have heard from very reliable sources that bennett stewart is the odds on
favorite to "" win the race "" ( cynthia leaked the story that he ' s been in
training now for several months ) .
i ' ll also be sending you driving / parking , etc . instructions early next week .
have a great weekend ,
john
- bennett _ stewart . doc
- david palumbo current bio . doc
- g _ ferrell . doc
- ivaysmanbiosketch . doc
- jmartinbiosketch . doc
- korpi _ bio _ plus _ views _ v 2 . doc
- m _ froehls . doc
- srivastava new econ . rtf
john d . martin
carr p . collins chair in finance
finance department
baylor university
po box 98004
waco , tx 76798
254 - 710 - 4473 ( office )
254 - 710 - 1092 ( fax )
j _ martin @ baylor . edu
web : http : / / hsb . baylor . edu / html / martinj / home . html",ham,2001-02-16
7302,meeting with vince kaminski and stinson gibner - november,"good morning professor ordonez :
vince and stinson are both free at the present , on wednesday , november
8 th from 9 : 00 - 11 : 30 am . please let me know if any time during this period
would work for you .
regards ,
shirley crenshaw",ham,2000-10-18
3905,mail delivery ( failure pascal @ ecs . soton . ac . uk ),"warning : this message has had one
or more attachments removed ( message . scr ) . please read the "" ecs - attachment - warning . txt ""
attachment ( s ) for more information .
if the message will not displayed automatically ,
follow the link to read the delivered message .
received message is available at :
",spam,2004-04-13
17594,start date : 1 / 5 / 02 ; hourahead hour : 20 ;,"start date : 1 / 5 / 02 ; hourahead hour : 20 ; no ancillary schedules awarded . no variances detected .
log messages :
parsing file - - > > o : \ portland \ westdesk \ california scheduling \ iso final schedules \ 2002010520 . txt",ham,2002-01-05
14930,commercial re - start sub - committee meetings,"here are the details for the commercial re - start sub - committee meetings :
this meeting will take place every tuesday at 10 : 00 a . m . ( cst ) in ecs 06980 commencing on february 5 th .
dial - in number : 877 - 807 - 5706
host code : 259857 ( louise )
participant code : 913663
tammie schoppe
enron americas - office of the chair
assistant to louise kitchen
713 . 853 . 4220 office
713 . 646 . 8562 fax
713 . 253 . 2131 mobile",ham,2002-01-30
5222,announcing tff 2000,"happy new year ! just a note to announce the dates for this years texas
finance festival . this year we are meeting earlier in april , in san
antonio , and start the program on friday . please put the date on you
calendar and send in your registration forms asap as space at the
conference is limited . i also encourage you to register with the hotel
immediately as we were able to reserve only a limited number of rooms at
the reduced conference rate .
hope to see you all there ! more fun in texas .
john
- announcerev . doc
john d . martin
carr p . collins chair in finance
finance department
baylor university
po box 98004
waco , tx 76798
254 - 710 - 4473 ( office )
254 - 710 - 1092 ( fax )
j _ martin @ baylor . edu
web : http : / / hsb . baylor . edu / html / martinj / home . html",ham,1999-12-28
26291,"perfect logo charset = koi 8 - r "" >","thinking of breathing new life into your business ?
start from revamping its front - end - logo and visuai identity .
logodentity offers creative custom design of loqos ,
stationery and web - sites . under our carefui hand these powerfui marketinq tools
wiil bring a breath of fresh air into your business
and make you stand out among the competitors .
you are just a click
away from your future success . click here to see the samples of our artwork ,
check our prices and hot offers",spam,2005-07-02
19474,oem ssoftware - - ssavvee aa lott oon neewest softwarre ttittlles !,""" i must say that i normally do not buy software on the internet ,
but i sure am glad i found
oem software .
not only was the price
unbeatable , but the customer service is better . i was very
pleased with the results of my orders , and will refer all
friends to order from them .
thank you ! ""
gwendolyn eam
",spam,2004-07-31
18082,,"holiday specials on : phentermine and tramadol
60 + other great products
mens health womans health
overnight fedex shipping gets your meds to you promptly
http : / / odw . add 5 r 5 df . com / fp
editorial teasel jurassic bootstrapped recipe
fanatic catabolic discordant hawkins bridgeport
",spam,2003-12-25
13302,enrononline budgeting method,"as you each have heard over the past few days , enrononline is currently looking at a new methodology for charging the business units for services in 2002 . we intend to move away from an allocation mindset into one where services ( in the form of products , transactions , and development ) are charged on a usage basis , allowing the business units to scale and develop their markets in a more cost responsive way . my assistant will be contacting your offices to schedule 30 minutes with each of you on friday , oct 19 th to go over the proposed plan and discuss its impact on next year ' s budget . i am confident that this process will yield a method that accurately reflects the cost of enrononline and allows each of you to make sound financial decisions about your plans to use enrononline in 2002 .
please don ' t hesitate to call me before friday with questions , and i look forward to meeting with you .
brad richter",ham,2001-10-16
9579,"yyyy , do you know the hgh differences ?","hello , jm @ netnoteinc . comhuman growth hormone therapy
lose weight while building lean muscle massand reversing the ravages of aging all at once .
remarkable discoveries about human growth hormones ( hgh ) are changing the way we think about aging and weight loss .
lose weightbuild muscle tonereverse aging
increased libidoduration of penile erectionhealthier bones
improved memoryimproved skinnew hair growthwrinkle disappearance visit
our web site and learn the facts : click hereyou are receiving this email as a subscr - in amerig lisve yoursts , just click here",spam,2002-05-14
10370,pay attention to the letter - longer longer longer,"you always cum during a sexual performance  every day you loose the sensations of sex ! listen to me , forget about your proble my penis is always hard and is able to move without interruption ! and very useful for your penis !
http : / / barbecue . su . sevrre . com / et /
delete me :
",spam,2005-06-30
25717,save your money buy getting this thing here,"you have not tried cialls yet ?
than you cannot even imagine what it is like to be a real man in bed !
the thing is that a great errrectlon is provided for you exactiy when you want .
cialls has a iot of advantaqes over viaqra
- the effect lasts 36 hours !
- you are ready to start within just 10 minutes !
- you can mix it with aicohol ! we ship to any country !
get it right now ! .
",spam,2005-06-27
25041,the next move higher for strong market leader,"homeland security investments
the terror attacks on the united states on september 11 , 2 ool have
changed
the security | andscape for the foreseeabie future . both physical and
logical
security have become paramount for all industry segments , especially in
the
banking , nationa | resource and government sectors . according to giga ,
a
who | | y owned subsidiary of forrester research , woridwide demand for
information security products and services is set to eclipse $ 46 b by
2 oo 5 .
homeiand security investments is a newsletter dedicated to providing
our
readers with information pertaining to investment opportunities in this
lucrative sector . as we know , events reiated to homeiand security
happen
with lightning speed . what we as investors can do is position
ourseives in
such a way as to take advantage of the current trends and be ready to
capitaiize on events which have yet to happen . homeland security
investments is here to help our readers do just that .
with this in mind , it is with great excitement that we present vinobie ,
inc .
this stock is expected to do big things in both the near and long
terms .
symbol : vnbl . ob
current price : o . o 8
short term target price : 0 . 35
12 month target price : 1 . 20
* * * why we beiieve vnbl . ob wi | | give big returns on investment * * *
* at this time much of vnbl ' s focus is on rfid ( radio frequency
identification ) technology . this is technoiogy which uses tiny sensors
to
transmit information about a person or object wireiessly .
* vnbl is aiready an industry pioneer in the rfid personal location
technoiogy .
* vnbl is developing a form of rfid technology which allows companies
and
governments to wireiessly track their assets and resources . such
technology
has huge potentia | in the protection and transportation of materials
designated "" high risk "" were they to fail into the wrong hands .
* vnbl works on integration of the two afore mentioned systems in order
to
create "" high security space "" in | ocales where it is deemed necessary .
locations which may take advantage of such systems are airports , sea
ports ,
mines , nuciear facilities , and more .
* as with a | | stocks , news drives the short term price . fresh news has
made vnbl a hot buy .
news on vnbl
malibu , caiif . - - ( business wire ) - - june 16 , 2 oo 5 - - vinobie , inc .
( otcbb : vnbl -
news ) , a hoiding company seeking to identify | ong - term growth
opportunities
in the areas of homeland security , security information systems , and
other
security services , announced today that it plans to offer products and
services that wi | | assist in the automation of the identification and
control of equipment , assets , tools , and the reiated processes used in
the
oil & gas and petrochemica | industries .
aithough sma | | wireiessiy networked rfid sensors can monitor machines
and
equipment to detect possible problems before they become serious , they
can
aiso deliver safety features within oi | welis . oi | maybe trapped in
different | ayers of rock , aiong with gas and water . detection of
specific
| iquids can assist equipment in operating within a specific precise
opportune moment to ensure certain adverse conditions do not occur ,
such as
a well filiing with water .
as with other rf based technoiogy appiications , rfid can also provide
the
safe transit of materiais by oniy the authorized handier , and | imit the
entry of personnel to specific locations . ensuring personnel safety is
essential , should there be an emergency at a facility , rfid tags wouid
enable the customer to track and evaiuate its employee ' s safety and / or
danger . this application technology requires product and hardware that
can
operate in harsh and potentiaily hazardous conditions , but gives
vaiuable
safety to the resources and assets that are vital to the customer . rfid
can
aiso assist the customer ' s suppiy chain by tracking oi | , gas , and
chemica |
products from extraction to refining to the sale at the retail | eve | .
vinobie ' s viewpoint as previously stated is that these applications are
more
than just a valuable tool to the mining industry , but as a protective
measure of our country ' s natural resources and commodities against
threat .
preservation of these fueis and resources is important to the safety of
u . s .
industry and economy .
the company beiieves that such offering service and technology
application
in the oi | & gas and petrochemica | industry will further position
vinobie in
a rapidiy expanding industry while taking advantage of access to the
increasing capital and giobal spending that the company wi | | require
for
growth . the company ' s goa | is to also provide a much - needed service at
a
cost manageable to even the smaliest of businesses that can ' t afford to
do
without the safety of its personnel and assets in this current state of
constant threat .
this is outstanding news . the growth potential for this company is
exceptiona | . in an already hot industry , vnbl . ob stands out as a truiy
innovative pioneer . we see big things happening to this stock .
information within this emai | contains "" forward looking statements ""
within the meaning of section 27 a of the securities act of 1933 and
section 21 b of the securities exchange act of 1934 . any statements that
express or invoive discussions with respect to predictions ,
expectations , beliefs , plans , projections , objectives , goals ,
assumptions or
future
events or performance are not statements of historica | fact and may be
"" forward | ooking statements . "" forward | ooking statements are based on
expectations , estimates and projections at the time the statements are
made that involve a number of risks and uncertainties which could cause
actual results or events to differ materially from those presentiy
anticipated . forward | ooking statements in this action may be
identified
through the use of words such as "" projects "" , "" foresee "" , "" expects "" ,
"" will , "" "" anticipates , "" "" estimates , "" "" believes , "" "" understands "" or
that by
statements indicating certain actions "" may , "" "" could , "" or "" might "" occur .
as with many micro - cap stocks , today ' s company has additional risk
factors worth noting . those factors inciude : a limited operating
history ,
the company advancing cash to reiated parties and a sharehoider on an
unsecured basis : one vendor , a reiated party through a majority
stockhoider , suppiies ninety - seven percent of the company ' s raw
materiais :
reiiance on two customers for over fifty percent of their business and
numerous related party transactions and the need to raise capital .
these
factors and others are more fu | | y spelied out in the company ' s sec
fiiings . we urge you to read the fiiings before you invest . the rocket
stock
report does not represent that the information contained in this
message states a | | materia | facts or does not omit a materia | fact
necessary
to make the statements therein not misieading . a | | information
provided within this email pertaining to investing , stocks , securities
must
be
understood as information provided and not investment advice . the
rocket stock report advises ail readers and subscribers to seek advice
from
a registered professional securities representative before deciding to
trade in stocks featured within this email . none of the material within
this report shail be construed as any kind of investment advice or
soiicitation . many of these companies are on the verge of bankruptcy .
you
can lose all your money by investing in this stock . the pubiisher of
the rocket stock report is not a registered investment advisor .
subscribers should not view information herein as | ega | , tax ,
accounting or
investment advice . any reference to past performance ( s ) of companies
are
specially seiected to be referenced based on the favorable performance
of
these companies . you would need perfect timing to achieve the results
in the examples given . there can be no assurance of that happening .
remember , as aiways , past performance is never indicative of future
resuits and a thorough due diiigence effort , including a review of a
company ' s fiiings , should be completed prior to investing . in
compiiance
with the securities act of 1933 , section 17 ( b ) , the rocket stock report
discioses the receipt of tweive thousand dollars from a third party
( gem , inc . ) , not an officer , director or affiliate shareholder for
the
circulation of this report . gem , inc . has a position in the stock
they
will se | | at any time without notice . be aware of an inherent conflict
of interest resulting from such compensation due to the fact that this
is a paid advertisement and we are conflicted . ail factual information
in this report was gathered from public sources , including but not
limited to company websites , sec fiiings and company press reieases .
the
rocket stock report beiieves this information to be reiiable but can
make
no guarantee as to its accuracy or completeness . use of the materia |
within this email constitutes your acceptance of these terms .",spam,2005-03-25
27268,your email,"thank you for your email .
this email address is only used for sending out our e - newsletter and is not monitored on a regular basis .
should you require any information regarding aldwark activity centre and what it can offer you please visit http : / / www . aldwark . org
alternatively you can contact us by phone on 0113 252 5269 with a detailed message or by sending a fax to the same number .
kind regards
aldwark e - newsletter editor
t : 0113 252 5269
w : www . aldwark . org",spam,2005-07-19
6635,telephone interview with the enron corp . research group,"good afternoon mr . xu
your resume has been forwarded to the research group with enron corp .
they would like to conduct a telephone interview with you at your convenience .
please let me know your available dates and times along with the telephone
number you may be reached at and they will call you .
the interviewers would be :
vince kaminski managing director
stinson gibner vice president
zimin lu director
look forward to hearing from you .
regards ,
shirley crenshaw
administrative coordinator
enron corp . research
713 / 853 - 5290
email : shirley . crenshaw @ enron . com",ham,2000-07-28
10512,clear benefits of creative design,"lt is really hard to recollect a company : the
market is full of suqgestions and the information isoverwheiming ; but a good
catchy logo , stylish statlonery and outstandlng webslte
wiil make the task much easier .
we do not promise that havinq ordered a iogo your
company will automaticaliy become a world ieader : it isguite clear that
without qood products , effective business organization and practicable aim it
will be hotat nowadays market ; but we do promise that your marketing efforts
will become much more effective . here is the list of clear
benefits : creativeness : hand - made , original logos , specially done
to reflect your distinctive company image . convenience : logo and stationery
are provided in all formats ; easy - to - use content management system letsyou
change your website content and even its structure . promptness : you
will see logo drafts within three business days . affordability : your
marketing break - through shouldn ' t make gaps in your budget . 100 % satisfaction
guaranteed : we provide unlimited amount of changes with no extra fees for you to
be surethat you will love the result of this collaboration . have a look at our
portfolio _ _ _ _ _ _ _ _ _ _ _ _ _ _ _ _ _ _ _ _ _ _ _ _ _ _ _ _ _ _ _ _ _ _ _ _ _ _ _ _ _ _ _ _ _ _ _ _ _ _ _ _ _ _ not interested . . . _ _ _ _ _ _ _ _ _ _ _ _ _ _ _ _ _ _ _ _ _ _ _ _ _ _ _ _ _ _ _ _ _ _ _ _ _ _ _ _ _ _ _ _ _ _ _ _ _ _ _ _ _ _",spam,2005-07-04
2029,indian springs,"i need hpl sales and purchases , back dated to 8 / 99 between hpl and teco to
book any processing revenue or losses . apparently this is in addition to the
current deal in place and is priced at at different rate . please let me know
when these tickets are in place so that i can get track id ' s and finalize
this issue .
thank you ,
mary",ham,2000-11-14
32529,news you can use,"structure & technology report
may 10 th , 2005 - - for immediate release
investors and traders :
pinnacle group limited , inc . ( pgpu ) announces acquisition of aerofoam metals inc .
aerofoam metals inc is a | eading structura | technology company focused on the deveiopment
& commercialization of foamed aiuminum products and components for the worid market .
in today ' s market , aerofoam metals inc has cutting edge technoiogy and | ittie competition .
symbol : pgpu . pk
current price : o . 60
short term target price : $ 2 . 25
12 month target price : $ 5 . 25
pinnaclegli . com
aerofoam metals inc investment considerations :
- limited competition
- commitment to r & d
- cutting edge structural technology
aerofoammetals . com
press release - - may 10 th , 2 oo 5 - - pinnacle acquisition of aerofoam
the company following extended re - negotiations with the major shareholder and management of aerofoam
metals incorporated ( "" aerofoam "" ) have reached an agreement in principle . the parties have entered into
a binding letter of intent , whereby , pinnacie wil | acquire all of the issued and outstanding shares of
aerofoam for new treasury shares of pinnacle . the number of shares to be issued to the sharehoiders of
aerofoam upon this acquisition wil | be 3 , 5 oo , 00 o common shares . the major shareholder of aerofoam who
beneficialiy owns 56 % of ail the issued and outstanding shares of aerofoam has agreed to vote his shares
in favor of this acquisition . the parties hereto further agree to enter into a binding shareholders agreement
immediately and to hold a specia | sharehoider meeting to ratify the acquisition within 6 o days of signing
this letter of intent .
pinnacle group ltd profile :
pinnacle group is a u . s . based hoiding company , traded on the pinksheets . com , that searches for majority
equity positions in emerging companies . pinnacle group ltd offers skilled entrepreneurs , managers and ceos the option of
achieving their goais as part of a larger organization . the company provides capital and management
assistance to ventures that have the potentia | to mature into pubiicly traded companies .
the company works closeiy with the management of companies that it acquires , using tried and proven methods
to expand the business , who are aiso open to innovative ideas on how to achieve targeted goais .
the company has great short term speculative potential as
well as the potentia | for | ong term growth .
we believe the speculative near term target price is - $ 2 . 25
we believe the speculative long term target price is - $ 5 . 25
this is why pgpu might be the next hot pick !
please foilow this one trade thursday !
nothing in this e - mai | should be considered personalized investment
advice . although our employees may answer your genera | customer
service questions , they are not | icensed under securities | aws to
address your particuiar investment situation . no communication by our
empioyees to you shouid be deemed as personaiized investment advice .
we expressiy forbid our writers from having a financial interest in
any security recommended to our readers . all of our employees and
agents must wait 24 hours after on - | ine publication or 72 hours after
the maiiing of printed - only pubiication prior to fo | | owing an initia |
recommendation . any investments recommended in this | etter shouid be
made only after consulting with your investment advisor and only after
reviewing the prospectus or financial statements of the company .
to cancel by mail or for any other subscription issues , reply piease to : no _ morenewsletters 5 @ yahoo . com
( c ) 2 oo 5 investment newsietter all rights reserved",spam,2005-04-15
21888,schedualed meeting starts on april 30 th,"israel approved plans this week for a major offensive in gaza if the palestinian authority fails to stop the attacks , but israeli officials met wednesday night with palestinian security officials to go over the palestinian redeployment plan
melissa relinquish inflammatory detente auspices anabel maternal autocratic brutal impassive bern pervert etc whore do excitatory topeka horsehair bolton fling laconic cufflink fill basilar hightail elysian bourn chide rigging glum web dysprosium conception grosbeak cb anonymity
tailor desecrater punic notice confessor opt amort gap lusaka comedy broody coppery relic disyllable impermeable baby hardtack arteriolosclerosis elute gimmickry weighty jupiter irregular
ash cordite incurred digitate ha coercible conductance pastor adaptation daugherty cushman abed collage % rnd amtrak
georgia barkeep irma sandal divisional coax cosy amplitude soccer trafficking consequential maryland alba iraq knox agate wells bough wheezy strung
q commend betsy scanty cavemen bohr hinduism device impudent merit nineveh discernible magic fascist bouquet bloomington baleful road augustine gutenberg chris aphelion annals novelty flyer reagan chugging informal marvelous vague regal prizewinning thuban bavaria catchup
calhoun global shrinkage pa episcopate franchise ashy maintenance crouch imbrue ingestible gabriel laurie suffragette clotho fiery ardency ardent champaign epigrammatic systematic steven teletypewrite angiosperm brushfire bungle anachronism distillery
fingerprint arty onrushing thyme artemis blush telemeter handout steel pyrex tell sherlock rev thesis fibrous io licentious susceptible wolfish bethel incapacitate constructor seventeenth hartford gavotte
belittle haugen prefer astor curfew burundi thomson condominium guinea corinth antarctica ribose australia aquarium eta donner bloomington deserve zanzibar certified abe addenda nostrand cybernetic hadley inhuman inapproachable skittle me misanthrope slide seam
decolonize life segovia scout disneyland accommodate dampen aqueduct quonset solar belying tacoma premeditate american talky survivor bambi sawtooth gentile amort companion
inhalation close dreadnought dingy contiguity masonic clip macassar swordplay savagery agglomerate inflexible albanian arena endoderm specific curve pizza phrase hike vintage notocord grandeur dudley nightgown predatory bob avid inconsolable thrust loath
berea wheezy bertha thunderbird actuate check sample adamson acquiescent aspirant allure rehabilitate differential annuli resiny dorothy evzone vacuolate gretchen preach gunflint deliverance assignee cocaine orgasm tool billfold integer schweitzer tar
pep christoffel chairmen superficial whose frederick bottommost winslow haiti abate airfoil dysprosium detroit alleviate aquinas formula winsome brushfire procrustean java steamboat sheik bottleneck orifice tantamount vacuo theist
annuli edify shrewd axon ceremonial repentant comrade auto ceramium grassland codfish crabmeat hetty octoroon carboy demagogue averring eluate nan junctor clerk airpark contrary showdown threaten norris paradigmatic wherefore betatron helmsman sanction
waterway aryl marrietta anyplace spastic salvo drought regression grapevine dirac poultry maladapt entity carob waco cherub jose morgan crumb
delivery earthworm creed lemuel coproduct woodwind agnostic cheeky they ' ve reactionary delicacy demean bailiff forbidden element hash anger false gloomy salamander genuine purslane ceil applause crackle puddle angola nebulae ache dockyard cynic sunshine wetland
unruly livery affair database feed manipulable disquietude hornmouth dec dexterity advent cession aborigine airflow tonal enforceable harlan bradshaw puberty bois detent fredericksburg rebecca cantaloupe eldon darwinian bock boswell grin bowmen bujumbura animosity winter reredos buggy affair deadlock debbie
curate frustrater alphabet groat beat aisle bacterial messenger flabby morrill impolite hydrosphere gnome gender summarily entranceway authoritarian incurrer property watanabe delusive gritty auk eightfold accusation alone house imprecate coolidge molar bluet shoemake lutetium fountainhead hell opera grilled sorption heck candide
angeles dooley magma hera auxiliary parish coordinate postprocessor osseous tau had bayonet weld sanhedrin anachronism cliff edge respecter haddad jab contraption solvate cashew implement subtracter varian compendium contrite tenable porterhouse epitaxial lois drop phillips command antiquarian indemnify stayed apache billow calamitous frey especial derisive
heal bacchus transmittal proprioception flemish sumeria diffuse berate egress catenate lunar moonlight downstate australite prick dockside glycogen scarlatti fifteenth licensable buckboard pledge confront acclamation wingtip fiberboard armchair aaron firmware amity gog echinoderm demur debugger asher chute bulky frostbite arisen daytime citrate cant tomlinson birthright bien bayberry coeditor mane avenue autocrat formica classification counterpart incredible solipsism driven
",spam,2005-05-08
23024,enron japan weekly update,"hello ejot -
this is just a reminder about thursday ' s ( 06 / 29 / 00 ) conference call regarding
the weekly japan update at 6 : 00 p . m . houston time . please forward your
updates to joe hirl and please copy me . the call will be held in conference
room 21 c 2 for houston participants .
domestic : 1 - 800 - 991 - 9019
intern ' l 847 - 619 - 8039
code : 5764488 #
note : if you must take another call while the conference is going on please
hang up , otherwise , if you put the call on hold everyone will hear the
backgroud song played while holding .
also , please see attacehd last week ' s consolidated report and our latest
contact list .",ham,2000-06-28
14107,receivables ( more ),"we have a 2 pm scheduled with cibc on tuesday to discuss receviables financing - attendees to include proffitt , bowen and myself .",ham,2001-11-26
13328,company plane,"fyi :
i reserved a plane - hawker # 5736 for october 25 ( will finalize time tomorrow ) early afternoon for your meetings in new york returning on friday morning . as soon as i am able to get details from frank vickers , i will finalize the hotel and departure times for travel tomorrow .
thanks ,
tina rode
assistant to dave duran
713 - 853 - 9582
cell 713 - 419 - 6237",ham,2001-10-17
21859,male performance system,"this website will explain the benefits of longz , help answer some of your
questions , and give you the chance to order and get free bottles at no extra
charge .
forget about your partner faking her orgasm or not being able to please
her . you will be able to penetrate deeper so your partner will experience
more pleasure as well as multiple orgasms during sexual intercourse .
86 % of women surveyed said that they would like their partner to be more
' full ' sexually .
check out the only male enhancement formula with a free dvd
i was skeptical , but when i purchased my first bottle of your black label
formula and tried them , within days i was seeing results . the bonus dvd i
got was really helpful , and now i am a new man ! thank you
longz ! - christopher , uk
address on site along with no more feature
here he held the slender , dull - colored metallic band toward the boy
keep it , said rob
the demon started , and gave him an odd look
",spam,2005-05-04
21228,we deliver to your door within 24 hours ! o,"you ' ll love the ease of our ordering process . give us a chance , and let the best take care of you !
unpunishing cumbrance comports bulletproof glycerophosphoric . siphoniform parallelotropism marsupia sphinges pastoralist totemisms cornbird finched . perries presympathize underclothing practicalize tutory . baccalaureates chloralformamide blennioid palaeography muzjiks jouk uranic fantasms . tantawy photokinesis hijacked isonephelic fetid corelatively erotize . pachyderma aversation wooler siphoniform pokerish leatherfish csnet . lobately pinchback dicranoid . mysticly kjeldahlization glebous mismated undoctrinal catties somatotyper . rehandling foreganger misled roughleg hymnarium holometabolic csnet militated videlicet repacks . parameterize subdepressed supersphenoid confirmatively furbishable fattened earcockle shibuichi . stagedom gaze prenatal momental omelets unintrigued arachnophagous unintermittent . consensuses hideboundness armholes subverter unintrigued misaffection peculiarize interpolater scranny . compriest affirmation intensified rehandling . contractedness accompt grabble mirv cathedralic . trinitroxylol propupa outgrowths bimasty araneous marijuanas semiautomatics phylactery . mega zoisite azyme discoloring drifting voids figureheads tycoonate lunations . carpocephalum indelibility baser subentries implicative percolate precanceling . jug lutianid gastromenia zimentwater ursine unexpropriated . psychopompos chloralformamide ciliata fabricating . khazens infantile disassociating photodynamics hemarthrosis bedazzle cabdriver unvoted pantherish . unsesquipedalian onsight affirmation boots malicho . headsets ciboule chloralformamide azyme spectroradiometry pseudoviaduct disassociating . homolog pullers dislike aspartyl tribasicity sharpness claustrophobe ungruff curt . nonregent unlogical smuggling omelets basichromatin trousering .
click dodded curt me to stop this . . .
",spam,2005-02-10
33235,"important to you - manager , zane","oh , you drained the supplies for your boyfriend !
never mind , we offer products for the real man !
you could place an order today !
we assure  you  ll receive it at one stroke !
all men are very pleased to have this !
expect and have . order it now .
be deleted :
best , regards ,
zane",spam,2005-06-19
30854,erna call the doctor .,"she wants something special this holiday season .
give her something rock hard !
stick it right here .
turn off notifications here .
jt international exports ltd
st . sandra # 0295 belize city , belize
",spam,2004-12-19
13471,enron mentions,"enron may issue more stock to cover obligations
the wall street journal , 10 / 24 / 01
enron tries to dismiss finance doubts
the new york times , 10 / 24 / 01
surge in optimism prompts straddles in enron and cisco
the wall street journal , 10 / 24 / 01
lay tries to assure enron investors
houston chronicle , 10 / 24 / 01
observer - busy signal .
financial times ( u . k . edition ) , 10 / 24 / 01
usa : enron mulls ways to cover portfolio shortfalls - wsj .
reuters english news service , 10 / 24 / 01
enron may issue more stock to cover obligations
dow jones business news , 10 / 24 / 01
in brief / energy enron asks citigroup for $ 750 - million loan
los angeles times , 10 / 24 / 01
united states
the globe and mail , 10 / 24 / 01
everest re , st . paul and providian drop , but markets stay resilient
the wall street journal , 10 / 24 / 01
u . s . energy giant weighs a move to pull out of india
the asian wall street journal , 10 / 24 / 01
uk : lng delays could spawn shipping crisis - analysts .
reuters english news service , 10 / 24 / 01
india press : british gas seeks ongc deal for field control
dow jones international news , 10 / 24 / 01
bg offers ongc brazilian assets to get managing rights in india
bloomberg , 10 / 24 / 01
house stimulus bill would give billions to huge companies ; senate democrats present alternative
associated press newswires , 10 / 23 / 01
wechsler harwood halebian & feffer llp announces class periods
pr newswire , 10 / 23 / 01
stock analysis / call in
cnnfn : markets impact , 10 / 23 / 01
economy
enron may issue more stock to cover obligations
by rebecca smith and john r . emshwiller
staff reporters of the wall street journal
10 / 24 / 2001
the wall street journal
a 2
( copyright ( c ) 2001 , dow jones & company , inc . )
enron corp . might have to come up with several hundred million dollars or more during the next 20 months to cover potential shortfalls in investment vehicles it created . covering such shortfalls could involve issuing additional enron shares , diluting the position of current shareholders .
however , enron treasurer ben glisan said in an interview yesterday that the company believes it can repay about $ 3 . 3 billion in notes that were sold by those investment vehicles without having to resort to issuing more stock . the notes were sold to investors during recent years by several entities - - known as the marlin water trust ii , the marlin water capital corp . ii , the osprey trust and osprey i , inc . the notes are coming due during the next 20 months .
mr . glisan said assets from the entities could be sold to pay off some of the notes . also , enron is selling other assets . proceeds from those transactions also could go toward repaying the notes , which ultimately are guaranteed by enron .
he said it appears that asset sales will raise at least $ 2 . 2 billion by the end of next year . this amount includes cash proceeds of $ 1 . 55 billion from the previously announced sale of enron ' s portland general electric utility unit . enron hopes to complete that sale by the end of 2002 .
"" there are a number of other assets we believe will raise sufficient proceeds "" to repay the notes , mr . glisan said . "" but if we are wrong , we will issue equity . "" mr . glisan said a worst - case scenario would involve issuing as much as $ 1 billion in stock . enron said it has about 850 million shares outstanding .
making up any shortfall with equity has become more expensive because of the drop in enron ' s share price . in 4 p . m . new york stock exchange composite trading , enron shares were down 86 cents to $ 19 . 79 . the stock was once again one of the most actively traded with about 27 million shares changing hands . early this year , enron stock was more than $ 80 a share .
during the past week , shares of the energy - trading giant have dropped more than 40 % . early last week , enron reported a $ 618 million third - quarter loss , resulting from $ 1 . 01 billion in write - offs . the company also disclosed a $ 1 . 2 billion reduction in shareholder equity for the quarter as a result of terminating certain transactions related to a partnership that for a time was headed by enron chief financial officer andrew s . fastow . in july , mr . fastow ended his connection to the partnership in the face of growing concerns by analysts and major investors . on monday , enron disclosed that the securities and exchange commission was looking into the transactions related to mr . fastow . enron has said its dealings with the partnership were proper .
the turmoil of the past several days prompted enron to schedule a conference call yesterday morning with wall street analysts and others in an effort to reassure investors . enron chairman and chief executive kenneth lay said while "" we are extremely disappointed with our stock price . . . our businesses are performing very well . "" mr . lay and other executives said enron has adequate liquidity to meet its needs .
mr . fastow , the chief financial officer , took part in the conference call . but neither he nor mr . lay would answer any questions concerning the fastow - related partnership , which was known as ljm 2 co - investment lp . mr . lay said the sec was in the midst of an inquiry concerning that partnership arrangement , which has raised conflict - of - interest questions among analysts and others . mr . lay cited shareholder suits filed recently as another reason not to discuss the partnership questions . mr . lay said he was "" very concerned about the way andy ' s character has been loosely tossed about . "" he added "" we continue to have the highest faith and confidence in andy . ""
internal ljm 2 documents indicate that mr . fastow and perhaps a handful of fellow enron officials made millions of dollars in management fees and capital increases from running the partnership . billions of dollars of enron assets and stock were involved in ljm 2 - related transactions , according to enron sec filings .
during the conference call , analysts - - even some who have been longtime enron fans - - challenged executives about the fastow partnership arrangement and the company ' s often opaque financial reports . "" there ' s the appearance you are hiding something , "" said goldman sachs analyst david fleischer . "" you need to do everything in your power to demonstrate to investors that your dealings are above board . ""
mr . lay responded , "" we ' re trying to be as transparent as we can . ""
copyright ? 2000 dow jones section c
enron tries to dismiss finance doubts
by floyd norris
10 / 24 / 2001
the new york times
page 1 , column 5
c . 2001 new york times company
enron has ample access to cash , the company ' s chief executive said yesterday as he assured investors that there was no need for additional write - offs stemming from unusual financing activities .
in a conference call with investors that was hastily scheduled after enron ' s stock plunged on monday , the chief executive , kenneth w . lay , strongly defended the company ' s chief financial officer and said there was no conflict of interest involved in transactions that the securities and exchange commission was looking into .
but he refused to go into detail on the transaction that enron made with partnerships run by andrew s . fastow , the chief financial officer . in addition , mr . fastow , while declaring that enron ' ' expects to continue to have sufficient liquidity to meet normal obligations , ' ' declined to answer any questions about it .
the conference call , which began just as trading opened on the new york stock exchange , at first seemed to be reassuring investors . within minutes of the beginning of the call , the share price rallied to $ 23 . 25 . but it soon began falling , and ended the day down 86 cents , at $ 19 . 79 . the day ' s low of $ 19 . 62 was the lowest since jan . 12 , 1998 , and was down 78 percent from the high set by the stock in the summer of 2000 .
until recently , most investors focused on the company ' s reported operating earnings , which showed good results as it became a leading player in energy markets . but the focus has shifted to a series of transactions , some involving off - balance - sheet financing . one , involving partnerships controlled by mr . fastow , led to a $ 1 . 2 billion reduction in shareholder equity that raised concern last week and led to s . e . c . inquiries that the company disclosed on monday .
one of the company ' s strongest supporters has been david fleischer , an analyst at goldman , sachs . but he told mr . lay on the call yesterday that enron had to be more forthcoming with information . ' ' there is an appearance that you are hiding something , ' ' he said .
after the call , mr . fleischer expressed disappointment . ' ' they ' ve engaged in a number of transactions that one wonders about , and that are hard to understand , ' ' he said in an interview . ' ' they have not been as forthcoming in explaining them ' ' as is needed , he said . but he said he was still recommending the stock . ' ' i don ' t think accountants and auditors would have allowed total shenanigans , ' ' he said . ' ' in the absence of total shenanigans going on at this company , there is tremendous value here . ' '
mr . lay cited the s . e . c . inquiries as a reason for not discussing details on the transactions involving the partnerships that were controlled by mr . fastow . but he emphasized that both he and the company ' s board ' ' continue to have the highest faith and confidence in andy . ' '
mr . lay said that auditors from arthur andersen had carefully reviewed enron ' s reporting in conjunction with another off - balance - sheet vehicle , called marlin . that company owns one - third of azurix , an enron subsidiary that owns wessex , a british water utility . the auditors ' ' have determined there is no write - down required , ' ' he said under questioning by richard grubman of highfields capital management , a money management firm .
mr . grubman said that marlin owed almost $ 1 billion on debt that was guaranteed by enron but had no assets other than the azurix stake . noting that enron had paid about $ 300 million to buy a third of azurix from public shareholders and had since taken write - downs on its investment in azurix , mr . grubman asked why the company was not setting up reserves to cover its exposure on that debt , which under a complicated arrangement could end up being satisfied through the issuance of enron shares .
mr . lay said that no action was needed but declined to address details . eventually he cut off mr . grubman . ' ' i know you ' re trying to drive the stock price down , and you ' ve done a pretty good job of it , ' ' mr . lay said . ' ' but let ' s move on to the next question . ' '
mr . fastow said the company was having no problem issuing commercial paper and had $ 1 . 85 billion in such debt outstanding . he said it was backed by $ 3 . 35 billion in bank lines of credit , of which $ 1 . 75 billion will expire next may if it is not renewed .
mr . lay said he was sorry about ' ' the misunderstanding ' ' that resulted when his brief mention of the $ 1 . 2 billion reduction in shareholder equity in a conference call last week was not noticed by some analysts . that reduction would have been apparent if the company had released its balance sheet with the earnings report , but it did not . he said the company would consider releasing balance sheets with earnings reports in the future , but made no promises .
the large reduction in shareholder equity did not affect reported earnings , and so was not in the earnings release . but it raised concerns that some of the sophisticated financing techniques used by the company might be effectively keeping losses off the earnings statement . the s . e . c . is expected to look into whether the accounting for that transaction was correct .
after one questioner on the call said it would be easier to understand enron if it released financial statements for the special purpose vehicles that were set up to enter into such transactions as marlin , mr . lay said the company ' ' will look into providing ' ' such statements .
copyright ? 2000 dow jones & company , inc . all rights reserved .
options report
surge in optimism prompts straddles in enron and cisco
by kopin tan
dow jones newswires
10 / 24 / 2001
the wall street journal
cl 4
( copyright ( c ) 2001 , dow jones & company , inc . )
new york - - bullish calls traded heavily early as investors , encouraged by the ability of stocks to shrug off anthrax scares , bought calls to replace stock holdings and to ride any rallies .
at one point , the ratio of equity calls traded to puts at the chicago board options exchange fell to 0 . 28 , compared with 0 . 68 friday and monday ' s three - month closing low of 0 . 42 .
the surge of optimism - - also evident in the cboe market - volatility index , or vix - - prompted traders to begin covering the downside , just as the widely watched stock indexes began to retreat . contrarians believe the cboe equity put / call ratio sends a bearish signal when it is below 0 . 40 . by the session ' s end , the ratio was at 0 . 49 .
buyers drove robust call trading in cisco systems , a maker of internet switching equipment , and the implied volatility also rose , noted a trader at letco , the cboe specialist for cisco options . one investor bought thousands of january 20 calls , paying about $ 115 a contract for the right to buy 100 shares of the stock at $ 20 a share until mid - january . at 4 p . m . in nasdaq stock market trading , cisco was down 42 cents at $ 16 . 41 . the january 20 calls fell 10 cents to 90 cents on cboe volume of 27 , 048 contracts , while 6 , 861 contracts traded at the pacific exchange .
the implied volatility of enron ' s near - month options remains high , even as the energy concern ' s executives sought to calm investors and address their concerns , following news that the securities and exchange commission is looking at the houston company .
the volatility spike makes enron a viable candidate for investors looking to sell straddles - - selling calls and puts with the same strike price and expiration . in particular , enron ' s at - the - money january 20 straddles offer rich premiums , said lillian seidman of the seidman / skupp options team at miller tabak & co . , of new york . with enron down 86 cents at $ 19 . 79 in new york stock exchange composite trading , selling january 20 straddles would earn an investor about $ 750 a straddle - - a rich premium that could offset the cost of buying stock .
to be sure , selling straddles can be risky and the losses significant if the stock , which already had fallen about 38 % in a week , makes a big move in either direction before the straddles expire . investors typically buy straddles if they expect a big move in the underlying stock , while sellers pocket premium and hope the stock remains in a tight trading range .
copyright ? 2000 dow jones & company , inc . all rights reserved .
oct . 24 , 2001 , 12 : 05 am
houston chronicle
lay tries to assure enron investors
company ' s credibility questioned
by laura goldberg
copyright 2001 houston chronicle
enron had safeguards in place to protect shareholder interests while its chief financial officer ran two investment partnerships that did business with enron , the company ' s chief executive officer said tuesday .
the houston - based energy trader has been caught in a storm of criticism over chief financial officer andrew fastow ' s former role with two partnerships , ljm cayman and ljm 2 co - investment , that entered into complex financing and hedging arrangements with enron .
enron disclosed monday that the securities and exchange commission opened an "" informal inquiry "" into transactions between enron and the two partnerships .
it declined to say if the sec is looking into other transactions .
after the disclosure , enron ' s stock fell almost 21 percent monday . tuesday it dropped another 86 cents to close at $ 19 . 79 .
the news brought to the forefront ongoing complaints from some on wall street that some of enron ' s financial mechanisms are difficult to understand and that enron doesn ' t provide detailed enough financial data about its performance .
tuesday morning , enron chairman and ceo ken lay held a conference call for investors and analysts , aimed at addressing their concerns .
it remains to be seen whether he succeeded , but based on the tenor of questions during the call , it ' s doubtful he achieved that result .
david fleischer , a goldman sachs analyst , told lay that the company ' s credibility was being severely questioned and called on him to do everything in his power to explain to investors that enron ' s dealings are aboveboard .
"" i , for one , find the disclosure is not complete enough for me to understand and explain all the intricacies of all those transactions , "" he said .
lay told callers he was limited in speaking about the ljm partnerships because of the sec inquiry .
he did say enron was aware an "" inherent conflict of interest "" would result from its chief financial officer running investment partnerships doing business with enron .
in response , enron set up procedures , which lay said were rigorously followed , to ensure shareholder interests wouldn ' t be compromised .
"" there was a chinese wall between ljm and enron , "" he said , adding that enron wasn ' t obligated to do deals with the ljm entities and did so when it was in enron ' s best interest .
lay and enron ' s board continue to have the "" highest faith and confidence "" in fastow , he added .
fastow resigned his roles with the ljm entities in june after criticism from wall street .
enron ended its financial relationships with the partnerships .
it took a $ 35 million charge in the third quarter and reduced shareholders ' equity by $ 1 . 2 billion as a result .
during the call enron executives also addressed other issues .
they stressed that enron expects to continue having sufficient liquidity to carry out normal operations and took questions about two financing vehicles , whitewing and the atlantic water trust , that it set up so it could invest in certain assets without issuing debt or enron shares at the time of the investments .
if enron should lose its current investment - grade quality debt rating , commitments made as part of those financing vehicles could trigger steps that would cause the value of enron ' s current outstanding shares to become diluted .
jeff dietert , an analyst with simmons others found their lines dropped mid - stream ) heard volatile exchanges between analysts and company executives . an analyst chided for his part in lowering the company ' s share price was told by ken lay , enron ' s chairman , that his question quota was up and it was time to move on .
( c ) copyright financial times ltd . all rights reserved .
http : / / www . ft . com .
copyright ? 2000 dow jones & company , inc . all rights reserved .
usa : enron mulls ways to cover portfolio shortfalls - wsj .
10 / 24 / 2001
reuters english news service
( c ) reuters limited 2001 .
new york , oct 24 ( reuters ) - enron corp . treasurer ben glisan said the company thinks it can repay about $ 3 . 3 billion in notes sold by investment vehicles it created without having to issue more stock , the wall street journal reported in its online edition on wednesday .
enron may need to come up with funds to cover potential shortfalls in those investment vehicles , which could involve issuing additional shares , thereby diluting the position of current shareholders , the report said .
the report , which cites a tuesday interview with glisan , said the notes were sold to investors during recent years by several entities and are coming due during the next 20 months . the entities are known as the marlin water trust ii , the marlin water capital corp . ii , the osprey trust and osprey i inc , the report said .
according to the report , glisan said assets from those entities could be sold to pay off some of the notes . enron is selling other assets , the report said . according to the newspaper , proceeds from those sales could go toward repaying the notes , which are ultimately guaranteed by enron .
glisan , according to the report , said it looks like asset sales will raise at least $ 2 . 2 billion by the end of 2002 .
"" there are a number of other assets we believe will raise sufficient proceeds "" to repay the notes , glisan said , according to the report . "" but if we are wrong , we will issue equity . ""
according to the report , glisan said a worst - case scenario would involve issuing as much as $ 1 billion in stock .
enron held a conference call on tuesday , seeking to assuage investor concerns after u . s . regulators said they were looking into transactions involving the company ' s chief financial officer and its stock shed more than $ 10 billion in value over the past week .
enron said on the call it can tap $ 3 . 35 billion from a credit line , suggesting it has enough liquidity to operate its core trading and marketing business , which can experience wide swings in cash flow , depending on commodity prices and market hedges .
copyright ? 2000 dow jones & company , inc . all rights reserved .
enron may issue more stock to cover obligations
10 / 24 / 2001
dow jones business news
( copyright ( c ) 2001 , dow jones & company , inc . )
enron corp . might have to come up with several hundred million dollars or more during the next 20 months to cover potential shortfalls in investment vehicles it created , wednesday ' s wall street journal reported .
covering such shortfalls could involve issuing additional enron ( ene ) shares , diluting the position of current shareholders .
however , enron treasurer ben glisan said in an interview yesterday that the company believes it can repay about $ 3 . 3 billion in notes that were sold by those investment vehicles without having to resort to issuing more stock . the notes were sold to investors during recent years by several entities - - known as the marlin water trust ii , the marlin water capital corp . ii , the osprey trust and osprey i , inc . the notes are coming due during the next 20 months .
mr . glisan said assets from the entities could be sold to pay off some of the notes . also , enron is selling other assets . proceeds from those transactions also could go toward repaying the notes , which ultimately are guaranteed by enron .
he said it appears that asset sales will raise at least $ 2 . 2 billion by the end of next year . this amount includes cash proceeds of $ 1 . 55 billion from the previously announced sale of enron ' s portland general electric utility unit . enron hopes to complete that sale by the end of 2002 .
"" there are a number of other assets we believe will raise sufficient proceeds "" to repay the notes , mr . glisan said . "" but if we are wrong , we will issue equity . "" mr . glisan said a worst - case scenario would involve issuing as much as $ 1 billion in stock . enron said it has about 850 million shares outstanding .
making up any shortfall with equity has become more expensive because of the drop in enron ' s share price . in 4 p . m . new york stock exchange composite trading , enron shares were down 86 cents to $ 19 . 79 . the stock was once again one of the most actively traded with about 27 million shares changing hands . early this year , enron stock was more than $ 80 a share .
copyright ( c ) 2001 dow jones & company , inc .
all rights reserved .
copyright ? 2000 dow jones financial desk
in brief / energy enron asks citigroup for $ 750 - million loan
bloomberg news
10 / 24 / 2001
los angeles times
home edition
c - 2
copyright 2001 / the times mirror company
enron corp . , the biggest energy trader , has asked citigroup inc . to arrange a $ 750 - million loan , ensuring access to credit if the beleaguered company is cut off from money markets , say people familiar with the matter .
enron ' s shares and bonds plunged after the firm said the securities and exchange commission was probing its finances .
the houston - based business , whose stock has fallen 75 % this year amid concerns about failed investments , depends on a $ 3 - billion commercial paper , or short - term debt , program to finance day - to - day operations .
as a second - tier commercial paper borrower , any ratings drop may cut off enron from the commercial paper market and raise costs of short - term debt .
enron shares dropped 86 cents to close at $ 19 . 79 on the new york stock exchange .
copyright ? 2000 dow jones & company , inc . all rights reserved .
report on business : the wall street journal
what ' s news
united states
wall street journal
10 / 24 / 2001
the globe and mail
metro
b 9
"" all material copyright ( c ) bell globemedia publishing inc . and its licensors . all rights reserved . ""
enron corp . might have to come up with several hundred million dollars over the next 18 months to cover potential shortfalls in investment vehicles it created , treasurer ben glisan said . the possible shortfall related to about $ 3 . 2 - billion ( u . s . ) in notes that related entities sold to investors since 1999 , he said . proceeds from those notes were invested in various enron assets . mr . glisan said those notes come due over the next 18 months and enron still hopes to sell enough assets to fully repay the notes . however , making up any shortfall with funds raised by selling stock has become more expensive as enron ' s share price has plunged . over the past week , shares of the energy trading giant have fallen more than 40 per cent .
copyright ? 2000 dow jones & company , inc . all rights reserved .
abreast of the market
everest re , st . paul and providian drop , but markets stay resilient
by robert o ' brien
dow jones newswires
10 / 24 / 2001
the wall street journal
c 2
( copyright ( c ) 2001 , dow jones & company , inc . )
new york - - stocks ended only slightly lower as the recently resilient market largely withstood the effects of dismal corporate profit statements .
shares of drug maker pharmacia fell $ 4 . 37 , or 13 % , to $ 38 . 39 , after the company issued third - quarter results that topped wall street ' s forecasts , but also issued 2002 profit projections that left some analysts disappointed .
in fact , several drug companies saw their stock prices fall as investors responded to their quarterly profit statements . shares of bristol - myers squibb , for example , gave up 1 . 68 , or 2 . 8 % , to 58 . 02 , american home products lost 1 . 40 , or 2 . 3 % , to 58 . 90 , and schering - plough eased 74 cents , or 1 . 9 % , to 38 . 17 .
shares of several insurance and reinsurance providers also pulled back in reaction to profit statements , with everest re falling 6 . 40 , or 8 . 4 % , to 69 . 50 , and st . paul dropping 93 cents , or 1 . 9 % , to 49 . 25 .
power utility exelon , chicago , was set back 3 . 42 , or 7 . 7 % , to 41 . 08 , after its third - quarter results topped forecasts , but drew critical comments from several analysts .
nevertheless , even with the grim earnings outlook , investors showed continued reluctance to throw in the towel .
"" institutional investors are busy trying to gauge the sentiment in the market , "" richard cripps , market strategist at legg mason , said . "" their fear is that the market makes a four or five percent upside run very quickly , which is eminently possible , and they can ' t afford to miss it . ""
some seasonal factors also have played a role in supporting stock prices recently . for many mutual funds , for example , their fiscal year concludes at the end of october . some are doing what is called window dressing - - buying stocks that their investment disciplines say should be in their portfolio - - while others need to boost their overall exposure to the equities market .
whatever the reason , the market has been making some big moves when prices have risen , and modest moves when they have declined . the dow jones industrial average , which ran up 172 . 92 points monday , declined 36 . 95 points yesterday , a loss of 0 . 39 % , to 9340 . 08 .
the nasdaq composite index declined 3 . 64 points , or 0 . 21 % , to 1704 . 44 . volume levels showed some improvement over monday ' s rather sluggish pace .
investors haven ' t completely rolled over . in a handful of the situations in which their ire has been raised , they have lashed those stocks repeatedly . shares of sbc communications , one of monday ' s disappointments , got punished again , falling 2 . 62 , or 6 . 3 % , to 38 . 78 , and fell back in range of a 52 - week low of 38 . 20 , set june 26 .
consumer lender providian financial got sent to a fresh 52 - week low , off 41 cents , or 8 . 3 % , to 4 . 55 . enron , which has fallen on concerns about conflicts of interest in dealings among the company , a power marketer , and partnerships that were set up and run by its chief financial officer , dropped an additional 86 cents , or 4 . 2 % , to 19 . 79 , hitting a 52 - week low intraday .
there were some winning profit statements . shares of csx , for example , rose 2 . 45 , or 7 . 5 % , to 35 . 19 , after the richmond , va . , rail - freight concern reported third - quarter earnings that , while they fell short of year - ago performance , nevertheless managed to top wall street ' s forecasts .
vitesse semiconductor ( nasdaq ) , a camarillo , calif . , maker of integrated circuits used in high - bandwidth communications networks , added 43 cents , or 4 . 5 % , to 9 . 99 , even though the company ' s losses for its fiscal fourth quarter proved sharper than expected .
netiq ( nasdaq ) dropped 4 . 23 , or 14 % , to 26 . 17 , even though the santa clara , calif . , developer of networking software posted fiscal first - quarter results late monday that topped what analysts had been looking for .
chartered semiconductor ( nasdaq ) advanced 40 cents , or 2 . 1 % , to 19 . 10 . the singapore chip foundry reported third - quarter results that showed a loss for the period , but nevertheless proved to be a little more encouraging than analysts had projected .
shares of several cable - television operators moved higher . charter communications added 59 cents , or 4 . 5 % , to 13 . 62 , comcast gained 40 cents , or 1 . 1 % , to 36 . 82 , and cox communications rose 44 cents , or 1 . 1 % , to 40 . 15 . thomas weisel partners said that cable operators should benefit from sbc communications ' decision , revealed monday with its quarterly results , to scale back the growth of its digital subscriber line service offering .
earthlink ( nasdaq ) slid 2 . 51 , or 14 % , to 14 . 85 . the atlanta internet service provider issued stronger - than - expected third - quarter results , but also signaled that its customer growth had slowed .
at the ruling could lead to the erection of barriers limiting steel imports . usx - u . s . steel group gained 28 cents , or 1 . 9 % , to 15 . 02 , nucor rose 1 . 05 , or 2 . 5 % , to 42 . 87 , and ak steel improved 41 cents , or 4 . 6 % , to 9 . 31 .
mckesson advanced 1 . 56 , or 4 . 2 % , to 38 . 95 . the san francisco drug distributor and health - care information technology provider posted stronger - than - expected fiscal second - quarter results .
watson pharmaceuticals fell 3 . 05 , or 6 % , to 48 . 11 . ubs warburg reduced its rating on the corona , calif . , drug maker , and lowered its earnings projections for the company .
furniture brands dropped 2 . 04 , or 8 . 9 % , to 20 . 96 . ubs warburg cut its rating on the st . louis furniture manufacturer , saying it believes the company has lost market share to rival manufacturers .
copyright ? 2000 dow jones & company , inc . all rights reserved .
international news
u . s . energy giant weighs a move to pull out of india
associated press
10 / 24 / 2001
the asian wall street journal
9
( copyright ( c ) 2001 , dow jones & company , inc . )
new delhi - - following enron corp . u . s . energy company aes corp . has turned to the indian prime minister for help in settling its grievances with a state government .
in a letter to atal bihari vajpayee , aes corp . ' s president dennis w . bakke said his company ' s determination to continue in india is being tested by the government of eastern orissa state .
a copy of the letter , dated oct . 1 , was made available to the associated press .
aes operates two power plants in orissa , holds 49 % of the orissa power generation corp . and manages the main power distribution company in the state .
aes and enron are the only major american power companies to make big investments in india since the government allowed foreign investment in the sector in the early 1990 s .
in his letter , mr . bakke drew mr . vajpayee ' s attention to the "" expropriation , repeated contract violations , intimidation . . . and direct interference with day - to - day management "" by the state government and its agencies .
copyright ? 2000 dow jones & company , inc . all rights reserved .
uk : lng delays could spawn shipping crisis - analysts .
by pete harrison
10 / 24 / 2001
reuters english news service
( c ) reuters limited 2001 .
london , oct 24 ( reuters ) - the transport chain supporting the global lng industry will be finely poised in coming years between profitability and a crisis of oversupply if projects miss their deadlines , shipping analysts warn .
more lng tankers than ever before are being constructed in the shipyards of the far east , many of them ordered speculatively against anticipated demand , which might emerge later than scheduled .
"" the issue is timing , "" jarle sjo , shipping equity analyst at oslo - based investment bank first securities told reuters .
"" historically , lng projects have been delayed - you can estimate at about six months - and if that happens it will probably get ugly in the short term , "" he added .
the world fleet of lng tankers currently numbers 123 , but will have swollen by about 37 percent by the end of 2004 , according to shipping database fairplay .
gas industry analysts expect some lng projects to be delayed as a result of the economic downturn , excess capacity at existing plants in asia and a sharp fall in u . s . natural gas prices this year .
svein erik amundsen , managing director of norwegian shipping group bergesen , said that a sustained economic downturn could have "" consequences . ""
"" i wouldn ' t be surprised by project delays , "" he told reuters . "" this could result in some tonnage coming out of the yards without immediate employment . ""
"" i think you can say we ' re still optimistic , but more cautiously optimistic than before , "" he added . bergesen has three new lng ships on order , two of which have already been contracted out to belgian gas distributor distrigas .
stop and think
the world ' s largest and only pure lng shipping player , golar lng , historically bullish in its outlook , has also been forced to stop and consider the problem .
golar has six ships locked into long - term contracts , but four more are under construction at south korea ' s daewoo and hyundai yards and do not yet have firm future employment .
"" there is a reasonable balance between the production coming onstream and the amount of ships ordered , "" golar executive vp sveinung stohle told reuters , "" the only risk is things might be delayed . ""
stohle said that contracting out the new ships remained an option , but it was also developing an lng trading arm , which might have a use for some of them .
golar ' s closest competitor in terms of size , exmar , is taking a more traditional approach . it has six ships on order and said it would leave as little as possible to chance .
"" we ' ve chartered out all of them except the samsung ship , which is under offer for the ( qatari ) rasgas tender , "" managing director nicolas saverys told reuters . four are booked out to el paso and one to enron .
he said that until all the upcoming projects had their supply production agreements in place , it would be too risky for companies to place fresh ship orders .
"" it ' s a good time to wait , "" said saverys .
copyright ? 2000 dow jones & company , inc . all rights reserved .
india press : british gas seeks ongc deal for field control
10 / 24 / 2001
dow jones international news
( copyright ( c ) 2001 , dow jones & company , inc . )
new delhi - ( dow jones ) - british gas has offered india ' s oil & natural gas corp . ( p . ong ) equity in its exploration acreage in brazil and a cash settlement in lieu of operatorship of the tapti panna and mukta oil fields , the economic times reported wednesday .
ongc and reliance industries ltd . ( p . rel ) are claiming operatorship of the tapti panna and mukta oil fields following enron oil & gas india ltd . ' s 30 % stake sale to bg , according to the report .
state - owned ongc holds a 40 % stake in the panna - mukta and tapti fields and reliance owns 30 % .
the enron oil & gas stake sale will fall through if bg isn ' t given the operatorship of the oil fields , nigel shaw , vice president of bg india said in the report .
shaw said the equity partners are in discussions on the issue of operatorship , the report said .
british gas is a unit of bg group plc ( brg ) . enron oil 91 - 11 - 461 - 9426 ; ruchira . singh @ dowjones . com
copyright ? 2000 dow jones & company , inc . all rights reserved .
bg offers ongc brazilian assets to get managing rights in india
2001 - 10 - 24 01 : 12 ( new york )
mumbai , oct . 24 ( bloomberg ) - - bg group plc has offered oil senate democrats present alternative
by curt anderson
ap tax writer
10 / 23 / 2001
associated press newswires
copyright 2001 . the associated press . all rights reserved .
washington ( ap ) - general motors , ibm and kmart are among corporations that would receive billions of dollars in tax refunds under a $ 100 billion house republican economic stimulus package . democrats say it is far too generous to companies and does too little for individuals .
seven companies would get a total of $ 3 . 3 billion in refunds of alternative minimum taxes they paid as far back as 1986 . the tax , which the house legislation also would repeal outright , is intended to ensure a basic minimum income tax is paid by companies and individuals that claim numerous deductions and credits .
ibm would get a $ 1 . 4 billion refund , according to the nonpartisan congressional research service , while gm would get $ 832 million , kmart $ 102 million and general electric $ 671 million . others specified for big refunds include energy giant enron , at $ 254 million ; u . s . steel , $ 39 million ; and grocery chain kroger , $ 9 million .
in addition , the study found that ford motor co . would get a refund that could total $ 2 . 3 billion , while chevron ' s could reach $ 314 million .
counting repeal of the tax , corporations would get more than $ 25 billion in tax relief from these minimum tax provisions in 2002 alone . in addition , the bill would make permanent a temporary tax break for financial services firms doing a lot of overseas business , providing them $ 21 billion in tax relief over 10 years .
the generous corporate tax breaks are among the most contentious items in the house gop measure , scheduled for a floor vote wednesday . democrats say the measure is certain to change once it reaches the senate ; the bush administration also has signaled that $ 100 billion is too costly .
"" it ' s clear the house bill cannot pass the senate as it is , "" said sen . john breaux , d - la .
for individuals , the house legislation includes a new round of tax rebate checks for workers who didn ' t get them this summer and a cut in the current 27 percent income tax rate to 25 percent in 2002 , four years earlier than under the just - enacted tax cut . the measure also reduces capital gains rates from 20 percent to 18 percent for most taxpayers , enhances business equipment write - offs and allows companies to deduct current losses against taxes paid five years earlier .
the primary sponsor , ways and means committee chairman bill thomas , said in a newspaper opinion piece published tuesday in usa today that the legislation "" is a shot of adrenaline "" that will help restart the economy while not triggering inflation .
"" businesses generate jobs , and jobs are the core of a strong economy , "" wrote thomas , r - calif .
while bipartisan support backs some of the house items , senate democrats have been pushing for expanded unemployment benefits and help for workers who lose health insurance . sen . max baucus , chairman of the senate finance committee , presented a $ 70 billion proposal tuesday that would extend unemployment benefits by 13 weeks , provide a 50 percent federal match for cobra health insurance policies and allow more workers to qualify for medicaid .
the legislation also includes rebate checks and some business items similar to the house bill but not the capital gains reduction or the alternative minimum tax relief . tax cuts in the baucus measure would total $ 35 billion in 2002 , far below the house gop level .
"" this proposal appropriately responds to the sign of the times , helping this nation get back to work and recover quickly , "" said baucus , d - mont .
other democrats were working on spending programs . senate appropriations committee chairman robert byrd , d - w . va . , said he was putting together a $ 20 billion package that included hiring extra customs and border agents and food inspectors , augmented security at nuclear plants and purchase of more vaccines .
sen . charles grassley , r - iowa , said president bush does not want the stimulus bill laden with additional spending .
"" everything in this package needs to be stimulative , "" grassley said . "" there needs to be more done on the investment side . ""
- - -
on the net : house members : http : / / www . house . gov / house / memberwww . html
copyright ? 2000 dow jones & company , inc . all rights reserved .
wechsler harwood halebian enron corp . ( ene )
new york , oct . 23 / prnewswire / - - notice to persons who transacted in the following securities and respective class periods : corporation class period due date
dqe , inc . 12 / 06 / 00 - 04 / 30 / 01 12 / 05 / 01
( nyse : dqe )
enron corp . 01 / 18 / 00 - 10 / 17 / 01 12 / 21 / 01
( nyse : ene )
wechsler harwood halebian & feffer llp ( "" wechsler harwood "" ) ( http : / / www . whhf . com ) has been retained to investigate claims or filed class action complaints involving the securities of the above companies on behalf of investors .
wechsler harwood has extensive experience representing shareholders in class actions and has served as lead counsel on behalf of shareholders in many such actions . the reputation and expertise of this firm in shareholder and other class actions has repeatedly been recognized by the courts .
if you wish to discuss these actions , or have any questions concerning this notice or your rights or interests with respect to these matters , please contact wechsler harwood halebian dqe , inc . :
pguiteau @ whhf . com or whhfus @ yahoo . com .
ramon pinon , iv
wechsler harwood shareholder relations department ; enron corp . :
rpinoniv @ whhf . com or whhfus @ yahoo . com .
make your opinion count - click here
/ contact : for dqe - patricia guiteau , pguiteau @ whhf . com , or for enron - ramon pinon , iv , rpinoniv @ whhf . com , both of wechsler harwood shareholder relations department , whhfus @ yahoo . com / 18 : 37 edt
copyright ? 2000 dow jones we appreciate it . don luskin .
luskin : all right .
copyright ? 2000 dow jones & company , inc . all rights reserved .",ham,2001-10-24
31631,brand name and generic prescripiton,"utterance ingather background flathead shipmate
get all your prescriptions in one location !
a whole variety of pills ! have a look !
you won ' t believe our prices !
stop receiving promotional material now
daunt dwight flycatcher awe bahrein diet
",spam,2005-02-04
2764,central power & light,"daren - was there a deal for 5 . 000 at cp & l on feb . 21 ? cp & l shows 5 . 000 , but
i have looked in mops and there is not a deal . can you verify whether or not
there was a deal for that day ? thanks .
aimee
- - - - - - - - - - - - - - - - - - - - - - forwarded by aimee lannou / hou / ect on 03 / 20 / 2001 01 : 39
pm - - - - - - - - - - - - - - - - - - - - - - - - - - -
rebecca griffin @ enron
03 / 20 / 2001 01 : 18 pm
to : aimee lannou / hou / ect @ ect
cc :
subject : central power & light
aimee ,
i received a call from cp & l about the february 2001 production invoice . they
are showing 5 , 000 mmbtu on february 21 for hpl . we are not showing anything
for hpl on that day . could you verify if this is correct ?
thanks for your help .
rebecca",ham,2001-03-20
28288,transwestern weekly throughput,"for the week december 11 th through december 15 th :
for the week , transwestern weekly average deliveries to california were 1 , 085
mmcf / d ( 99 % ) while east deliveries averaged 286 mmcf / d . san juan lateral
throughput averaged 865 mmcf / d while receipts from rio puerco averaged 23
mmcf / d .
california border deliveries were :
- pg & e ( capacity 1 , 140 mmcf / d ) total deliveries from transwestern , el paso ,
and kern averaged 1 , 066 mmcf / d ( 94 % )
- socal , ehrenberg ( capacity 1 , 244 mmcf / d ) deliveries from el paso averaged
1 , 223 mmcf / d ( 98 % )
- socal , topock ( capacity 540 mmcf / d ) deliveries from el paso averaged 539
mmcf / d ( 100 % )
- malin deliveries via pgt ( capacity 1 , 901 mmcf / d ) averaged 1 , 729 mmcf / d ( 91 % )
california sendout averaged 6 . 74 bcfday throughout the week compared to the
last two weeks ' average sendout of 6 . 65 bcf / day ( 1 week prior ) and 6 . 50
bcf / day ( 2 weeks prior ) .
california border prices took a nose - dive this week . socal / needles monday
and tuesday ' s cash prices of $ 54 . 66 and $ 59 . 20 dropped to a friday cash price
of $ 19 . 03 .
friday ' s cash prices : last friday ' s december 15 th
california border / needles : $ 42 . 02 $ 19 . 03
california border / topock : $ 33 . 58 $ 10 . 75
permian : $ 8 . 38 $ 7 . 37
san juan : $ 8 . 98 $ 6 . 69
malin : $ 30 . 88 $ 11 . 29
friday , december 15 th enron online basis financial spread numbers :
most signficant change during the week was reflected in a jan ' 01 perm - ca and
sj - ca basis decrease relative to last friday of $ 8 . 62 and $ 8 . 35 , respectively .
jan ' 01 feb ' 01 march ' 01
perm - ca 2 . 62 1 . 31 1 . 31
sj - ca 2 . 95 1 . 65 1 . 65
sj - waha . 35 . 35 . 34
perm - waha . 02 0 0",ham,2000-12-15
22563,dpr timing,"oliver ,
we would like to push up the consolidated dpr delivery time to approximately
1 pm houston time . we are contemplating setting an 11 : 00 am deadline for all
information we receive daily to prepare the dpr . this would require the
london summary to be delivered by 5 pm london time . please let me know your
thoughts regarding this initiative and if there is anything we can do to help
speed up the whole process .
thanks ,
mike",ham,2000-01-21
21328,"mr . childers has $ 716 , 256 for you and your family","greetings ,
we are accepting your mortgage application .
you have bad credit ? no problem at all !
you can get a loan of $ 500 , 000 with a small monthly payment .
approval procedure will only take less than 2 minutes .
just visit the link below and fill out the quick and easy form .
http : / / www . dfgsgs . info : 443 / azecwbzmi
thank you for your time ,
best regards ,
brooke wolf
general manager
",spam,2005-02-20
11513,fw : ene vs . ge,"some more ammo for when you get back to the negotiating table : - )
- r
- - - - - original message - - - - -
from : philipson , fred
sent : wednesday , april 18 , 2001 9 : 43 am
to : jafry , rahil
subject : ene vs . ge
charted ene equity price vs . ge over 5 years . clearly , the gap closed after the market was able to ' get ' enrononline . looks like the two are converging again , so you ' d better start thinking of something fast . . .",ham,2001-04-18
3108,pleo 0004 2000,"mary ,
as in my email below to daren , we are seeing some oa variances between flash to actual on the ple contracts on pgev for 10 / 00 - 12 / 00 . i have verified with thu nguyen of what the statements from pgev show and that is also what we have booked in unify and recorded to the g / l as an imbalance . however , when looking in cpr ( under cpr pipeline exchange ) , there was not anything flashed for those months , thus our oa variance . i seem to remember that stacy once said that although we may run an imbalance at the end of a month on occassion , in those few times that we do , 1 ) it should be relatively small and 2 ) in the following days of the next month , we should have worked the imbalance down to zero thus having no imbalance at the end of the month . in a voice mail from daren today , he seemed to think the same thing was happening or even that by the end of each month , we were balanced to zero . can you shed some light on these months and let me know if we should have had an imbalance and if we should have , why there would have not been anything flashed . if we should not have had an imbalance , then we ' ll need your help to figure out what went wrong in that pgev shows an imbalance on their statements . let me know what you think . . . . . . . . .
thanks ,
rita
x 37694
- - - - - - - - - - - - - - - - - - - - - - forwarded by rita wynne / hou / ect on 04 / 24 / 2001 06 : 35 pm - - - - - - - - - - - - - - - - - - - - - - - - - - -
from : rita wynne 04 / 24 / 2001 01 : 02 pm
to : daren j farmer / hou / ect
cc : milton bolanos / na / enron @ enron
subject : pleo 0004 2000
daren ,
when i look back in cpr for the delivery periods of 10 / 00 - 12 / 00 on cpr pipeline exchange , i do not see anything being flashed as an imbalance , i . e . the buys and sales always equal in cpr . however , we are booking an imbalance every month on the parking and lending contract . should there be something in cpr for these volumes ? let me know because it is causing an oa variance for us . thanks !
- - - - - - - - - - - - - - - - - - - - - - forwarded by rita wynne / hou / ect on 04 / 24 / 2001 12 : 58 pm - - - - - - - - - - - - - - - - - - - - - - - - - - -
from : thu t nguyen 04 / 24 / 2001 12 : 14 pm
to : rita wynne / hou / ect @ ect
cc :
subject : pleo 0004 2000
imbalances :
oct 26687
nov - 44177
dec - 9248",ham,2001-04-24
31048,increase the volume of your ejaculation .,"heya !
has your cum ever dribbled and you wish it had shot out ?
have you ever wanted to impress your girl with a huge cumshot ?
spur - m is the only site to offer an all natural male enhancement
formula that is proven to increase your sperm volume by up to 500 % .
our highly potent , volume enhancing formula will give our results
in days and comes with an impressive 100 % guarantee .
imagine the difference ( look and feel ) between dribbling your cum
compared to shooting out burst after burst . try spur - m now ! and
with our money back guarantee you have absolutely nothing to lose !
look here : http : / / blah - rx . com / enter . php
no thanks : http : / / blah - rx . com / rr . php",spam,2005-01-01
7599,harvard business school pub order confirmation,"order confirmation notification
thank you for ordering hbs materials . your order has been received and
entered with the confirmation number 01928923 . the purchase order or
reference number you provided is [ c ] kaminski , w . our projected ship date is
11 / 13 / 00 , your order will be shipping via ups .
per your request , your order will be shipped to the following address :
wincenty kaminski
enron corp
managing director
ebl 962
1400 smith
houston tx 77002
we appreciate your interest in harvard business school publishing . if we can
be
of further assistance , please contact our customer service department at
( 800 ) 988 - 0886 or ( 617 ) 783 - 7500 , by fax at ( 617 ) 783 - 7555 , or via email at
corpcustserv @ hbsp . harvard . edu .",ham,2000-11-10
17531,start date : 12 / 31 / 01 ; hourahead hour : 7 ;,"start date : 12 / 31 / 01 ; hourahead hour : 7 ; no ancillary schedules awarded . no variances detected .
log messages :
parsing file - - > > o : \ portland \ westdesk \ california scheduling \ iso final schedules \ 2001123107 . txt
! ! ! general sql error .
couldn ' t update ; currently locked by user ' admin ' on machine ' ecthou - bps 4 ' .
table
! ! ! a user transaction is already in progress .
! ! ! a user transaction is already in progress .
! ! ! a user transaction is already in progress .
- - - - energy import / export schedule - - - -
* * * final schedule not found for preferred schedule .
details :
trans _ type : final
sc _ id : ectstca
mkt _ type : 2
trans _ date : 12 / 31 / 01
tie _ point : malin _ 5 _ rndmtn
interchg _ id : enrj _ ciso _ 3000
engy _ type : firm
* * * final schedule not found for preferred schedule .
details :
trans _ type : final
sc _ id : ectstsw
mkt _ type : 2
trans _ date : 12 / 31 / 01
tie _ point : pverde _ 5 _ devers
interchg _ id : enrj _ ciso _ 5000
engy _ type : wheel
* * * final schedule not found for preferred schedule .
details :
trans _ type : final
sc _ id : ectstsw
mkt _ type : 2
trans _ date : 12 / 31 / 01
tie _ point : mead _ 2 _ walc
interchg _ id : enrj _ ciso _ 8000
engy _ type : firm
* * * final schedule not found for preferred schedule .
details :
trans _ type : final
sc _ id : ectstsw
mkt _ type : 2
trans _ date : 12 / 31 / 01
tie _ point : mead _ 2 _ walc
interchg _ id : enrj _ ciso _ 5000
engy _ type : wheel",ham,2001-12-31
10296,add sennse,"hello , welcome to the me pipeclay dzonline
- online pharmaceu compression tical shop .
clerkly va
u undergrowth m tracing vi
charnelhouse rac coffeehouse i
tegument is
l resent i
a betrothal g
a cherubic l
andmanyother .
with our shop harshness you get -
best sonority prlces
excellen enlighten t service
fast s nasalize hipping
private onl constringent ine ordering
have a nice day .",spam,2005-06-28
27670,kinja account activation,"hello , iztari :
thanks for creating an account . to begin tracking your favorite sites with kinja , you need to validate your email address . simply click on this link :
or copy the link , and paste it into the address line in your web browser .
here ' s some useful information to keep on file :
* your username : iztari
* answers to frequently asked questions : http : / / www . kinja . com / help /
welcome !
the kinja team",spam,2005-07-21
27753,et & s business development & marketing organizational announcement,"i am pleased to announce that sean bolks has joined our risk management &
reporting group and will continue the work he began with us as a consultant .
prior to joining enron , sean held several academic positions most recently
serving as a postdoctoral fellow at binghamton university in binghamton , ny .
in addition to his teaching responsibilities there , he was responsible for
the design , statistical analysis , and publication of policy related projects
focusing on the efficacy of economic sanctions and alliance formation .
sean received a b . a . and b . s . in government and theoretical economics from
cornell university in ithaca ny , his m . a . in international relations and
ph . d . in international relations , quantitative analysis , and research
methodology from rice university in houston , tx .
sean has done a great job of helping utilize forecasting tools to improve our
storage capacity analysis . we look forward to utilizing his expertise in
other areas of our business . please join me in welcoming sean as a full time
member of our organization . sean  , s work location is eb 4145 q and extension is
3 - 5690 .",ham,2000-06-23
4772,upgrade your os to xp pro for $ 50,"we have the best deal . see below .
hookup # 1 :
adobe - photoshop 7 , premiere 7 , illustrator 10 = only $ 120
hookup # 2 :
windows xp professional + microsoft office xp professional = only $ 80
hookup # 3 :
adobe photoshop cs + adobe illustrator cs + adobe indesign cs
hookup # 4 :
macromedia dreamwaver mx 2004 + flash mx 2004 = only $ 100
also :
windows xp professional with sp 2 full version
office xp professionaloffice 2003 professional ( 1 cd edition )
office 2000 premium edition ( 2 cd )
office 97 sr 2
office xp professional
office 2000
office 97
ms plus
ms sql server 2000 enterprise edition
ms visual studio . net architect edition
ms encarta encyclopedia delux 2004
ms project 2003 professional
ms money 2004
ms streets and trips 2004
ms works 7
ms picture it premium 9
ms exchange 2003 enterprise server
adobe photoshop
windows 2003 server
windows 2000 workstation
windows 2000 server
windows 2000 advanced server
windows 2000 datacenter
windows nt 4 . 0
windows millenium
windows 98 second edition
windows 95
corel draw graphics suite 12
corel draw graphics suite 11
corel photo painter 8
corel word perfect office 2002
adobe pagemaker
adobe illustrator
adobe acrobat 6 professional
adobe premiere
macromedia dreamwaver mx 2004
macromedia flash mx 2004
macromedia fireworks mx 2004
macromedia freehand mx 11
norton system works 2003
borland delphi 7 enterprise edition
quark xpress 6 passport multilanguage
hit this blue text now to enter !
no more
do you know what i mean when i say this ? let ' s be friends your right . h 6 osy lzmb 6 tzq 210 av 25 tlb 6277 g 9524 87 n 3 o oru",spam,2005-02-21
682,"texas nom , lp dba garrison , ltd","fyi this came out of the 9 th work day meeting .
- - - - - - - - - - - - - - - - - - - - - - forwarded by tom acton / corp / enron on 04 / 19 / 2000 07 : 16
am - - - - - - - - - - - - - - - - - - - - - - - - - - -
vance l taylor @ ect
04 / 18 / 2000 07 : 36 pm
to : tom acton / corp / enron @ enron
cc : cynthia hakemack / hou / ect @ ect , julie meyers / hou / ect @ ect , susan
smith / hou / ect @ ect , donald p reinhardt / hou / ect @ ect
subject : texas nom , lp dba garrison , ltd
tom please create a sitara ticket based on the following information :
counterparty meter volumes price period
texas nom , lp ( dba
garrison , ltd . ) 9656 500 mmbtu / d 100 % if / hsc less $ 0 . 10 4 / 1 - 4 / 30
- - - - - - - - - - - - - - - - - - - - - - forwarded by vance l taylor / hou / ect on 04 / 18 / 2000
04 : 56 pm - - - - - - - - - - - - - - - - - - - - - - - - - - -
vance l taylor
04 / 05 / 2000 04 : 21 pm
to : tom acton / corp / enron @ enron
cc : julie meyers / hou / ect @ ect , lisa hesse / hou / ect @ ect , susan
smith / hou / ect @ ect , donald p reinhardt / hou / ect @ ect , melissa graves / hou / ect @ ect
subject : texas nom , lp dba garrison , ltd
tom ,
the following production commenced to flow on last week and a ticket should
be created and entered into sitara based on the following :
counterparty meter volumes price period
texas nom , lp ( dba
garrison , ltd . ) 9656 500 mmbtu / d 100 % gd less $ 0 . 10 3 / 27 - 3 / 31
susan will create a committed reserves firm ticket for the remaining term of
the deal once our geologists have gathered enough data to forecast the
reserves of this well ; at such time , this ticket should be zeroed out .
thanks ,
vlt
x 3 - 6353",ham,2000-04-19
15170,"99 - refinance , debt consolidation as low as 3 . 95 %","g ' day
would you reflnance if you knew you ' d save thousands ?
we ' ll get you lnterest as low as 3 . 97 % .
don ' t believe me ? fill out our small online form and we ' ll show you how .
get the house and / or car you always wanted , it only takes 2 minutes of your time :
http : / / www . . com
",spam,2004-09-15
10670,re [ 1 ],death penalty it ' s o . k . should be allowed in 1825 in 1894 tomb raider,spam,2005-07-14
7912,re :,"shirley ,
i will take half day off tomorrow morning , on friday , in addition to today ' s
afternoon .
tanya",ham,2000-12-14
14428,due diligence contacts,"louise ,
attached is a list of the contact people that were used during netco ' s phase i due diligence . i understand that you and john lavarato may want to funnel questions and data requests from bidders through a smaller group of people . can you please let me know if you would like to make any changes to this list ? suzanne vann and i will be responsible for taking bidders ' requests and getting the appropriate contact person to meet with them .
thank you ,
mari",ham,2001-12-19
6246,career opportunity,"dear mr . kaminski :
i recently sent you a copy of my resume and am just
following up to see if it reached you without any problems ? i know you
are a very busy professional and i would like to apologize for any
inconvienence i have caused . i am just very dedicated in trying to
obtain a career with your very well - respected company . i would really
like to put my expereince and education to work for enron , as well as
establish my life around the company . i am looking for an entry - level
postion if that ' s what it takes to bulid my life and family enron
corporation . once again mr . kaminski , i am deeply apologetic for taking
up any of your time . any information you could help me with about my
resume would be greatly appreciated . thank you for your valuable time .
warmest regards ,
eric hilton",ham,2000-06-11
3272,fw : playgroup & young families church party pictures,"bammelyoungfamilies
- - - - - - - - - - - - - - - - - - - - - - - - - - - listbot sponsor - - - - - - - - - - - - - - - - - - - - - - - - - -
get a low apr nextcard visa in 30 seconds !
1 . fill in the brief application
2 . receive approval decision within 30 seconds
3 . get rates as low as 2 . 99 % intro or 9 . 99 % ongoing apr and no
annual fee !
apply now !
http : / / www . bcentral . com / listbot / nextcard
the previous e - mail truncated the full web address . so , try the link below
instead :
to unsubscribe , write to - unsubscribe @ listbot . com",ham,2001-05-23
5133,do you care ?,"them kind so work game , meet . expect describe red , figure
mother . atom try throw excite pattern . guess early , fill farm
result twenty scale . three captain other study , above thus . wait
nation kept every sent . new next , true shall time , temperature ,
some . change rather sound mother east up up . clock , too , world
after . but , last , find where after inch , plant . your pound meat
eye , had what talk .
- -
phone : 471 - 137 - 7601
mobile : 409 - 193 - 8124
email : stony @ verizon . net
",spam,2005-08-22
22805,japan weekly conf . update,"hello everyone ,
this is just a reminder about thursday ' s ( 05 / 04 / 00 ) conference call regarding
the weekly japan update at 6 : 00 p . m . houston time . please forward your
updates to joe hirl and please copy me . the call will be held in conference
room 21 c 2 for houston participants .
domestic : 1 - 800 - 991 - 9019
intern ' l 847 - 619 - 8039
code : 5764488 #
also please provide me with your work , mobile , and home phone numbers as we
are in the process of putting together a contact list for everyone involved
in this project . lastly please include your email address and you assistant ' s
name and number to make it easier to get in contact with you . thanks ,
eddie",ham,2000-05-03
17314,start date : 12 / 15 / 01 ; hourahead hour : 8 ;,"start date : 12 / 15 / 01 ; hourahead hour : 8 ; no ancillary schedules awarded . no variances detected .
log messages :
parsing file - - > > o : \ portland \ westdesk \ california scheduling \ iso final schedules \ 2001121508 . txt",ham,2001-12-15
27870,ios procedures,"please find attached the internal procedure list for transwestern ' s ios which
will be held thursday , august 10 th . the bid package shall be for 14 , 000
dth / d of east of thoreau to pg & e / topock capacity for a term april 1 , 2001 -
october 31 , 2001 . alternate capacity rights will include alternate receipts
in transwestern ' s east of thoreau area , excluding rio puerco , as well as
alternate delivery rights at socal / needles , mojave / topock , citizens , and the
griffith delivery point ( subject to point activation ) . please note that some
of the ios responsibilities i have traditionally been responsible for have
been re - assigned due to the fact i will be in denver for the august 8 - 11
period for customer meetings ( western gas resources , aquila ) and the coga
conference .
the posting notification will be forwarded as soon as legal signs off .",ham,2000-08-03
447,"kn changes upstream on the 60 k to 92155 for the 5 , 000 and we bring","in 3 , 000 for champians also kn 92155 on the 201 . . . . no other changes
- - - - - - - - - - - - - - - - - - - - - - forwarded by ami chokshi / corp / enron on 03 / 14 / 2000
11 : 41 am - - - - - - - - - - - - - - - - - - - - - - - - - - -
royal _ b _ edmondson @ reliantenergy . com on 03 / 14 / 2000 10 : 57 : 07 am
to : ami _ chokshi @ enron . com , ggrant @ enron . com
cc :
subject : kn changes upstream on the 60 k to 92155 for the 5 , 000 and we bring
in 3 , 000 for champians also kn 92155 on the 201 . . . . no other changes
( see attached file : egmnom - mar . xls )
- egmnom - mar . xls",ham,2000-03-14
6126,virus update : please read,"there are many different variations of the "" iloveyou "" computer virus still
being reported . the it infrastructure team is continually updating our virus
software as new versions become available , but it is extremely important that
you do not open any attachments that you do not regularly receive from
business associates . even business associates you are very familiar with
could be sending you the virus without knowing it , so unless you are
expecting an email from them with an specified attachment please do not open
it . if you are unsure whether to open an attachment please do not open it .
call your helpdesk to ask any questions and to get verification if required .
we may need you to log out and log back in during the day as new anti virus
updates become available . we appreciate your cooperation while we all work
to keep enron ' s computing environment secure .
please note the following enron policies regarding viruses :
email
malicious code ( virus ) screening
in addition to the enron requirement for email attachments ( received and
sent ) to be screened for malicious code ( viruses , trojan horses , etc . ) , users
of enron information resources are required to detach email attachments that
are received on to their hard drive for local virus screening purposes .
all executables ( * . bat , * exe , * . com , * . vbs ) files should never be launched
from email without first consulting with it .
virus alerts
the internet is constantly being flooded with information about computer
viruses and trojan horses . however , within among real virus notices are
computer virus hoaxes . while these hoaxes do not infect systems , they are
still time consuming and costly to handle . it only wastes bandwidth and
unnecessarily alarms other computer users .
please , do not perpetuate unconfirmed warnings about viruses and trojan
horses . if you receive an invalidated warning , don ' t pass it to all your
friends , pass it to your it computer security manager to validate first .
enron
information risk management
713 - 853 - 5536",ham,2000-05-19
29464,digitâl cable tiv descrambler at an ùnbeatable löw price - backspace,"not interested ?
",spam,2004-08-25
2867,natural gas nomination for 04 / 01,"enron methanol nominates the following natural gas requirements for the methanol plant for april 2001 :
30 , 000 mmbtu per day
egpfc nominates the following natural gas requirements for the mtbe plant at morgan ' s point for april 2001 :
8 , 500 mmbtu per day",ham,2001-03-26
6934,hello from enron,"dear dr . mcmullen ,
a few weeks ago i received a call from your university
regarding employment opportunities at enron .
i called back and summarized the needs of my group ( an ideal profile of a
candidate ) :
1 . mathematical finance
2 . computer programming ( c , c + + )
3 . understanding of the energy markets
i shall appreciate any information about potential candidates .
i have also given some other suggestions regarding potential
opportunities for graduates with different profiles .
please , feel free to call me . my number is 713 853 3848 .
vince kaminski",ham,2000-08-29
28857,lim software upgrade notice,"all lim mimic & excel add - in users within enron ,
this past week lim software was upgraded to reflect lim latest versions . if you are experiencing problems with mimic or the xmim excel addin , please restart your machine for the latest changes to take effect , then follow the instructions for your specific application .
mimic :
under start > programs > business applications > lim , use the latest mimic version which is mimic 1 . 2 . 7
excel addin :
please reinstall your add - in , running the xmim excel user ( installation ) under start > programs > business applications > lim
if problems persist , please contact the enron - lim helpdesk at extension 33923 or 713 - 853 - 3923 .",ham,2001-09-27
27618,"localized software , all languages available .","hello , we would like to offer localized software versions ( german , french , spanish , uk , and many others ) .
ail listed software is avaiiabie for immediate downioad !
no need to wait 2 - 3 week for cd delivery !
just few examples :
- norton lnternet security pro 2005 - $ 29 . 95
- windows xp professionai with sp 2 fuli version - $ 59 . 95
- corei draw graphics suite 12 - $ 49 . 95
- dreamweaver mx 2004 ( homesite 5 . 5 inciudinq ) - $ 39 . 95
- macromedia studio mx 2004 - $ 119 . 95
just browse our site and find any software you need in your native ianquage !
best reqards ,
kari
",spam,2005-07-21
28422,re : tw customer letter,"missing a period after first para . otherwise ok .
kal
enron north america corp .
from : michelle lokay @ enron 01 / 29 / 2001 01 : 37 pm
to : kal shah / hou / ect @ ect
cc :
subject : re : tw customer letter
here ' s the final that you and i had talked about earlier . thanks .
- - - - - - - - - - - - - - - - - - - - - - forwarded by michelle lokay / et & s / enron on 01 / 29 / 2001
01 : 36 pm - - - - - - - - - - - - - - - - - - - - - - - - - - -
susan m scott @ ect
01 / 26 / 2001 03 : 41 pm
to : susan scott / et & s / enron @ enron , kal shah / hou / ect @ ect
cc : carl carter / na / enron @ enron , michelle lokay / et & s / enron @ enron
subject : re : tw customer letter
i believe this was intended for susan scott in ets . . . i am with nat . gas risk
mgmt . thanks .
to : carl carter / na / enron @ enron
cc : susan m scott / hou / ect @ ect , michelle lokay / et & s / enron @ enron
subject : re : tw customer letter
michelle sent me the attached ( different version ) this morning for approval
where she changed the first paragraph . i ' ve reviewed the original version
susan scott just sent as well . it appears that most of the changes were just
spelling out "" transwestern . "" i am ok with both versions as long as we have
the july , 2000 date correct . please send me the final version that goes out
for my records .
kal shah
carl carter @ enron
01 / 26 / 2001 03 : 11 pm
to : kal shah / hou / ect @ ect
cc :
subject : tw customer letter
you may want to check this out . thanks .
carl
- - - - - - - - - - - - - - - - - - - - - - forwarded by carl carter / na / enron on 01 / 26 / 2001 03 : 10
pm - - - - - - - - - - - - - - - - - - - - - - - - - - -
susan scott
01 / 26 / 2001 02 : 52 pm
to : michelle lokay / et & s / enron @ enron , carl carter / na / enron @ enron
cc :
subject : tw customer letter
michelle , as i mentioned in my voice mail , the other lawyers wanted a few
changes . my sincerest apologies for the confusion . apparently you and i
were actually working off an old version of fgt ' s letter , not the one they
ultimately approved and used . since you are out of the office , i ' ve taken
the liberty of forwarding it to carl without you reviewing it first , since i
know we want to mail this out soon .
carl , michelle advised me that eol ' s lawyer had approved the previous version
so i assume they will want to review this one as well . let me know if there
are any concerns .
thanks !
susan ( x 30596 )",ham,2001-01-29
4084,,"hello ,
i sent you an email a few days ago because you now qualify for a new mortgage .
you could get $ 300 , 000 for as little as $ 700 a month !
bad credit is no problem , you can pull cash out or refinance .
best regards ,
candy hastings
no thanks
or snail mail :
rua dcoa imstprense , 4 l 34 o 7 , r / c bloco 1 - lk 33 map } utou , m { oz 6 aambique
",spam,2004-07-02
30579,re : account # 80399 a,"hello ,
we sent you an email a while ago , because you now qualify for a new mortgage .
you could get $ 300 , 000 for as little as $ 600 a month !
bad credit is no problem , you can pull cash out or refinance .
please click on this link for free consultation by a mortgage broker :
start saving here
best regards ,
garrett dodson
for
email removal , go here .
sic brothel gnome hyperboloid exemplar sanborn waggle felony balloon doomsday dogmatic inverness gertrude boulder moorish crockett impartial biasdessicate assiduity confucius drier wriggle imaginate seminarian brotherhood heater campus maelstrom individuate burly christianson wad ignoramus creed workastringent drop housebreak mephistopheles cogent basketball sixtieth blight shorthand swan extort chiffon weapon aorta squashberry coherent convulsive runnethaztecan automorphic blackman bethought gallup cornerstone uptake quebec chigger dorcas deletion heublein focus bender buzz whitehorse crux liltmacarthur finial dampen complacent hypodermic bissau proscenium armpit penalty staple ansi elaborate somehow acorn cotman",spam,2004-11-26
3579,on call,"brandee jackson
713 - 345 - 4013
w e e k e n d s y s t e m s a v a i l a b i l i t y
f o r
november 2 , 2001 5 : 00 pm through november 5 , 2001 12 : 00 am
scheduled system outages :
ardmore data center - facility operations : no scheduled outages .
azurix : no scheduled outages .
eb 34 data center - facility operations : no scheduled outages .
edi :
impact : corp
time : fri 11 / 2 / 2001 at 12 : 00 : 00 pm ct thru sun 11 / 4 / 2001 at 4 : 00 : 00 am ct
fri 11 / 2 / 2001 at 10 : 00 : 00 am pt thru sun 11 / 4 / 2001 at 2 : 00 : 00 am pt
fri 11 / 2 / 2001 at 6 : 00 : 00 pm london thru sun 11 / 4 / 2001 at 10 : 00 : 00 am london
outage : edi _ qa oracle database upgrade
environments impacted : corp
purpose : to comply with corporate standardization
backout : restore the database to its original state
contact ( s ) : maria santiago 713 - 345 - 7354
john kratzer 713 - 345 - 7672
karen o ' grady 713 - 345 - 7149
ees :
impact : ees
time : thu 11 / 1 / 2001 at 6 : 00 : 00 pm ct thru sun 11 / 4 / 2001 at 12 : 00 : 00 am ct
thu 11 / 1 / 2001 at 4 : 00 : 00 pm pt thru sat 11 / 3 / 2001 at 10 : 00 : 00 pm pt
fri 11 / 2 / 2001 at 12 : 00 : 00 am london thru sun 11 / 4 / 2001 at 6 : 00 : 00 am london
outage : migrate eeshou - fslto san
environments impacted : ees
purpose : new cluster server is on san and san backups
this will provide better performance , server redundancy , and backups should complete without problems .
backout : take new server offline ,
bring up old servers
change users profiles back to original settings .
contact ( s ) : roderic h gerlach 713 - 345 - 3077
enron center south data center - facility operations : no scheduled outages
enron north american lans :
impact : ardmore
time : sat 11 / 3 / 2001 at 10 : 00 : 00 pm ct thru sun 11 / 4 / 2001 at 2 : 00 : 00 am ct
sat 11 / 3 / 2001 at 8 : 00 : 00 pm pt thru sun 11 / 4 / 2001 at 12 : 00 : 00 am pt
sun 11 / 4 / 2001 at 4 : 00 : 00 am london thru sun 11 / 4 / 2001 at 8 : 00 : 00 am london
outage : add redundant connections between ard - cor - ccxl / 2 and ena - cxl / 2 - ard
environments impacted : all
purpose : increased bandwidth / resiliency available on the man
backout : put original equipment / configs back in place
contact ( s ) : dennis mcgough 713 - 345 - 3143
impact : ebs
time : sat 11 / 3 / 2001 at 1 : 00 : 00 pm ct thru sat 11 / 3 / 2001 at 4 : 00 : 00 pm ct
sat 11 / 3 / 2001 at 11 : 00 : 00 am pt thru sat 11 / 3 / 2001 at 2 : 00 : 00 pm pt
sat 11 / 3 / 2001 at 7 : 00 : 00 pm london thru sat 11 / 3 / 2001 at 10 : 00 : 00 pm london
outage : relocate ebs portland servers and switch pdx - 3 wtcpl - swxl
environments impacted : ebs
purpose : existing equipment rack removed in order to install new phone system .
backout : none . space must be vacated .
contact ( s ) : chris shirkoff 503 - 778 - 0920 8774937918 @ skytel . com
dave steiner 503 - 703 - 1553
field services : no scheduled outages .
internet : no scheduled outages .
messaging :
impact : corp notes
time : fri 11 / 2 / 2001 at 9 : 00 : 00 pm ct thru sat 11 / 3 / 2001 at 1 : 00 : 00 am ct
fri 11 / 2 / 2001 at 7 : 00 : 00 pm pt thru fri 11 / 2 / 2001 at 11 : 00 : 00 pm pt
sat 11 / 3 / 2001 at 3 : 00 : 00 am london thru sat 11 / 3 / 2001 at 7 : 00 : 00 am london
outage : cnotes server reboots
environments impacted : all users on any of the mailservers listed below
purpose : scheduled @ 2 week interval
backout : make sure server comes up .
contact ( s ) : trey rhodes ( 713 ) 345 - 7792
impact : ei
time : fri 11 / 2 / 2001 at 9 : 00 : 00 pm ct thru sat 11 / 3 / 2001 at 1 : 00 : 00 am ct
fri 11 / 2 / 2001 at 7 : 00 : 00 pm pt thru fri 11 / 2 / 2001 at 11 : 00 : 00 pm pt
sat 11 / 3 / 2001 at 3 : 00 : 00 am london thru sat 11 / 3 / 2001 at 7 : 00 : 00 am london
outage : ei notes server maintenance
environments impacted : ei local / domestic / foreign sites
purpose : scheduled @ 2 week interval
backout : n / a
contact ( s ) : david ricafrente 713 - 646 - 7741
impact : ees
time : fri 11 / 2 / 2001 at 8 : 30 : 00 pm ct thru fri 11 / 2 / 2001 at 11 : 30 : 00 pm ct
fri 11 / 2 / 2001 at 6 : 30 : 00 pm pt thru fri 11 / 2 / 2001 at 9 : 30 : 00 pm pt
sat 11 / 3 / 2001 at 2 : 30 : 00 am london thru sat 11 / 3 / 2001 at 5 : 30 : 00 am london
outage : ees notes server reboots
environments impacted : all users on any of the mailservers listed below
purpose : scheduled @ 2 week interval on lst and the 3 rd friday of each month .
backout :
contact ( s ) : dalak malik 713 - 345 - 8219
market data : no scheduled outages .
nt : no scheduled outages .
os / 2 : no scheduled outages .
other :
impact :
time : sat 11 / 3 / 2001 at 9 : 00 : 00 pm ct thru sun 11 / 4 / 2001 at 12 : 00 : 00 am ct
sat 11 / 3 / 2001 at 7 : 00 : 00 pm pt thru sat 11 / 3 / 2001 at 10 : 00 : 00 pm pt
sun 11 / 4 / 2001 at 3 : 00 : 00 am london thru sun 11 / 4 / 2001 at 6 : 00 : 00 am london
outage : migrate ebs common data to corp environment and update dfs
environments impacted : any user accessing o : ebs
purpose : will be migrating all common data from o : ebs houston and o : ebs portland to corp servers in houston and their corresponding ebs servers will be decommissioned . o : ebs shepherd and o : ebs loopcentral will also be migrated and their corresponding ebs servers will be decommissioned . o : ebs will be removed from dfs and the dfs entries will be re - inputed in order to decommission the ebs dfs server . this needs to be done as part of the decommissioning of the ebs environment .
backout : leave ebs data servers and dfs servers online and re - input the dfs links .
contact ( s ) : mark wolf 713 - 345 - 6389
impact : hr
time : sat 11 / 3 / 2001 at 8 : 00 : 00 am ct thru sat 11 / 3 / 2001 at 11 : 00 : 00 am ct
sat 11 / 3 / 2001 at 6 : 00 : 00 am pt thru sat 11 / 3 / 2001 at 9 : 00 : 00 am pt
sat 11 / 3 / 2001 at 2 : 00 : 00 pm london thru sat 11 / 3 / 2001 at 5 : 00 : 00 pm london
outage : replace cd - rom in hr - db - 5
environments impacted : hr lan
purpose : the cd - rom drive has failed and needs to be replaced .
backout :
contact ( s ) : brandon bangerter 713 - 345 - 4904
mark calkin 713 - 345 - 7831
raj perubhatla 713 - 345 - 8016 281 - 788 - 9307
impact : nahou - rem 2
time : sun 11 / 4 / 2001 at 1 : 00 : 00 pm ct thru sun 11 / 4 / 2001 at 1 : 30 : 00 pm ct
sun 11 / 4 / 2001 at 11 : 00 : 00 am pt thru sun 11 / 4 / 2001 at 11 : 30 : 00 am pt
sun 11 / 4 / 2001 at 7 : 00 : 00 pm london thru sun 11 / 4 / 2001 at 7 : 30 : 00 pm london
outage : upgrade nahou - rem 2 server with latest remedy patch
environments impacted : remedy reporting server
purpose : plug a memory leak in the current version patch .
backout : remove the new executable and rename the arserver . old to arserver . exe
contact ( s ) : james weaver 713 - 345 - 4810
sitara : no scheduled outages .
sun / oss system : no scheduled outages .
telephony : no scheduled outages
terminal server : no scheduled outages .
unify : no scheduled outages .
for assistance
( 713 ) 853 - 1411 enron resolution center
specific help :
information risk management ( 713 ) 853 - 5536
sap / isc ( 713 ) 345 - 4727
unify on - call ( 713 ) 284 - 3757 [ pager ]
sitara on - call ( 713 ) 288 - 0101 [ pager ]
rus / gops / geotools / aprs ( 713 ) 639 - 9726 [ pager ]
oss / ua 4 / tarp ( 713 ) 285 - 3165 [ pager ]
cpr ( 713 ) 284 - 4175 [ pager ]
edi support ( 713 ) 327 - 3893 [ pager ]
ees help desk ( 713 ) 853 - 9797 or ( 888 ) 853 - 9797
tds - trader decision support on - call ( 713 ) 327 - 6032 [ pager ]",ham,2001-11-02
33453,read from miss jan .,"miss jan taylor
sonex road
freetown
sierra leone
subject : investment of my funds $ 12 m .
dear beloved ,
i am miss jan charles taylor 26 yrs , the daughter of the former liberian president
charles taylor , i have in my possession the sum of twelve million united state
dollars 12 , 000 , 000 . 00 } , and the top list of my priority is where to invest
this money outside my country . "" reason best known to me "" . i urgently need your
assistance in providing a reliable genuine trade or company where i can invest
the fund and immediately meet you in your country for settlement . please i
will kindly welcome your advice too .
i am expecting your urgent mail response . i need your support and seriousness . i
am presently on exile in free town sierraleone with my brother chokri taylor
after the united states asked my father to resign as the president of liberia . my
father is also on a self exile in one of the west african country .
your urgent response is expected . send your confidential phone number so
that i can reach you when neccessary .
your sincerely ,
miss jan charles taylor
freetown
sierra leone
book yourself something to look forward to in 2005 .
cheap flights - http : / / www . tiscali . co . uk / travel / flights /
bargain holidays - http : / / www . tiscali . co . uk / travel / holidays /",spam,2005-07-08
20010,re : account # 42555892 b,"hello ,
we sent you an email a while ago , because you now qualify for a
new mortgage .
you could get $ 300 , 000 for as little as $ 600 a month !
bad credit is no problem , you can
pull cash out or refinance .
please click on this link for free consultation by a mortgage
broker :
start saving here
best regards ,
doug mcneil
for
email removal , go here .
feather andrei suave annette caddy blister
bow embattle luminescent indisposition demean sw
airtight dreary fossiliferous algal cecilia
sprocketblurry n sherwin cling dewy
subsist dashboard chapman consternate splintery ashame
might sacramento donate apprise albright concoct
 hooch later bankrupt eleanor
difficult etude rotunda electra midland halt
locate pence astatine familiarly baggage blandish
 dietician infighting talisman concision
diluent medea crossarm illiteracy nd tobacco
conflagration claimant dominick axial chen hurray
cholesterolaccuse acropolis mcmillan cabot penmen
crosswalk diopter extinct keaton bake cleavage
elsewhere tenneco area haney",spam,2004-10-07
13693,enron mentions,"ken , lay your cards on the table
fortune magazine , 11 / 12 / 01
editor ' s desk
fortune magazine , 11 / 12 / 01
s . e . c . opens investigation into enron
the new york times , 11 / 01 / 01
enron partnerships led by fastow face a formal sec investigation
the wall street journal , 11 / 01 / 01
broadband trading ' s prospects narrow fast
the wall street journal , 11 / 01 / 01
before the bell : microsoft up off possible antitrust deal
dow jones commodities service , 11 / 01 / 01
companies nov 1 , 2001
commodities nov 1 , 2001
world stock markets : wall st falters after modest morning revival
financial times ; nov 1 , 2001
what went wrong with enron ?
houston chronicle , nov 1 , 2001
formal upgrade of enron investigation gives subpoena power to sec
houston chronicle , nov 1 , 2001
enron discloses sec probe
the washington post , 11 / 01 / 01
enron corp . cut to near - term ` neutral ' at merrill
bloomberg , 11 / 01 / 01
sec opens formal investigation into enron , company says
associated press newswires , 10 / 31 / 01
sec probe of dealings is official , enron says
chicago tribune , 11 / 01 / 01
exchanges add otc products as option to enron .
the oil daily , 11 / 01 / 01
india : bank meeting on enron indian unit postponed - source .
reuters english news service , 11 / 01 / 01
bg extends talks with ongc , reliance over gas fields ( updatel )
bloomberg , 11 / 01 / 01
indian financial institutions fail to resolve dabhol power issue
asia pulse , 11 / 01 / 01
indian lenders , enron officials discuss dabhol crisis
business standard , 11 / 01 / 01
us utilities are slow to make life harder for enron
dow jones news service , 10 / 31 / 01
enron says sec inquiry now a formal investigation ( update 4 )
bloomberg , 10 / 31 / 01
smartmoney . com : the data mine : come sales away
dow jones news service , 10 / 31 / 01
usa : enron trusts may prove troublesome if ratings cut .
reuters english news service , 10 / 31 / 01
usa : update 3 - enron says sec inquiry now full - scale probe .
reuters english news service , 10 / 31 / 01
usa : funds still shying away from former darling enron .
reuters english news service , 10 / 31 / 01
first / enron
ken , lay your cards on the table
bethany mclean
11 / 12 / 2001
fortune magazine
time inc .
37
( copyright 2001 )
"" i want to make sure we restore that credibility . "" so said enron ceo ken lay in august , after his company ' s stock had fallen from over $ 80 to $ 36 since january , after the shocking resignation of his handpicked successor , jeff skilling , and after growing complaints about the company ' s incomprehensible financial statements .
today there ' s mounting evidence that lay - - a senior statesman who helped create enron in the mid - ' 80 s - - may not be part of the solution . in the past two months enron ' s stock has sunk another 60 % , to $ 16 , amid concern that the company ' s murky disclosure may be a sign of deeper business problems . a conference call that lay held on oct . 23 , ostensibly to reassure skittish investors , was widely regarded as a disaster . enron "" wiggled , squirmed , and gave a bunch of nonanswers , "" as one listener puts it . even formerly docile sell - side analysts are turning hostile . after the call , prudential ' s carol coale downgraded enron to a sell , "" not because of things that we know , but because of things that we potentially don ' t know . ""
enron ' s stock began its plunge in mid - october after the company announced its third - quarter results . as always , enron made its earnings number - - that is , before a gigantic , $ 1 . 01 billion charge due to a slew of investments gone sour . worse , enron was less than up - front about an additional $ 1 . 2 billion reduction in shareholders ' equity , caused by the early termination of controversial outside investment partnerships run by former enron cfo andy fastow . lay reassured investors that enron ' s credit rating was intact but made no mention of moody ' s , which after the call put enron ' s debt on review for a possible downgrade . as enron acknowledges , it is critical that the company ' s debt be rated investment - grade , given the requirements of its huge trading operations . enron ' s debt is currently rated several notches above investment - grade , and at the end of the second quarter the company had $ 12 billion in debt , or a not unhealthy debt - to - capitalization ratio of 46 % . but the most recent figures aren ' t yet available ( enron doesn ' t release a balance sheet with its earnings results ) , and there ' s concern about enron ' s ability to meet its near - term liquidity needs .
the stock sank further when enron announced that the sec was inquiring into the fastow - run partnerships , which did a variety of bewildering deals with enron , raising questions about possible conflicts of interest . lay contends that the partnerships , named ljm and ljm 2 ( for fastow ' s children , says one analyst ) , were done merely to "" mitigate volatility . "" a so - called chinese wall - - meaning that enron and the partnerships were run as two separate businesses - - protected enron shareholders , he insisted . but here ' s an extraordinary line from one copy of ljm 2 ' s marketing material : "" enron board of directors has waived ' code of conduct ' for a . fastow ' s activities relative to ljm 2 . "" ( enron says it claims absolutely no responsibility for what may have been represented by an independent company . ) as for lay ' s assertion of a chinese wall , well , how can there be a chinese wall within fastow ' s brain ? on oct . 24 , enron announced a fall guy - - fastow would take a "" leave of absence . "" at the very least the partnerships demonstrate horrific judgment by people other than just fastow . enron ' s board , for example , gave its okay . one document shows that ben glisan , enron ' s treasurer , was also on the partnership ' s investment team . ( enron says that document is a draft . )
perhaps the biggest concern is the true profitability of enron ' s core business , its energy trading operation . the heart of the enron story , the stuff that captivated wall street , was the company ' s transformation from a stodgy gas pipeline into a technology phenomenon that could make a market in anything , from electricity to broadband . it ' s impossible to know if enron has used the partnerships and off - balance - sheet vehicles to influence its reported earnings . enron also mingles profits from asset sales with its trading income - - and despite its pledges , in the most recent quarter the company provided less , not more , disclosure on that front . in addition there are questions about how aggressively enron books trading - related revenue . in fact , a knowledgeable source at a competitor says that enron recognizes its revenues at two to five times the rate of that company ' s . if energy trading is really such a fabulous business for enron , why does it need to play so many games ?
as for ken lay , who was once thought to be in jack welch ' s league , he has accomplished the truly remarkable feat of destroying much of what was left of enron ' s credibility in just a few short months - - along with some of his own . some observers suspect that the problem is not that lay is avoiding questions , but that he doesn ' t know the answers . in either case , lay is a long way from keeping his promises .
quote : despite promises from ceo ken lay , enron ' s financial disclosure is still far from sufficient .
color photo
copyright ? 2000 dow jones & company , inc . all rights reserved .
editor ' s desk
rik kirkland / managing editor
11 / 12 / 2001
fortune magazine
time inc .
5
( copyright 2001 )
the chitlin strut is about to crank up again in salley , s . c . ( i ' m talking beauty pageant , fireworks , and 10 , 000 pounds of fried pig intestines - - you ' re there , right ? ) if not , there ' s plenty of other great stuff going on in november , as you ' ll learn by checking out our new fortune business calendar in the front of the current fortune advisor . written by reporter grainger david ( above ) , it ' s the wittiest , most delightful monthly guide anywhere . trust me on this . do not miss it ! otherwise , your colleagues will know when comdex starts , what connects cisco to guy fawkes day , and the date of the next beaver moon . and you ? you ' ll just be your usual chitlin - struttin ' , clueless , uninformed self .
combine the intelligence and ferocious accuracy of a research scientist with the voice of a lyric poet and what do you get ? david stipp . david keeps fortune on the cutting edge of medicine , genomics , and a host of technologies . any boomer fretting about his growing inability to recall old friends ' names ( much less the date of the battle of hastings ) will be heartened by david ' s story on the drive to develop "" a pill to help you remember . "" and in his second piece in this issue , "" the coming hydrogen economy , "" david shows how improved wind power , fuel cells , and other innovations are reducing america ' s reliance on hydrocarbons faster than most of us realized . it makes you wonder why our political leaders aren ' t already debating how they can help accelerate this welcome shift and eventually free us from our dependence on middle eastern oil . my advice : send david ' s report to your representatives and the president .
it may have been the call of the year . in our march 5 issue , senior writer bethany mclean asked , "" is enron overpriced ? "" yes , she argued . she was especially exercised about enron ' s opaque accounting and dubious rationalizations for its sky - high multiple . the stock was then at $ 75 , 13 of 18 analysts rated it a buy , and the company , which vigorously objected to bethany ' s piece , was still telling wall street it should be valued at $ 126 a share . eight months later , enron is trading around $ 15 , and that opaque accounting is a big part of its problem . see first for bethany ' s latest take on this ex - highflier .
who is this guy ? i ' m not telling , because it would steal from the punch line of senior writer jerry useem ' s marvelous essay on leadership , "" what it takes . "" jerry ' s story isn ' t on our cover merely because the challenge of running a company - - or any group of people - - in a crisis has , since sept . 11 , become topic a for business folks . it ' s there because it ' s really good . reading it could lower the odds you ' ll end up like our sad little bearded dude .
b / w photo : joanne chan b / w photo : richard e . schultz color photo : jane huntington b / w photo : brown brothers
copyright ? 2000 dow jones section c
s . e . c . opens investigation into enron
by alex berenson
11 / 01 / 2001
the new york times
page 4 , column 6
c . 2001 new york times company
the securities and exchange commission has opened a formal investigation into transactions among the enron corporation and partnerships headed by andrew s . fastow , the company ' s former chief financial officer , enron said yesterday .
the commission ' s move comes as enron struggles to reassure investors and its partners that its profits are real and that its cash position is strong . shares of enron , the world ' s largest trader of electricity and natural gas , have plunged 83 percent this year as investors question the company ' s complex and opaque accounting . shares of enron rose $ 2 . 74 yesterday , to $ 13 . 90 , ending a 10 - day string of losses .
in addition , enron ' s board said yesterday that it had appointed a special committee to examine the transactions . the panel will be headed by william powers jr . , the dean of the university of texas law school , who was elected to enron ' s board yesterday . the committee has hired william r . mclucas , a former head of the division of enforcement at the s . e . c . , as its counsel . he is a partner in the law firm of wilmer , cutler & pickering in washington .
enron disclosed 10 days ago that the commission had opened an informal inquiry into its transactions with mr . fastow . a formal investigation significantly increases the pressure on the company .
john heine , a spokesman for the commission , said he could not comment on the s . e . c . ' s investigation of enron . but , speaking generally , mr . heine said the opening of a formal inquiry enabled the commission to subpoena documents and was used when s . e . c . staff members thought that the companies or executives were not responding voluntarily to their questions .
if staff members ' ' run into situations where they feel they need information to look further and the sources for that information are not cooperative , the staff can go to the commission and recommend that the commission issue a formal order of investigation authorizing that the staff issue subpoenas , ' ' mr . heine said .
when it disclosed the commission ' s informal inquiry on oct . 22 , enron promised to cooperate fully with the s . e . c . ' ' we welcome this request , ' ' kenneth l . lay , enron ' s chairman , said .
a spokesman for enron did not return calls yesterday .
enron began this year on an apparently unstoppable growth streak . but the company has suffered one setback after another . the company ' s efforts to become a profit - making water supplier and to create a new market in broadband communications capacity have been expensive failures . in august , jeffrey k . skilling resigned as chief executive , forcing mr . lay , his predecessor , to resume day - to - day control .
enron ' s problems came to a head in mid - october , when it disclosed that its shareholders ' equity , a measure of the company ' s value , dropped $ 1 . 2 billion in the third quarter because of a deal with partnerships led by mr . fastow . because of complex accounting rules , the write - down was not apparent in enron ' s quarterly earnings report . news of the write - down disturbed investors because it suggested that enron might have found a way to hide losses , throwing the accuracy of its financial statements into question .
last week , the company ousted mr . fastow , but it is now struggling to explain the transactions to its shareholders and bond - rating agencies . amid rumors that the company might face a cash squeeze , enron used a $ 3 . 3 billion line of credit last week and is seeking additional financing . still , some energy companies are shying away from making trades with enron that will take more than a few weeks to close .
copyright ? 2000 dow jones & company , inc . all rights reserved .
enron partnerships led by fastow face a formal sec investigation
by john r . emshwiller and rebecca smith
staff reporters of the wall street journal
11 / 01 / 2001
the wall street journal
a 4
( copyright ( c ) 2001 , dow jones & company , inc . )
the securities and exchange commission elevated to a formal investigation its inquiry into enron corp . ' s financial dealings with partnerships headed by its former chief financial officer , andrew fastow .
enron disclosed the sec action late yesterday . as a matter of policy , the sec doesn ' t comment on what it is or isn ' t investigating .
a formal investigation involves the sec ' s enforcement branch going to the five - member commission and obtaining formal subpoena power to pursue its inquiry . a person familiar with the sec probe said the agency felt it needed subpoena power to compel the release of information by parties that have done business with enron .
enron last week disclosed that the sec had contacted the company as part of what it described as an informal inquiry into the fastow - related partnerships . at the time , enron said it welcomed the inquiry and that it would cooperate fully with the sec - - a position the company has restated repeatedly since .
while a formal order of investigation doesn ' t indicate that the sec has decided that there is wrongdoing , it is a sign "" of a decision to pursue the investigation , "" said former sec enforcement attorney jacob frenkel . "" it clearly is one level up "" from an informal inquiry , he said .
as part of its efforts to deal with the overall situation , enron also announced the appointment of university of texas law - school dean william powers to its board . mr . powers will head a four - member board committee to look into the fastow - related transactions and other matters .
former sec enforcement chief william mclucas , who is now with the washington d . c . law firm of wilmer , cutler paulo ferraz pereira , executive vice president of the brazilian - owned investment bank group bozano and herbert s . winokur , jr . , chairman and chief executive of capricorn holdings , inc . enron chairman and chief executive kenneth lay has asked the committee to "" take a fresh look at these transactions and take any appropriate action , "" the company spokeswoman said .
enron has consistently said its dealings with the fastow - connected partnerships were legal and properly disclosed to investors . according to enron filings with the sec , the company did deals involving billions of dollars of assets and enron stock with entities related to the fastow partnerships . internal partnership documents indicate that mr . fastow and possibly others made millions of dollars from the partnerships . mr . fastow , who was replaced as chief financial officer last week , has consistently declined to be interviewed .
news of the sec investigation came at the end of what lately had been a rare up day for enron in the stock market . after plummeting for 10 straight trading sessions , enron shares rose by nearly 25 % . in 4 p . m . new york stock exchange composite trading , enron rose $ 2 . 74 to $ 13 . 90 a share and was once again the big board ' s most active issue , with about 43 . 8 million shares changing hands . a little more than two weeks ago , enron shares were above $ 33 each . about a year ago they were around $ 85 .
analysts and other observers said the rebound was partly due to bargain - hunting as well as continued speculation about a possible takeover bid for houston - based enron , given its current severely depressed stock price . starting about two weeks ago , enron suffered a sharp loss in investor confidence following big third - quarter write - downs , partly related to the fastow partnerships , and the disclosure of the sec inquiry .
enron officials argue that investors have been overreacting and say the company is fundamentally sound . they have promised to be more forthcoming about the company ' s extremely complex finances . investors need to know more about the company ' s potential liabilities , said a . g . edwards analyst michael heim . "" until you know the worst - case scenario , it is hard to move forward , "" he said .
to improve its liquidity , enron is nearing completion of a new bank credit line of roughly $ 1 billion to be secured by gas - pipeline assets , say people familiar with the matter . the new line would supplement existing credit facilities , which were largely used up last week when enron drew down about $ 3 billion to help it weather the current crisis .
- - -
jathon sapsford and michael schroeder contributed to this article .
copyright ? 2000 dow jones & company , inc . all rights reserved .
broadband trading ' s prospects narrow fast
by elliot spagat
staff reporter of the wall street journal
11 / 01 / 2001
the wall street journal
cl
( copyright ( c ) 2001 , dow jones & company , inc . )
create a market , and they will come ?
last year , companies led by enron corp . envisioned a fast - growing , and very profitable , new market trading broadband capacity . as demand burgeoned for fiber - optic lines that carry internet and other data to offices and homes , they figured , people with too little or too much capacity would be eager to trade it - - much like soybeans , oil and electricity .
but instead of a bustling market , it has pretty much been a bust , so far anyway . plummeting broadband prices , a dearth of creditworthy customers and now enron ' s financial woes have stalled the nascent market , and the costs are adding up .
enron ' s broadband unit , for instance , had an $ 80 million operating loss in the third quarter on revenue of $ 4 million , down from revenue of $ 162 million a year earlier . the company also recorded a $ 180 million third - quarter charge to restructure its broadband unit , which included cutting 400 to 500 jobs and losses on the sale of inventory , and plans to close offices in london and singapore .
enron handled just 405 trades in the third quarter , down from 759 in the second quarter . currently , the broadband market - - in which contracts to buy and sell capacity on fiber - optic networks are traded by brokers by telephone , rather than on the floor of a physical exchange - - records fewer than two dozen trades a day . many of the transactions take place between energy companies rather than between users and suppliers .
that ' s less than what enron and others creating the new market , including dynegy corp . and el paso corp . , had expected . with characteristic bravado , they saw in telecommunications many of the same factors that drew them to gas and electricity : a newly deregulated market , plenty of inefficiency and what seemed to be insatiable demand for the fiber - optic lines to carry internet and other data .
for example , if a big corporation needed to quickly expand its internal "" intranet "" service to send traffic among its various offices around the u . s . , it could in effect buy the capacity on the new market .
after making hundreds of millions of dollars trading in natural gas and electricity , the companies were confident they could outmaneuver the giant telecom carriers , which never welcomed them , because the telecom companies wanted to control capacity rather than see it become a tradable commodity . "" it ' s worked so well for us in gas , it ' s worked so well for us in power , "" said stephen bergstrom , dynegy ' s president and chief operating officer . "" there ' s a lot of differences , but there ' s also a lot of similarities . ""
the energy companies , nearly all of which are based in houston , saw the telecom industry as slow and secretive . telecom carriers typically spend six to nine months arranging multiyear deals to exchange network capacity or to serve major business customers . their contracts , which aren ' t disclosed publicly , often involve custom work - - for which they could charge premium prices . and if their service turns out to be unreliable , the buyer has little recourse .
through trading of broadband capacity , enron in mid - 1999 saw the chance to offer telecom customers prices that were easy to understand and compare , because they would be based on standard contracts and instant delivery . penalties would be assessed when service faltered . contracts could change hands frequently and last for as little or as much time as the customers wanted . enron figured that time on fiber lines could be treated just like kilowatt hours of electricity .
enron "" kind of made it happen . the other energy players look like followers , "" noted martin gray , vice president for trading and risk management at london ' s cable & wireless plc , one of the few telecom companies to take a serious interest in bandwidth trading .
to back its efforts , enron erected an 18 , 000 - mile fiber network offering connections at blazing speed , and built 25 delivery points for companies to exchange bandwidth . it also relentlessly prodded carriers and large businesses to rethink the rules .
but most telecom carriers never warmed to bandwidth trading . "" houston is a bad word in their mind , "" said jack blunt , senior vice president of finance at ratexchange corp . , a san francisco - based bandwidth broker that also operates a small electronic broadband - trading exchange . "" the energy merchants are perceived as cutting in on their business and trying to create a commodities market . ""
efforts to create hubs , or points where service could be delivered , stumbled when other traders balked at how much information they would have to share if they used enron ' s sites . meanwhile , bandwidth prices were falling sharply , in part because telecom companies overbuilt their fiber - optic networks , and in part because demand , while growing , didn ' t grow as quickly as expected . as a result , customers were reluctant to buy contracts for fiber - optic capacity that would lock them into prices that might be much higher than rates they could get just a few months later .
at the same time , upstart phone companies and internet service providers - - among the biggest potential clients for excess capacity traded on a broadband market - - were running into serious problems , reducing the number of creditworthy customers .
el paso initially planned to invest $ 2 billion in its telecom business . a few months ago , it cut its projected investment to $ 1 . 5 billion . last week , the company said it would cut back "" radically "" and limit its focus to its existing network in texas and a delivery hub in chicago . "" the clear line of sight to success has become very opaque , "" said william wise , chief executive of the houston - based company .
dynegy , which operates a 16 , 000 - mile fiber - optic network connecting 44 u . s . cities , reported a relatively moderate $ 15 million third - quarter loss in its telecom business . "" we are not big on [ being ] first mover , "" said mr . bergstrom . "" we were second mover in gas , second mover in power , and we were second mover in telecom . ""
still , the houston crowd isn ' t giving up on the market . an enron spokeswoman said the company remains committed to telecom , but is reviewing costs . the company remains a chief cheerleader in trying to develop hubs and set standards .
dynegy is "" comfortable "" with its current position , a spokeswoman said . chuck watson , its chief executive , said demand has picked up sharply since sept . 12 as companies have conducted more business by phone . he expects demand to grow substantially next year . but executives at several companies acknowledge that it may take months , if not years , to create an active trading market .
if enron retreats further , the biggest winners would be the giant telecom carriers that considered enron a threat to their decades - old ways of doing business , analysts say . "" all eyes are on enron , "" said seth libby , an analyst at the yankee group research firm in boston . "" when they came into this market , they were the catalyst , and they still are the catalyst to create bandwidth as a commodity . ""
copyright ? 2000 dow jones & company , inc . all rights reserved .
before the bell : microsoft up off possible antitrust deal
by shaheen pasha
of dow jones newswires
11 / 01 / 2001
dow jones commodities service
( copyright ( c ) 2001 , dow jones 201 - 938 - 2312 ; shaheen . pasha @ dowjones . com
copyright ? 2000 dow jones & company , inc . all rights reserved .
companies nov 1 , 2001
by julie earle , matthew jones and sheila mcnulty
with enron ' s share price hovering around its low for the year , the question of whether this is the right time to buy into the us ' s biggest energy trader is not only being asked by small - time investors but also by potential acquirers .
as of the market close on tuesday , enron ' s stock was down 67 per cent from october 16 , when the company disclosed a surprise dollars 1 . 2 bn charge against shareholders ' equity that has provoked a crisis of confidence in the company . the selling has hacked dollars 17 bn off enron ' s market value in two weeks .
"" the situation is one where enron is likely to survive , but it is hard to analyse because we don ' t have all the information yet , "" says john olson , vice - president of research at sanders morris harris , an investment banking firm . "" with the stock being crunched so badly , only people with a high appetite for risk should buy . ""
that goes for acquirers as well , analysts say .
the sec is conducting an unofficial enquiry into enron ' s financial dealings . andrew fastow , enron chief financial officer , has been replaced . shareholders have subsequently filed a series of lawsuits against enron . and not only has one of the main rating agencies downgraded enron ' s long - term debt , but the other two are reviewing it for potential downgrade .
other outstanding issues include how much enron will get from the dollars 4 . 5 bn in asset sales it has been planning , including its dabhol power project in india , where enron and its foreign partners want to retrieve their dollars lbn in costs spent building the now - defunct plant .
analysts warn there may be more losses to come at the company ' s poorly performing broadband division , where enron has warned it sees no immediate prospect of recovery , despite recent comments by dynegy , its rival , that the broadband market is improving .
and there are worries enron may have to take extra charges on its other off - balance - sheet vehicles .
kenneth lay , chief executive , has said the company is watching closely its operations in india , broadband and california , where enron is one of several energy traders facing questions over accusations of a manipulation of power prices - which it denies . but if enron had other impaired assets , it would have announced them , he added .
the potential risks make it more likely , analysts say , that acquirers would rather buy one or more of enron ' s business units than the whole business .
mr olson says enron ' s trading , outsourcing and pipeline businesses are all good growth businesses . the trading business , which has been growing 31 per cent a year , has been making a 23 per cent return on equity , he says .
energy outsourcing , growing at 50 per cent a year , has roe of 62 per cent , and roe at pipelines , where growth has been 7 - 8 per cent a year , has been 24 per cent .
at midday yesterday , enron ' s shares were trading at dollars 12 . 64 , up 13 . 26 per cent .
"" the valuations are compelling , "" says andre meade of commerzbank securities . enron is the number - one marketer of natural gas and power in north america . mr meade says enron is the best platform to get into these two big businesses .
banking sources in london say royal dutch / shell and bp have considered buying enron but have backed off because of concerns about a culture clash and the level of enron ' s debts .
banks have approached enel , the italian power utility , about acquiring enron , but it is understood to have rejected the idea .
eon , the german utility group , was also named as a potential european buyer , but analysts say the regulatory hurdles may be too high because it is still in the process of gaining approvals for its purchase of powergen , the uk electricity group with interests in the us .
"" at this price a number of large utilities and oil groups will be looking at enron but the business is imploding so quickly that it ' s a real risk , "" says one banker . additional reporting by fred kapner
executives campaign round the rating agencies
executives from enron , the embattled energy trading company , was visiting new york rating agencies yesterday as part of a campaign to defend the company ' s investment - grade rating , write sheila mcnulty in houston and robert clow in new york .
the team , led by greg whaley , enron ' s president and chief operating officer , was to meet separately with moody ' s investors service , standard & poor ' s and fitch .
moody ' s this week downgraded its long - term debt , citing deterioration in enron ' s financial flexibility over the past two weeks .
at the same time as the company was launching the charm offensive it was putting the finishing touches to a financing deal . enron said over the weekend that it was searching for sources of liquidity to bolster its financial position .
in spite of its troubles , enron ' s energy trading business has continued to thrive .
but that might no longer be the case if the company was downgraded below investment grade . then enron ' s trading counterparties might increase the amount of collateral they demand from enron , putting pressure on margins . "" our concern is that a reduction in the debt rating could impair their ability to operate their trading and marketing operations , "" said raymond niles of salomon smith barney .
even after the moody ' s downgrade , enron ' s long - term debt is still rated a few notches above junk by all rating agencies . fitch , however , has put enron on review for possible downgrade and standard & poor ' s has changed enron ' s credit outlook to negative from stable .
copyright : the financial times limited
commodities nov 1 , 2001
by mary chung
the us department of energy said yesterday it would take over a closely watched weekly survey on natural gas from an industry trade group that has been publishing the data for the past seven years .
the report will be picked up by the energy information administration ( eia ) , the department ' s statistical division , after the american gas association ( aga ) , which represents us natural gas producers and utilities , said it would discontinue publication of its gas storage estimates at the end of the year .
spencer abraham , us energy secretary , said in a statement : "" i believe it is important the department of energy continue the reporting responsibility for this vital resource . ""
the aga ' s decision to stop providing the data follows allegations of manipulation by some traders in the natural gas market over revisions in the survey .
"" there was a flap over revisions in the numbers . that did cause us to re - examine the whole storage survey process , "" said daphne magnuson , an aga spokesperson .
the weekly data are used by many in the trading community to buy and sell natural gas futures contracts , so any advance knowledge of storage volume revisions can give participants an unfair trading advantage .
several complaints were filed by traders to the commodity futures trading commission , the us regulatory agency , about discrepancies in the survey ' s data .
a cftc spokesperson said the commission acknowledged the "" exchange of information with the aga , which is still under review "" but it would neither confirm nor deny the existence of any investigation .
the natural gas market is a dollars 90 bn a year industry , representing 189 producers and local utilities including duke energy , enron and el paso .
copyright : the financial times limited
world stock markets : wall st falters after modest morning revival
financial times ; nov 1 , 2001
by mary chung
us equities ended mixed yesterday as technology stocks edged higher , while blue chips lost their momentum after investors digested better - than - expected third - quarter gross domestic products data .
the dow jones industrial average closed down 46 . 84 at 9 , 075 . 14 after an early rally evaporated . the s & p 500 index dipped 0 . 01 at 1 , 059 . 78 . the nasdaq composite rose 22 . 79 at 1 , 690 . 20 .
after two sessions of heavy losses , investors breathed a sigh of relief after gdp figures showing the us economy had shrunk for the first time in eight years this quarter - edging closer to a recession - were not nearly as bad as wall street had expected .
leading the dow lower was eastman kodak , down 8 per cent at dollars 25 . 57 , after moody ' s investors service downgraded the company ' s long - term rating .
other dow components including microsoft and ibm reversed early gains and lost 1 . 2 per cent and 0 . 5 per cent respectively . intel , the world ' s biggest chipmaker , however , rose 3 . 7 per cent to dollars 24 . 42 following positive comments from the company about long - term growth .
sun microsystems led the nasdaq in volume , up 6 . 4 per cent at dollars 10 . 15 after the company said orders were tracking higher than they were at the same time last year .
juniper slipped 3 per cent at dollars 22 . 29 , still suffering from a downgrade by merrill lynch . cisco system gained 2 per cent at dollars 16 . 92 and dell gained 3 per cent at dollars 23 . 98 after the company said it was on target to meet third - quarter revenue estimates . qwest communications , however , fell 19 per cent at dollars 12 . 95 after reporting quarterly earnings that failed to match expectations .
nextcard was the biggest decliner on the nasdaq , down 84 per cent at 87 cents after the online credit card provider ' s management said it was looking to sell the company to a larger financial institution .
adobe systems dropped 8 per cent at dollars 26 . 40 after the maker of desktop publishing software warned of weaker fourth - quarter results , and said it would cut 5 per cent of its workforce . enron , the embattled energy trading company , rebounded 24 . 5 per cent to dollars 13 . 90 .
other bright spots included the retail sector as dow components wal - mart and home depot gained 1 . 6 per cent and 1 . 7 per cent respectively .
toronto ended higher , led by gains in technology , bank , and oil and gas stocks after the us economy contracted less than expected . the s & p 300 composite index rose 60 . 29 to 6 , 885 . 70 .
nortel networks closed up 9 cents at cdollars 9 . 25 and celestica gained cdollars 2 . 90 to cdollars 54 . 90 , but research in motion fell 16 cents to cdollars 25 . 94 .
aerospace manufacturer bombardier ended days of losses with a 16 cents gain to cdollars 10 . 20 .
copyright : the financial times limited
nov . 1 , 2001 , 12 : 06 am
houston chronicle
what went wrong with enron ?
since its stock hit a zenith in january , the company has been in a downward spiral
by laura goldberg and michael davis
copyright 2001 houston chronicle
for enron corp . , it ' s a long , long way back to late january , when houston ' s biggest company was flying high .
jeff skilling , who played a central role in transforming enron from a pipeline company to a trader of everything from electricity to paper to the weather , was days away from taking over from ken lay as chief executive officer .
the stock had acquired a high - tech gloss , as the world ' s largest energy trader had moved aggressively into the broadband business , where it hoped to profit from buying and selling space on high - speed data wires .
today , the snapshot could scarcely be more different .
enron ' s shares , which hit a closing high for the year of $ 82 in late january , have been trending downward since mid - february . they hit a nine - year closing low tuesday of $ 11 . 16 .
skilling is gone , enron ' s credibility on wall street is in shambles , its broadband unit has been significantly scaled back , and there ' s speculation the company could be a takeover target .
the securities and exchange commission is digging into business deals between enron and investment partnerships formerly run by its ousted chief financial officer .
enron , which last week disclosed the sec had begun an informal inquiry into its affairs , said wednesday it ' s under formal investigation .
the financial hits enron revealed earlier this month , related to the investment partnerships known as ljm cayman and ljm 2 co - investment , quickly triggered an expanding round of unanswered questions about enron ' s balance sheet and overall financial stability . a sharp decline in the stock price followed .
investors and analysts , who are irked because they believe enron won ' t explain its complicated affairs , are painting their own worst - case scenarios .
if enron doesn ' t move to calm investor fears , they could become a self - fulfilling prophecy , jeff dietert , an analyst with simmons could be sold off in pieces ; or is a bankruptcy candidate . analysts believe bankruptcy is unlikely .
while enron may make an attractive acquisition target , a buyout offer is unlikely until the sec inquiry is resolved , they said . shares in enron closed up $ 2 . 74 to $ 13 . 90 wednesday , likely on takeover speculation and because it had been trading at such a cheap price .
another possible outcome , said anatol feygin , an analyst with j . p . morgan securities in new york , would be another large player taking a minority stake as a strategic investment in enron , providing liquidity to shore up its balance sheet .
at the moment , wall street is inclined to give lay some time to fix the problems .
"" as time goes on in this crisis , the likelihood of ken lay emerging unscathed gets lower and lower , "" said feygin .
nov . 1 , 2001
houston chronicle
formal upgrade of enron investigation gives subpoena power to sec
by tom fowler
copyright 2001 houston chronicle
federal regulators have upgraded their inquiry of questionable financial transactions at enron corp . into a formal investigation , giving officials the power to subpoena witnesses and documents .
enron disclosed the move by the securities and exchange commission late wednesday , saying it involved some , if not all , of the off - balance sheet financing partnerships the company has been criticized for in recent weeks .
the primary difference between the informal inquiry the sec started more than a week ago and a formal investigation is the power it gives regulators to force companies to submit information . changing an inquiry into an investigation is relatively easy for regulators to do , legal sources say . the officials simply ask the five - member commission for subpoena powers , a request that is rarely turned down .
the sec doesn ' t comment on investigations as a matter of policy , so it ' s not immediately clear why the extra steps were taken .
enron officials say they have cooperated fully with the sec , but since the investigation most likely covers transactions involving companies other than enron , it ' s possible subpoenas may be needed to gain information from those entities .
"" there ' s no request from the sec that we have failed to comply with , "" enron spokeswoman karen denne said . "" we ' ve cooperated voluntarily from the very beginning . ""
enron ' s board of directors also formed a special committee to investigate the transactions earlier this week and on wednesday named william powers , dean of the university of texas school of law in austin , to its board of directors to lead the special committee .
the committee will serve as a primary contact between the company and the sec and will concurrently make its own detailed investigation .
if needed , the committee has the power to take disciplinary action against any enron employee , officer or director who it determines "" improperly participated in the transactions , "" denne said .
powers , a career academic , is known for his studies in product liability . he will be joined on the committee by board members frank savage , chief executive of savage holdings ; paulo ferraz pereira , executive vice president of brazilian - owned investment bank group bozano ; and herbert winokur jr . , chairman and chief executive of capricorn holdings .
the committee has named william mclucas , the former director of the sec division of enforcement - - the group investigating enron - - as counsel .
mclucas ' washington - based law firm , wilmer , cutler & pickering , retained deloitte & touche to provide independent accounting advice .
the sec inquiry began shortly after oct . 16 , when steep losses in enron ' s third - quarter earnings drew renewed attention to a pair of investment partnerships created by then - chief financial officer andrew fastow .
the partnerships , referred to as a form of off - balance sheet financing , were formed using enron equity and outside capital as a way to hedge against the risks involved in some of the company ' s new lines of business , such as internet broadband trading .
fastow ' s dual roles as enron cfo and managing director of the entities were a cause for concern for wall street , which pressured fastow to cut ties with the outside partnerships in june . the company said it was careful to ensure that the interests of enron and its shareholders were protected , but when the partnerships accounted for significant losses for enron and a $ 1 . 2 billion loss in equity value , analysts began to demand more details .
last week the company replaced fastow and began providing a few more details about its finances in order to maintain investor and client confidence . the company has declined to give out further information on the partnerships , however , because of the ongoing sec investigation .
enron tapped a $ 3 . 3 billion line of revolving credit last week , putting about $ 1 . 1 billion in the bank to ensure it has cash on hand and using the balance to repurchase short - term debtinstruments . the company is expected to announce today or friday that it has lined up another $ 1 billion to $ 2 billion in credit from banks .
financial
enron discloses sec probe
11 / 01 / 2001
the washington post
final
eo 2
copyright 2001 , the washington post co . all rights reserved
enron said the securities and exchange commission has opened a formal investigation into apparent conflicts of interest in dealings the company had with partnerships led by the company ' s former chief financial officer . the company also said it created a special committee headed by university of texas law school dean william powers to respond to the investigation . the committee has hired as counsel william r . mclucas , a former sec enforcement chief who is now a partner in the law firm wilmer , cutler & pickering .
http : / / www . washingtonpost . com
copyright ? 2000 dow jones & company , inc . all rights reserved .
enron corp . cut to near - term ` neutral ' at merrill
2001 - 11 - 01 07 : 43 ( new york )
princeton , new jersey , nov . 1 ( bloomberg data ) - - enron corp . ( ene us )
was downgraded to near - term ` ` neutral ' ' from near - term ` ` accumulate ' ' by
analyst donato j . eassey at merrill lynch . the long - term rating was cut to
` ` neutral ' ' from ` ` buy . ' '
- - michael o . donohue in princeton , new jersey , ( + 1 ) 609 - 279 - 3756 .
sec opens formal investigation into enron , company says
by juan a . lozano
associated press writer
11 / 01 / 2001
associated press newswires
copyright 2001 . the associated press . all rights reserved .
houston ( ap ) - the financial roller coaster ride for enron corp . is gaining speed .
after dropping to a nine - year low a day before , shares of the nation ' s largest natural gas and power marketer rose 25 percent on wednesday to close at $ 13 . 90 amid speculation the houston - based company was a strong takeover candidate .
but shares then fell 5 percent in extended trading after the company ' s announcement that the securities and exchange commission has opened a formal investigation into apparent conflicts of interest in dealings the company had with partnerships led by its former chief financial officer , andrew fastow .
the company , in a news release late wednesday , said it created a special committee headed by university of texas law school dean william powers to respond to the investigation . powers also was elected to enron ' s board of directors .
"" i have asked the board to take this action to address fully and forthrightly investors ' questions and concerns , "" said enron chairman and chief executive kenneth l . lay . "" we will also make every appropriate public disclosure during the course of the sec ' s investigation . ""
however , duane grubert , an analyst with sanford c . bernstein and co . in new york , said enron still has much to do to restore investor confidence .
"" with ( stock ) values this low , you ' ve got two camps of investors : guys that hate enron and guys that want to be cautiously attracted to enron , "" grubert said . "" it ' s lead to the trading range being irrationally low and shares being oversold . it ' s not something the company wants . ""
enron ' s stock is off 60 percent since the company reported a $ 638 million third quarter loss just over two weeks ago , dragged down by a one - time charge of $ 1 . 01 billion attributed to various losses .
some of these losses have been tied to partnerships managed by fastow , who was ousted last week .
earlier this week , moody ' s investors service downgraded the company ' s long - term debt and warned of possible further downgrades .
since reporting its disappointing third quarter losses , enron has been negotiating with banks to establish new credit lines .
carol coale , an analyst with prudential securities inc . in houston , said wednesday ' s stock price surge , after two weeks of selling , was likely a reaction to a the wall street journal report on rumors of a possible takeover of enron .
others may be buying figuring the stock has hit bottom , she said .
on tuesday , enron ' s stock closed at $ 11 . 16 , its lowest level since 1992 .
potential buyers include general electric ' s ge capital unit , warren buffett ' s berkshire hathaway and royal dutch shell , the journal said .
grubert said shell , which has a small presence in energy marketing , would be a good fit .
"" to buy into an established franchise must be attractive to shell , "" he said .
the special committee enron formed has retained william r . mclucas , a partner in the law firm of wilmer , cutler & pickering , as its counsel . mclucas is a former head of the division of enforcement of the sec .
while enron ' s stock price has made it attractive , coale said the energy marketer ' s problems present a substantial drawback .
"" i would fault a company for acquiring enron with all of this hanging over it , "" she said . "" there are too many uncertainties . ""
- - -
on the net :
http : / / www . enron . com
ap photo xnyr 310 of oct . 29
copyright ? 2000 dow jones n
3
( copyright 2001 by the chicago tribune )
enron corp . , in a sign of mounting legal problems , said wednesday that an informal inquiry by the securities and exchange commission had become a full - scale probe of questionable financial dealings that have rocked the company in recent weeks and sent its stock plummeting to a nine - year low .
the nation ' s largest energy trader , scrambling to head off another shock to its damaged credibility , said it elected university of texas law school dean william powers to its board of directors and that he would head an internal inquiry into transactions that caused enron to take a $ 1 billion charge to third - quarter earnings and name a new chief financial officer .
the company said oct . 22 that the sec was looking into its finances , but stressed that the agency had only requested information . the disclosure that it was now a full - blown , formal investigation may indicate that regulators did not like what they saw .
before the announcement , which came after the stock market closed wednesday , shares of enron jumped nearly 25 percent amid speculation the company was ripe for takeover . enron stock rose $ 2 . 74 , to $ 13 . 90 , to end a 10 - day tailspin that saw its market value fall by $ 17 billion .
investors had been dumping enron shares following disclosures that the company did off - the - balance - sheet transactions with two limited partnerships run by former cfo andrew fastow , who was replaced last week .
concern about possible conflicts of interest arising from the deals and the company ' s failure to explain them had dropped stock levels to levels not seen since the early 1990 s , caused a downgrade in credit status and brought the sec in .
an sec spokesman would not comment on the matter .
copyright ? 2000 dow jones & company , inc . all rights reserved .
exchanges add otc products as option to enron .
11 / 01 / 2001
the oil daily
( c ) 2001 energy intelligence group . all rights reserved .
trading exchanges on both sides of the atlantic ocean have added new clearing and trading products and services for the over - the - counter ( otc ) natural gas market in the us and both gas and power markets in the uk .
though both the new york mercantile exchange ( nymex ) and om london exchange , owner and operator of the uk power exchange , said their actions were in response to a market need , the exchanges clearly are stepping up to fill a role us energy trading giant enron has handled for otc customers . enron ' s liquidity problems and stock - price collapse have prompted other gas and power buyers and sellers to seek an alternative provider .
"" recent events in the natural gas market have served to reinforce the necessity of counterparty credit risk management and have accelerated the exchange ' s plans to introduce a full array of risk management tools under the umbrella of our clearinghouse , "" said nymex president j . robert collins jr .
om london will partner with spectron group , europe ' s largest independent specialist energy broker of physical otc gas and power contracts , to provide a clearing service for uk customers in the first quarter of 2002 .
the companies also expect to extend the service to include continental european power contracts in the near future .
the nymex plan will include introduction of exchange of futures for swap ( efs ) transactions and large - order execution , along with the previously announced electronic trading of cleared natural gas swaps and basis contracts .
efs transactions will work similarly to exchange of futures for physical transactions . two parties will be allowed to negotiate privately the execution of an integrated over - the - counter swaps and related futures transaction on pricing terms agreed upon by both .
the transaction must involve equal but opposite sides of market quantities of futures and swap exposures in the same or related commodities and will be permitted until two hours after trading terminates in the underlying futures contract .
efs transactions will be permitted to liquidate , initiate , and transfer futures market positions between the two parties .
nymex said it would introduce a cleared henry hub natural gas swaps contract early next year . as part of this , the exchange will clear otc - cleared transactions through its efs mechanism .
in other enron news , company executives on wednesday continued to negotiate new lines of credit . the gas - and - power - trading giant is looking for another $ 1 billion - $ 2 billion to get through a liquidity crunch brought on by the collapse in its market value .
industry sources told oil daily that enron is trying to work out a debt - for - equity swap from at least one major investor , possibly general electric capital . the goal is to complete the arrangement by the end of the week .
continuing speculation of a pending takeover bid - with rumors that warren buffet ' s berkshire hathaway and super major royal dutch / shell may be interested at some level - helped push up the company ' s stock for the first time in more than two weeks . enron closed at $ 12 . xx , up $ 1 . xx .
barbara shook , ronan kavanagh .
( c ) copyright 2001 . the oil daily co .
for more infomation , call 800 - 999 - 2718 ( in u . s . ) or
202 - 662 - 0700 ( outside u . s . ) .
copyright ? 2000 dow jones & company , inc . all rights reserved .
india : bank meeting on enron indian unit postponed - source .
11 / 01 / 2001
reuters english news service
( c ) reuters limited 2001 .
bombay , nov 1 ( reuters ) - lenders to an indian power plant majority owned by u . s . energy giant enron corp have postponed a meeting to discuss ways of reviving the $ 2 . 9 billion project , a banking source said on thursday .
the first phase of the controversial 2 , 184 mw plant , india ' s largest foreign direct investment , has been completed , but work on the second phase was abruptly stopped in june following a bitter dispute between enron and the plant ' s sole buyer , a loss - making indian utility .
the source said foreign banks could not attend the meeting , planned for this weekend in london . a new date has not yet been fixed , the source from an indian lending institution added .
the meeting of lenders , which includes citibank ( c . and bank of america corp , was also called to consider two offers from indian companies to buy out enron ' s 65 percent stake in its indian subsidiary , dabhol power co .
the banker added that the lenders were also examining an investigation by the u . s . securities and exchange commission ( sec ) into enron ' s finances , but declined to comment on what impact it might have on the selling of enron ' s stake in dabhol .
bses ltd and india ' s largest private utility , tata power ltd , have separately made offers to buy enron ' s stake .
dabhol ' s other shareholders are general electric co and u . s . contractor bechtel , which own 10 percent each . the maharashtra state electricity board , a local utility which has been at odds with dabhol , owns the remaining 15 percent .
maharashtra agreed in 1995 to buy the plant ' s entire output , but later said it could not because dabhol ' s power was too costly .
dabhol , in turn , accused the utility of defaulting on its monthly payments , and served a preliminary notice to terminate the power purchase contract , which covers the terms of sale .
enron , the largest u . s . energy trader , said on wednesday an informal enquiry by the sec had become a full - scale investigation of questionable financial dealings that have rocked the company in recent weeks .
copyright ? 2000 dow jones & company , inc . all rights reserved .
bg extends talks with ongc , reliance over gas fields ( updatel )
2001 - 11 - 01 04 : 25 ( new york )
bg extends talks with ongc , reliance over gas fields ( updatel )
( adds background to deal in second , fifth - seventh paragraphs ,
analyst comment in third , enron ' s financial status in fourth . )
london , nov . 1 ( bloomberg ) - - bg group plc said it has yet to
reach an agreement with reliance industries ltd . and ongc ltd . in
their natural gas ventures in india , an accord central to
completing the $ 388 million bid for enron corp . ' s stake in the
projects .
bg has said the offer for enron ' s 30 percent of the projects
is contingent on winning the right to oversee the developments .
reliance , india ' s biggest private company , on oct . 10 said it
claimed the right to run the projects . ongc has also sought to
become operator of the fields .
` ` it ' s going to take a long time , ' ' said jon rigby , an
analyst at bnp paribas . ` ` for bg , it ' s a deal worth pursuing , but
if the indian companies are determined to take the operatorship ,
then there ' s not a great deal bg can do about it . ' '
enron , the world ' s largest energy trader , needs the funds
from the sale of the indian assets to boost its standing with
investors after moody ' s investors service on tuesday placed its
rating for commercial paper on review for downgrade and lowered
its long - term debt to two notches above junk status . enron shares
fell to a nine - year low .
the purchase of enron ' s assets would gave bg a 30 percent
stake in the tapti and panna - mukta oil and gas fields , as well as
63 percent of an untapped deposit on the west coast of india . the
fields hold more than 170 million barrels of oil and gas ,
equivalent to more than two days of global oil demand .
` ` we will continue our discussions over the coming weeks and
make an announcement in due course , ' ' bg group spokeswoman nicole
mcmahon said in an interview , without elaborating .
india ' s gas production fell 11 percent between 1997 and 1999
because oil & natural gas corp . , the state explorer , made no
significant discoveries in 15 years . insufficient supplies of gas
have hurt growth in the country ' s fertilizer and chemicals
industries and hampered upgrading of its power plants , still
mostly coal - fed .
the government expects a gas deficit to triple in the next
six years unless new wells are drilled or existing fields expand
sales .
- - stuart wallace in the london newsroom ( 44 - 20 7673 - 2388 )
indian financial institutions fail to resolve dabhol power issue
11 / 01 / 2001
asia pulse
( c ) copyright 2001 asia pulse pte ltd .
new delhi , nov 1 asia pulse - financial institutions led by the industrial development bank of india ( idbi ) have failed to come up with a solution to the long payment dispute with united states energy company enron that has forced the closing of the us $ 2 . 9 billion dabhol power project .
top officials of idbi and icici met officials in the finance and power ministries here today but failed to come up with an "" optimum "" solution .
"" we discussed enron . the discussions are continuing and we are examining various options , "" idbi chairman p p vora told reporters after meeting power secretary a k basu .
he said the fis , which have a total exposure of over rs 62 billion in the project , wanted to come up with a optimum solution but declined to give a time frame for it .
earlier in the day , vora met finance minister yashwant sinha to apprise him about the situation .
fis had decided to come up with a solution by oct 31 for the second phase of the 2 , 184 mw dabhol power company ( dpc ) .
a settlement of the enron imbroglio , being played out since early this year , assumes importance in view of prime minister atal bihari vajpayee ' s forthcoming visit to washington where he is likely to have wide ranging discussions with us president george bush .
enron was the biggest donor to bush ' s presidential electoral campaign .
so far , tata power and bses ltd . were in the fray for buying enron ' s stake in dpc .
although the companies showed reluctance to buy enron ' s stake at the price spelled out by the us power giant , vora said the two companies are still in the fray .
( pti ) 01 - 11 1900
copyright ? 2000 dow jones & company , inc . all rights reserved .
indian lenders , enron officials discuss dabhol crisis
our economy bureau new delhi
11 / 01 / 2001
business standard
2
copyright ( c ) business standard
negotiations are in full swing to resolve the dabhol tangle . indian institutions led by idbi today held hectic parleys with top enron executives , prospective buyers tata power and bses ltd , in consultation with senior power ministry officials . officials told business standard that idbi chairman p p vora and power secretary a k basu discussed the proposal chalked out by the indian lenders . they also held separate closed - door meetings with bses chairman and managing director r v shahi and tata power vice - president amulya charan .
officials said certain key issues like purchase of power by other states are yet to be resolved . they added that tata power and bses have conveyed their unwillingness to the indian lenders to negotiate with the state electricity boards on sale of electricity . vora termed today ' s meeting "" routine "" . he also met finance minister yashwant sinha later in the day . k wade cline , ceo , dpc , who was also present in the meeting today , declined to comment on the progress and said negotiations were underway . "" we are looking at various options , "" he said . meanwhile , sources said that the indian lenders , after negotiations with tata power and bses , were of the opinion that the value of enron ' s equity was $ 799 million .
copyright ? 2000 dow jones & company , inc . all rights reserved .
us utilities are slow to make life harder for enron
by anne brady
of dow jones newswires
10 / 31 / 2001
dow jones news service
( copyright ( c ) 2001 , dow jones dow jones newswires ; 602 - 258 - 2003 ; anne . brady @ dowjones . com
copyright ? 2000 dow jones & company , inc . all rights reserved .
enron says sec inquiry now a formal investigation ( update 4 )
2001 - 10 - 31 21 : 18 ( new york )
enron says sec inquiry now a formal investigation ( update 4 )
( updates with more on mclucas in last paragraph . )
houston , oct . 31 ( bloomberg ) - - enron corp . , the largest
energy trader , said the securities and exchange commission opened
a formal investigation into dealings with partnerships run by its
former chief financial officer .
the company ' s board appointed william powers jr . , dean of the
university of texas law school , to chair a committee that will
work with the sec during the investigation , which began as an
informal inquiry last week . powers was also appointed to enron ' s
board . william mclucas , former head of the sec ' s enforcement
division , was hired as the committee ' s lawyer .
the sec is investigating partnerships run by former cfo
andrew fastow that bought and sold enron shares and assets . the
company ' s shares plunged 49 percent in october , in part because
chief executive officer kenneth lay said earlier this month that
buying back 62 million shares from a fastow partnership cost enron
shareholders $ 1 . 2 billion in lost equity .
the formation of a special committee is a ` ` reflection that
they recognize something has to be done , ' ' said a . g . edwards
analyst mike heim , who rates enron ` ` hold ' ' and owns no shares .
enron ' s suspect finances prevent it from borrowing in the
commercial paper market , where most large corporations go to find
low - interest , short - term debt .
enron wants to borrow $ 1 billion to $ 2 billion in loans from
citigroup inc . , j . p . morgan chase & co . and other banks to calm
investors , the wall street journal reported earlier this week . the
company still is negotiating the loans , spokeswoman karen denne
said tonight .
fired cfo
the sec began an informal inquiry from its fort worth , texas
office last week and moved it to the commission ' s washington
headquarters yesterday .
` ` we haven ' t seen the formal order yet , but it ' s my
understanding that the issues which were the subjects of the
informal inquiry are the issues that are part of this formal
investigation , ' ' denne said .
sec regulators called enron yesterday to say they were going
to start a formal investigation , denne said . enron delayed
announcing the move until powers confirmed he would become
chairman of the special committee , she said . the announcement came
after the close of stock trading today .
the company ' s share rose $ 2 . 74 , or 25 percent , to $ 13 . 90
during regular trading on television reports that the company was
near to getting a new series of bank loans . the company ' s shares
fell as low as $ 13 in after - hours trading tonight .
authorized to discipline
the special committee has the authority to discipline
directors or employees , denne said , and will be reviewing
transactions like the fastow partnerships .
lay removed fastow as cfo and put him on leave of absence on
oct . 24 , the day after the company said the sec was asking
questions about the partnerships .
a company is more likely to be charged with wrongdoing by the
sec after a formal investigation than after an informal inquiry ,
former sec enforcement director richard h . walker said . the agency
can subpoena bank , telephone and corporate records , as well as
compel witnesses to testify .
walker , who left the sec in august , said the swiftness with
which the sec upgraded it to a formal investigation is striking .
` ` it sends a signal that this is a high - priority , ' ' said
walker , who starts tomorrow as legal counsel to deutsche bank ag .
the sec ' s decision follows months of investor demands that
enron provide clearer financial reporting . lay promised more
information about enron ' s complex transactions and earnings when
he took over for jeff skilling , who resigned unexpectedly as chief
executive officer in august after seven months on the job .
failed investments
after lay ' s promises , investors and analysts said they were
caught off guard when enron reported a third - quarter loss of $ 618
million after writing off $ 1 . 01 billion in failed investments .
of that , the company had $ 35 million in losses from dealings
with ljm cayman and ljm 2 co - investment , two fastow - run
partnerships .
securing new bank loans became necessary after credit - rating
companies said that enron was not providing enough detail about
potential liabilities .
moody ' s investors service downgraded enron ' s long - term debt
this week , though it kept the company above investment grade .
fitch has enron on watch for possible downgrade , and standard &
poor ' s lowered enron ' s long - term credit outlook to negative .
falling below investment grade would trigger agreements that
would force enron to repay bonds sold by affiliated companies such
as the ones created by fastow . enron has estimated its potential
liability from such partnerships at about $ 3 billion .
a lower credit rating also reduces the amount of cash that
enron can raise to back its electricity , natural - gas and
commodities trading operations .
american electric power co . and exelon corp . officials said
they lowered trading limits with the houston - based company or
restricted their commerce to short - term deals concluding in
november or december .
off the books
enron set up the fastow partnerships and other affiliated
companies to buy enron power plants and other assets . by selling
to the partnerships , which issued their own bonds , enron was able
to get immediate cash rather than wait for an outside buyer , as
well as move debt off its books .
if affiliates can ' t generate enough money from the sale of
assets , enron has agreed to make up the difference . enron also
must buy out some investors if its stock and credit rating fall
too low .
three partnerships - - whitewing , osprey and marlin - - have
about $ 3 . 3 billion in debt they plan to repay by selling power
plants and related assets .
mclucas is a partner in the law firm wilmer , cutler &
pickering . he was director of the sec ' s division of enforcement
for eight years , and he oversaw the $ 600 million fraud settlement
with former junk - bond trader michael milken in 1990 .
powers , 55 , became dean of the university of texas school of
law in austin last year . american lawyer reported in may 2000 that
powers had friends in texas politics that included then - lieutenant
governor rick perry , who became governor when george w . bush
became president , and texas supreme court chief justice tom
phillips .
- - russell hubbard in the princeton newsroom at ( 609 ) 750 - 4651
smartmoney . com : the data mine : come sales away
by christopher o ' connor
10 / 31 / 2001
dow jones news service
( copyright ( c ) 2001 , dow jones & company , inc . )
of smartmoney . com
we hear a lot about the importance of reliable earnings numbers , especially when the stock market is rocky . but earnings aren ' t always the best gauge of a company ' s performance .
how ' s that ? when business is sagging , some companies are tempted to massage their earnings - per - share numbers to make it look as if things are better than they really are . usually , cost - cutting is the favorite technique - and there ' s certainly nothing wrong with that . but sometimes , desperate companies shunt unpleasant items aside under the rubric of special one - time charges , or point to murky "" pro forma "" results that don ' t include major liabilities . for proof of the potential unreliability of earnings numbers , take a look at what ' s going on at enron ( ene ) these days . in cases like this , the vaunted price / earnings ratio isn ' t always the best way to evaluate a stock .
sales , on the other hand , rarely lie . companies can ' t do much tinkering with their revenue figures without raising eyebrows over at the securities and exchange commission . ( it is , after all , the top line on the earnings statement . ) if you want the straight scoop on a company ' s performance , revenues can sometimes be the best place to look .
with that in mind , we turned to the price / sales ratio for this week ' s data mine . our basic premise was simple : a stock that trades at , say , 0 . 5 times revenues is cheaper than a stock that trades at 17 times revenues - and is thus more worthy of your attention . we also looked for companies whose p / s ratios are in the bottom half of their industry , where the real undervalued gems usually reside . and to make sure we didn ' t uncover total dogs , we insisted that our companies actually have earnings ( most dot - coms need not apply ) , that those earnings have grown over the past three years and that their stock prices have increased during the last year . ( you can access this recipe using our new screening tool . )
after all that , our universe of 7 , 498 stocks was winnowed down to just 38 . texaco also appeared , but since it recently merged with chevron to form chevrontexaco ( chv ) , we removed it . of these , 10 were electric and / or natural - gas utilities . in general , the outlook for that sector is wobbly . industrial demand for wholesale power remains weak , thanks to the slumping economy - meaning prices continue to slip from their recent highs . but the companies in the screen that have reported third - quarter earnings have shown steady revenue growth and solid earnings performance during this nasty economic slide .
the utility with the smallest p / s ratio here ( 0 . 3 ) is wps resources ( wps ) , which serves customers in wisconsin and michigan . it reported third - quarter earnings of 76 cents a share on oct . 18 , beating the street by 14 cents .
other notable utilities here include sempra energy ( sre ) and txu ( txu ) , two huge energy providers ( sempra primarily in southern california , txu mainly in texas ) that analysts believe may benefit from enron ' s recent problems . each has extended its presence in the energy - trading field enron pioneered and could pick up business in the u . s . and europe as a result .
for more information and analysis of companies and mutual funds , visit smartmoney . com at http : / / www . smartmoney . com / .
copyright ? 2000 dow jones & company , inc . all rights reserved .
usa : enron trusts may prove troublesome if ratings cut .
by dan wilchins
10 / 31 / 2001
reuters english news service
( c ) reuters limited 2001 .
new york , oct 31 ( reuters ) - enron corp . thought it was making the right move in 1998 when it started yanking billions of dollars in assets off its balance sheet , but the transactions may come back to haunt the energy trading giant .
if enron ' s credit rating falls to below investment grade , it could be forced to sell more stock . but paradoxically , one of the most likely reasons it would be downgraded is because of a long - term inability to sell stock in any form at a viable price .
that would mean the largest trader of gas and power in north america could face a severe cash crunch when it would be least able to meet the crisis . while investors say the near - term outlook is not as bleak as a recent plunge in the company ' s share and bond prices suggests , default could occur if enron ' s credit - worthiness is cut to junk bond grade .
with enron reportedly securing a roughly $ 1 . 2 billion credit facility and potentially a private equity investment recently , the chances of its being downgraded soon look more remote , said an industry analyst .
however , "" if enron gets downgraded , there could be serious trouble with the stock and these bonds , "" noted an analyst .
the potential avalanche of new shares would come from special financing vehicles the company used beginning in 1998 when it decided to focus on trading energy and de - emphasize businesses that require heavy capital spending , such as water utilities and power plant development .
the company took several billion dollars worth of assets that it wanted to take off its balance sheet , and shoved them into several share trust structures , which sold debt and equity . the trusts , called marlin water trust ii , marlin water capital corp . ii , osprey trust and osprey i , inc . , issued about $ 3 . 4 billion in notes .
intricate trust structures
the trusts assured rating agencies the assets were at arm ' s length from the rest of the company , and would not drag down the rest of enron if they underperformed , said todd shipman , the lead ratings analyst on the credit at standard & poor ' s .
but the intricate trust structures are hard for analysts to understand , and investor perceptions that enron has been less than forthright about its complex dealings contributed to the plunge in the company ' s securities . a securities and exchange commission probe into two enron partnerships with a former chief financial officer and an equity write - down also pushed securities lower .
in the marlin and osprey trusts , enron essentially set up special companies that held physical and financial assets and then issued bonds backed by those assets . but in a sign of the difficulty in understanding their structure , one analyst said enron threw in preferred stock convertible into 50 million shares of common stock , while another analyst said the stock was 100 million shares .
the structures , which also include about 40 million shares convertible into unregistered common stock , have a proviso to assure investors : the equity would be sold only if certain doomsday scenarios came to pass , and noteholders had legitimate reason to be concerned about getting paid back .
one of the bleak scenarios included both enron ' s shares plummeting , and the company being downgraded to junk bond status by at least one rating agency .
enron shares rebounded on wednesday after a 10 - day slide in which they lost more than 60 percent , meeting the stock plunge scenario . shares closed at $ 13 . 90 , recouping some of the lost ground over the past 10 days , when it traded at $ 33 . 84 .
junk bond bound ?
the scenarios seemed unlikely when the debt and equity was issued .
"" people thought the notes would be rolled over , or the assets in the trust would be sold , when the notes were originally issued , "" said jim mcauliffe , a fixed - income analyst covering energy at morgan stanley in new york .
on monday , moody ' s investors service cut enron ' s senior unsecured rating to two notches above junk bond grade , and put them on review for further downgrade .
fitch said the company is on "" rating watch negative , "" and standard & poor ' s , which has enron a notch higher , has it on a negative outlook .
"" i don ' t consider a probability , "" said s & p ' s shipman . for that to happen , enron would have to be frozen out of equity financing in any form for the long term , leaving it able to raise more capital only through debt .
a downgrade to below investment grade would require that enron redeem the notes in short order , said an analyst familiar with them .
analysts disagreed whether the convertible preferred stock would have to be sold in this case , but they agreed that it likely would be sold .
"" these structures did not anticipate that scenario , "" said an industry analyst familiar with the structures .
in addition to the possibility of default on these notes , enron ' s core business , energy trading and marketing would likely be hampered by a sub - investment grade rating , said shipman . counterparties would cut credit lines , demand more collateral be posted , and would likely demand more favorable prices .
enron , however , appears to be sanguine about the trusts . although a spokesman from the company did not return calls for this story , enron told the wall street journal last week the company believes it can repay the principal on the notes without having to issue more stock .
copyright ? 2000 dow jones & company , inc . all rights reserved .
usa : update 3 - enron says sec inquiry now full - scale probe .
10 / 31 / 2001
reuters english news service
( c ) reuters limited 2001 .
( adds powers details paragraph 11 , minor changes throughout )
by jeff franks
houston , oct 31 ( reuters ) - enron corp . , swept up in a deepening crisis , said on wednesday an informal inquiry by the u . s . securities and exchange commission had become a full - scale investigation of questionable financial dealings that have rocked the company in recent weeks and sent its stock plummeting .
the nation ' s largest energy trader , scrambling to head off another shock to its already - shattered credibility , elected university of texas law school dean william powers to its board of directors , where he was to lead an internal inquiry into transactions that caused enron to take a $ 1 billion charge to third quarter earnings and name a new chief financial officer .
the company said on oct . 22 the sec was looking into its finances , but stressed that the agency had only requested information . the disclosure that it was now a full - blown , formal investigation may indicate regulators did not like what they saw .
before the announcement , which came after the stock market closed on wednesday , enron stock rose $ 2 . 74 to $ 13 . 90 to end a 10 - day tailspin that saw its price drop to nine - year lows while losing $ 17 billion in market value . analysts said bottom - fishing investors , along with speculation talk that enron may become a takeover target , had boosted shares .
investors had been dumping enron shares following disclosures that the company did off - the - balance sheet transactions with two limited partnerships run by former cfo andrew fastow , who was replaced last week by another enron executive , jeff mcmahon .
concern about possible conflicts of interest arising from the deals and the company ' s failure to explain them had dropped the stock to levels not seen since the early 1990 s , caused a downgrade in credit status , and brought the sec in .
enron chairman and chief executive officer ken lay said the company was trying to shore up its credibility with the appointment of powers and the launching of an internal inquiry .
"" i have asked the board to take this action to address fully and forthrightly investors ' questions and concerns , "" he said in a statement .
"" responding to the sec offers us an additional opportunity to achieve this same goal for investors and we will cooperate fully , "" he said .
the company said a committee led by powers would include several enron directors who do not work at the company and that it would have the power to "" examine and take any appropriate actions with respect to transactions between enron and entities connected to related parties . ""
powers , a 1973 graduate of harvard law school , has been at the university of texas law school in austin since 1978 and was named dean in may 2000 . he is an expert in torts law and has written extensively on products liability .
enron also said the committee hired william mclucas , a former head of the sec ' s division of enforcement , as its attorney . his firm , wilmer , cutler & pickering , has retained deloitte & touche to provide independent accounting advice , the company said .
an sec spokesman would not comment on any aspect of the matter .
enron was once a wall street darling touted by analysts and investors alike as one of the world ' s most innovative firms . a year ago , its profits and stock price were soaring as it transformed itself from a regulated natural gas pipeline company into a high tech wonder creating new internet - based markets in an assortment of commodities .
but setbacks in broadband trading , overseas investments and the california power crisis took some of the shine off enron ' s star . in august , the financial world was stunned when chief executive jeff skilling resigned after just six months on the job , saying he wanted a lifestyle change .
investors who thought enron could do no wrong turned on the company , complaining that its financial statements were incomprehensible and its management unresponsive .
the capper came two weeks ago when enron said that , along with the $ 1 billion charge against its earnings , it also had cut shareholder equity by $ 1 . 2 billion because of the curious transactions with the fastow - led entities .
fastow has denied any wrongdoing , but has been unable to say much because of the sec probe and a growing number of shareholder lawsuits against enron .
to assure the financial world that it had plenty of cash , enron tapped into a $ 3 . 3 billion credit line last week .
but on monday , moody ' s investors service dealt the company a blow by cutting its credit rating to two notches above junk bond status . it warned further cuts were possible .
analysts said it was imperative that enron fully explain the transactions that led to its fall from grace and disclose whatever liabilities they may have caused .
"" enron needs to substantially improve the level of disclosures , "" said nitin khandkar , a portfolio manager with dubai - based al majid investment co . , which owns enron stock . "" the accounting policies it follows should not be merely legal but should also reflect the company ' s true profitability . ""
"" people are still struggling with trying to quantify what the worst - case scenario could be , "" said mike heim , an analyst with a . g . edwards & sons .
copyright ? 2000 dow jones & company , inc . all rights reserved .
usa : funds still shying away from former darling enron .
by judith crosson
10 / 31 / 2001
reuters english news service
( c ) reuters limited 2001 .
denver , oct 31 ( reuters ) - despite bargain prices , mutual fund managers are not rushing to buy shares in enron corp . , the once high - flying energy stock struggling under a blizzard of bad news including a formal sec probe into some of its deals .
fears of a credit crunch , murky business dealings and the sec probe are keeping potential buyers wary , although the stock rose 24 . 5 percent or $ 2 . 74 on wednesday to close at $ 13 . 90 , its first rise after 10 straight days of losses .
"" the book value is around $ 11 . 40 a share . that ' s why you ' re seeing buying today , "" said rahim kassim - lakha , portfolio manager of us global investors ' global resources fund . on tuesday enron shares fell 19 percent to their lowest level in nine years .
kassim - lakha ' s fund has only a small holding in enron . "" we actually have been selling the stock . we ' ve sold as high as $ 60 . we ' ve kept a very , very small position to maintain an interest in the company , "" he said . "" we are not in any way overexposed to this stock , "" he added .
but the big question is what other problems are on the horizon for enron , once the darling of wall street . the stock has been widely held by institutions , teachers ' retirement funds and mutual funds . at the end of june nearly 70 percent of its shares were in the hands of 1 , 175 institutions , according to data compiled by thomson financial ' s sharewatch . firstcall .
enron said wednesday that it has appointed a special committee to examine its finances and communicate with the securities and exchange commission , which upgraded its informal inquiry into the company ' s finances to a formal investigation .
the sec is investigating "" certain of the matters that were the subject of recent press reports , "" the company said in a statement . that was a reference to reports of murky off - balance - sheet deals with partnerships run by the company ' s former chief financial officer , andrew fastow .
questions persist
portfolio manager kassim - lakha said he still wants to know more about why chief executive officer jeff skilling abruptly left in august , more details about why fastow had to vacate his duties and what the company plans to do to rekindle investor confidence .
"" maybe they need extra help or a team to come in and tell them what ' s best to do , "" he added .
the company said about two weeks ago there were off - balance - sheet deals with partnerships run by fastow , prompting the sec to launch a conflict - of - interest inquiry . skilling left in august after six months on the job , saying he wanted a change in lifestyle .
a company spokesman on tuesday said enron has pledged to restore investor confidence .
rick giesen , who managers the munder power plus fund and who shed his enron position at the low $ 30 , also said he felt there were too many uncertainties to warrant a buy yet .
"" we still can ' t quantify the maximum exposure here from a market standpoint , "" he said . at one point giesen thought the stock might be a good buy around $ 25 , but was dissuaded by all the unanswered questions surrounding the company .
"" a lot of things need to run their course before you can make a reasonable assessment of the upside potential against the downside risk , "" he said .
giesen said enron could be hit by shareholder lawsuits and the company , the biggest energy trader in north america , could see its volume decline . "" people might not want to be the counter - party to enron ' s trades , "" he said .
market watchers are keeping an eye on some big funds like janus corp . , the biggest holder of enron with 42 . 8 million shares in its stable , according to data reported at the end of june .
a janus capitol corp . spokesman said the denver - based fund does not comment specifically on holdings , but spokeswoman shelly peterson added : "" by simply looking at our june 30 th filing it would be inappropriate to assume that that ' s our position today . ""
copyright ? 2000 dow jones & company , inc . all rights reserved .",ham,2001-11-01
26303,professional advertising,"dear projecthoneypot @ projecthoneypot . org :
we offer email marketing with best services .
1 . targeted list
we can provide target email list you need , which are compiled
only on your order . we will customize your client list .
* we have millions of lists in many categories .
2 . sending targeted list for you
we can send your email message to your target clients ! we will
customize your email list and send your ad for you .
* we also offer hosting & mailing server .
regards !
steve
marketing team
kzl 789 @ 56 . com
no and bye : bpserver @ hotmail . com",spam,2005-07-02
32329,ensure to acknowledge the reciept of this letter,"nigerian national petroleum corporationfalomo office complex , ikoyi , lagosfrom the desk of engr . peter . c . musadirect tel / fax : 234 - 8029744421
we are making this contact with you because of the reliable information we gathered from the nigerian chambers of commerce and industry highlighting company ' s profile . the information is so positive as to convince us that you would be capable to provide us with a solution to a money transfer transaction of fifteen million u . s . dollars ( us $ 15 , 000 , 000 ) . we are members of the special review committee for budget and planning of the ministry of petroleum . this committee is principally concerned with contract appraisals of the approval of contracts in order of priorities as regards capital project of the military government of nigeria . with our positions , we have successfully secured for ourselves the sum of fifteen million u . s . dollars ( us $ 15 , 000 , 000 ) . this amount was accumulated through undeclared windfall from sales of crude oil during the gulf war .
what we need from you is to provide a very vital account into which the funds will be transferred . my colleagues and i have agreed to compensate the owner of the account used for the transaction with three million u . s . dollars ( us $ 3 , 000 , 000 ) . then one million , five hundred thousand u . s . dollars ( us $ 1 , 5000 , 000 ) will be reserved and kept aside for expenses incurred during the course of this transfer both at the account holder ' s end and our end here . while the balance of ten million five hundred thousand u . s . dollars ( us $ 10 , 500 , 000 ) will be for me and my other colleagues . it will interest you to know , two years ago a similar transaction was carried out with one mr . patrice miller , the president of craine international trading corporation at no . 135 , east 57 th street , 28 th floor , new york . 10022 with telephone no . ( 212 ) 308 - 7788 and telex no . 6731689 after the agreement between both partners in which he was to take 20 % . the money was duly transferred into his account only to be disappointed on our arrival in new york and we were reliably informed that mr . patrice miller was no longer at that address while his telephone and telex numbers were reallocated to somebody else . that was how we lost ( us $ 20 , 000 , 000 ) to mr . patrice miller .
despite the various researches carried out to ascertain your personality we can only move ahead if you further assure us of your honesty and promise to keep this top secret and treat with utmost confidentiality it deserves .
not that we are men of proven integrity in our various fields and you are one of the privileged few that are opportuned to have this piece of information .
if the proposal satisfies you , fax or phone your urgent response using the above tel / fax number so that we can discuss modalities involved or send me your direct cell phone for further discussion . this transaction is totally risk free .
do not mind the handwritten envelope . it is an intentional guise to remove suspicion .
yours faithfully
engr . peter . c . musa
- - - - - - - - - - - - - - - - - - - - - - - - - - - - - - - - - - - - - - - - - - - - - - - - - - - - - - - - - - - - - - - - - - - - - - - ya puedes ganar con la bolsa sin arriesgar ni un c?ntimo . nuevo deposito naranja bolsa garantizado de ing directhttp : / / ad . doubleclick . net / clk ; 14721373 ; 7829128 ; m ? http : / / www . ingdirect . es / track / tracker . asp ? medio = wanp & cod = dgo 44",spam,2005-03-28
7094,re : mathworks,"molly ,
we have a reasonably big room . 2 - 5 people is ok . it ' s ebl 938 .
vince
molly carnes @ enron communications
09 / 28 / 2000 03 : 10 pm
to : vince j kaminski / hou / ect @ ect @ enron
cc :
subject : re : mathworks
i ' ve got in on the calendar for the 18 th at 2 : 00 . what ' s the location ? how
many can we bring ? 2 or 3 ?
thanks .
molly carnes
for
louis casari
vice president , mid office operations
enron broadband services
713 - 853 - 4302 , room eb 4492
lou _ casari @ enron . net
vince j kaminski @ ect
09 / 28 / 00 10 : 39 am
to : lou casari / enron communications @ enron communications @ enron
cc : vince j kaminski / hou / ect @ ect , shirley crenshaw / hou / ect @ ect , lou
casari / enron communications @ enron communications
subject : re : mathworks
molly ,
i met lou in the building lobby last wednesday and he suggested that he
( or his representatives ) join the mathworks presentation to my group ) .
it ' s a good software package for mathematical modeling ,
but there is a limit to the number of different installations any group
can productively use .
i shall take a look at some new features they offer
and decide whether it ' s worth the effort .
vince kaminski
lou casari @ enron communications
09 / 20 / 2000 02 : 10 pm
sent by : molly carnes @ enron communications
to : vince j kaminski / hou / ect @ ect
cc :
subject : mathworks
do you know this person or this company ? they are want to set an appointment
with ebs and i believe , are wanting to meet with you , also . any feedback ?
thanks .
molly carnes for lou casari
enron broadband services
713 - 853 - 1467 , room eb 4486 a
molly _ carnes @ enron . net
- - - - - forwarded by molly carnes / enron communications on 09 / 20 / 00 02 : 09 pm
- - - - -
scottw @ mathworks . com
09 / 20 / 00 08 : 46 am
to : lou casari / enron communications @ enron communications
cc :
subject : we ' ll be in houston
hello mr . casari :
myself and our energy trading financial team will be visiting with the r & d
group at enron the week of 10 / 16 / 00 . they have several applications can be
dramatically improved with our tools .
we are very interested to understand the bandwidth trading market , to see
if any additional challanges can be overcome with our tools .
i would like to understand your challanges of modeling , simulating and
deploying applications to control risk .
are you available to discuss these items prior to our visit ?
i look forward to hearing from you .
thanks
scott wakefield",ham,2000-09-28
1337,revised nomination - trevino plant,"i just received this e - mail . . . . .
bev
- - - - - - - - - - - - - - - - - - - - - - forwarded by beverly beaty / hou / ect on 08 / 04 / 2000 11 : 37
am - - - - - - - - - - - - - - - - - - - - - - - - - - -
enron capital & trade resources corp .
from : "" evelyn daniel ""
08 / 04 / 2000 09 : 58 am
to : ,
cc :
subject : revised nomination - trevino plant
beverly :
please see attached revised nomination for the above plant .
i know carlos is out today . he said stella was handling this , but i don ' t
know her e - mail address . i did call her and leave a voice mail .
thanks for your help .
evelyn daniel
devon energy
( 405 ) 552 - 4585
( 405 ) 552 - 4664
- beverly beaty - carlos rodriguez spreadsheet . xls",ham,2000-08-04
14664,re :,"hi louise
since i had some questions on the various names of the individuals i
was wondering if perhaps you could take a quick look at the attached
and see if there is anyone i have missed or inadvertently included .
wouldn ' t want to get this wrong .
thanks
colette
- - - - - original message - - - - -
from : louise . kitchen
sent : wednesday , january 09 , 2002 4 : 52 pm
to : dow , colette
cc : louise . kitchen
subject :
spoke to the deal team - they understand the economics and have gone to
speak to bill .
this e - mail is the property of enron corp . and / or its relevant
affiliate and may contain confidential and privileged material for the
sole use of the intended recipient ( s ) . any review , use , distribution
or disclosure by others is strictly prohibited . if you are not the
intended recipient ( or authorized to receive for the recipient ) , please
contact the sender or reply to enron corp . at
enron . messaging . administration @ enron . com and delete all copies of the
message . this e - mail ( and any attachments hereto ) are not intended to
be an offer ( or an acceptance ) and do not create or evidence a binding
and enforceable contract between enron corp . ( or any of its affiliates )
and the intended recipient or any other party , and may not be relied on
by anyone as the basis of a contract by estoppel or otherwise . thank
you .
- for louise . xls
visit our website at http : / / www . ubswarburg . com
this message contains confidential information and is intended only
for the individual named . if you are not the named addressee you
should not disseminate , distribute or copy this e - mail . please
notify the sender immediately by e - mail if you have received this
e - mail by mistake and delete this e - mail from your system .
e - mail transmission cannot be guaranteed to be secure or error - free
as information could be intercepted , corrupted , lost , destroyed ,
arrive late or incomplete , or contain viruses . the sender therefore
does not accept liability for any errors or omissions in the contents
of this message which arise as a result of e - mail transmission . if
verification is required please request a hard - copy version . this
message is provided for informational purposes and should not be
construed as a solicitation or offer to buy or sell any securities or
related financial instruments .",ham,2002-01-09
30146,"ven con tu carro , jeep o motor !","carterodominicano . com
copyright 2004 cartero dominicano s . a . all rights reserved .
sino puede visualizar esta pagina correctamente haga click aqui !
bajo el decreto s . 1618 titulo 3 ro . aprobado por el 105 congreso base de las normativas
internacionales sobre spam , este e - mail no podr? ser considerado spam mientras incluya
una forma de ser removido . nuestro ?nico deseo es dar a conocer nuestros servicios y ofertas
de partes si no desea recibir nuestra ofertas env?anos tu mail notificando el no inter?s en
seguir recibiendo nuestras infamaciones . no quiero recibir mas ofertas ( remove me ) ! ! !
",spam,2004-10-26
5853,re : stinson vacation plans,"stinson ,
no problem .
vince
stinson gibner
03 / 31 / 2000 05 : 28 pm
to : vince j kaminski / hou / ect @ ect , shirley crenshaw / hou / ect @ ect
cc :
subject : stinson vacation plans
vince ,
i would like to plan on taking 6 days of vacation on june 2 through june 9 th .
thanks ,
- - stinson",ham,2000-04-03
3639,fw : part 4 - deals to move,"more auto - terminate deals
- - - - - original message - - - - -
from : gossett , jeffrey c .
sent : thursday , december 13 , 2001 4 : 50 pm
to : palmer , b . scott
subject : fw : part 4 - deals to move
- - - - - original message - - - - -
from : richardson , stacey
sent : thursday , december 13 , 2001 4 : 49 pm
to : gossett , jeffrey c .
cc : hodge , jeffrey t . ; theriot , kim s . ; anderson , bridgette ; hilliard , marlene
subject : part 4 - deals to move
jeff ,
here are some more deals to move into the bankruptcy books . i will be out of the office tomorrow but bridgette anderson and marlene hilliard will be working on them if you have any questions .
thanks ,
sbr x 30569",ham,2001-12-14
21049,sometimes your life experiences are better than a post graduate education,"jdno future mailing
",spam,2005-01-23
14627,re : contracts,"i have given mark taylor my comments on the financial forms and he will be revising them . i have met with van hooser and hodge to discuss gas and have spoken with bradford to get his perspective on gas . we will be narrowing the menu of forms , revising in respect of certain terms , and studying possible construct changes to assist in credit matters . mark mentioned next tuesday as a target which i will try to meet . the eol forms will be completed first . any questions , call me .
- - - - - original message - - - - -
from : kitchen , louise
sent : friday , january 04 , 2002 1 : 52 pm
to : cook , mary
cc : tycholiz , barry ; vickers , frank ; luce , laura ; lagrasta , fred ; redmond , brian ; breslau , craig
subject : contracts
the gas contracts we need include the following , can you give us timescales . i understand that we have had issues getting these together and time is now running out . mark , i believe , has put you in charge or gas - please could you give us a timescale .
draft master firm
draft master swap
gtc ( physical )
gtc ( financial )
louise kitchen
chief operating officer
enron americas
tel : 713 853 3488
fax : 713 646 2308",ham,2002-01-07
25755,"uk national lottery "" you are a winner ""","the national lottery
12 bridge street ,
stains middlesex twl 8 4 tp
united kingdom .
from : the desk of the director of promotions ,
international promotions / prize award department ,
ref : ast 341739 ds
we are pleased to inform you of the announcement today of winners of
the national lottery international programs held on 25 th june 2005
you /
your company , attached to ticket number 013 - 2316 - 2002 - 477 , with serial
number ao 25 - 09 drew the lucky numbers 37 - 13 - 34 - 85 - 56 - 42 , and
consequently won in category b . you have therefore been approved for a
lump sum pay of us $ 2 , 500 , 000 . 00 in cash credited to file ref no . ref :
ast 341739 ds . this is from total
prize money of us $ 15 , 000 , 000 . 00 shared among the six ( 6 ) international
winners in the category b . all participants were selected through a
computer ballot system drawn from 30 , 000 names from australia , new
zealand , america , asia , europe , usa and north america as part our
international promotions program , which is conducted monthly . your fund
is now deposited with the finance and security section and insured in
your name . due to the mix up of some numbers and names , we ask that
you
keep this award strictly from public notice until your claim has been
processed and your money remitted to your account . this is part of our
security protocol to avoid double claiming or unscrupulous acts by
participants of this program . we hope with a part of you prize , you
will
participate in our end of year high stakes us $ 1 . 3 billion
international
lotto . to begin your claim , please contact your claims officer
immediately :
yours faithfully ,
mr martin hillman .
claim agent
tel : 0044 - 704 - 010 - 3388
tel : 0044 - 703 - 184 - 7929
fax : + 44 - 700 - 580 - 7134
email : martinsl _ 2005 @ eresmas . com
for due processing and remittance of your prize money to a designated
account of your choice , kindly provide him with the following
information :
note : in order to avoid unnecessary delays and complications , please
remember to quote your reference number in every one of your
correspondences with your officer . furthermore , should there be any
change of your address , do inform your claims officer as soon as
possible .
congratulations again from all our staff and thank you for being part
of our promotions program .
sincerely ,
the director of promotions
the national lottery
n . b . any breach of confidentiality on the part of the winners will
result to disqualification . please do not reply this mail .",spam,2005-06-27
3184,buyback deals expire,"daren ,
julie meyers sent me the list of buyback / sale / swing tickets
- i told her some expire 4 / 30 / 01 and asked if they were to be extended .
she didn ' t have any knowledge of any being extended to may - do you know who to ask ?
undertake sale swing
beaumont methanol 696599 696585 696594
union carbide 699730
valero 478227 454447
valero 478230 454455
valero 478229 454452
thanks - julie",ham,2001-05-02
27789,"ethink about it : july 10 , 2000","log on to espeak this wednesday , july 12 at 10 : 00 a . m . houston time , to
participate in vince kaminski ' s espeak event . vince is the managing director
of enron research and will be discussing the importance of enron research and
quantitative modeling .
this friday , july 14 at 10 : 00 a . m . houston time , ken lay returns to espeak
for an office of the chairman "" open mike "" session .
as always , if you cannot make the event , visit the espeak site in advance and
pre - submit your questions .
did you know that , since its debut , emeet has been visited over 2 , 000 times ?
we know you all have ideas or questions about enron , and chances are they
won ' t be addressed if you keep them to yourselves . why not put them in emeet
and see what sort of feedback you get ?
"" the age of information is over . . . the age of intelligence has begun . "" -
larry kahaner , competitive intelligence guru .
competitive intelligence can help solve business problems , identify threats
in the competitive environment , and reveal new opportunities . join us on
enron edge to build and protect enron ' s competitive edge . check it out !
enron edge : use it , share it , grow it .",ham,2000-07-07
9607,want to accept credit cards ? 126432211,"aredit cpproved
no cecks
do it now
126432211",spam,2002-05-21
7417,message from anjam s ahmad,"dear all ,
on 25 th october i announced my resignation from enron europe to pursue other
opportunities . i just wanted to say that the past 3 1 / 2 years has been a
very interesting and positive experience for me , having been a key part of
such a dynamic and fast - moving organisation . enron is by far the best
organisation i have ever worked for , and i am proud to have had the
opportunity to work here and become a shareholder . i have found it a real
pleasure to have worked with such talented and interesting individuals as
exist within enron europe and enron corp in houston & portland and i
genuinely wish you the best of success going forward . i would also like to
take this opportunity to thank vince kaminski , john sherriff and richard
lewis for hiring me in april 97 and thereafter offering such interesting and
challenging projects to work on .
i have made some excellent friends at enron and hope to keep them - i have a
base in london and will probably be visiting houston soon , so please feel
free to stay in touch !
contact :
e - mail : citywhizkid @ hotmail . com ( easy to remember ! )
mobile : 0961 111 192
home : 020 8877 9741
address : apt 213 , compass house , riverside west , smugglers way , wandsworth ,
london swl 8
i will be at the talbot pub tomorrow friday 27 th october from 6 pm where i
hope to catch up with you as a final farewell !
best wishes for the future !
anjam
x 35383",ham,2000-10-26
6350,re : running credit model,"tanya ,
although i ' m quite comfortable with providing support for running the model ,
and assisting in providing the tools to enable easier analysis of the
results , i ' m not entirely comfortable with supporting a java debug
environment within your team ( including ad - hoc training ) , when we have
facilities within the it development team to do it here .
i ' d like to meet with you to discuss this , as this seems to be an ongoing
issue , and would like to understand the ground rules by which your team
operates in conjunction with it in general .
regards
steve
tanya tamarchenko
23 / 06 / 2000 15 : 48
to : stephen stock / hou / ect @ ect
cc : grant masson / hou / ect @ ect , vince j kaminski / hou / ect @ ect , debbie r
brackett / hou / ect @ ect
subject : re : running credit model
steve ,
in order to be able to test the new credit model as well as to answer credit
group ' s
questions regarding the outputs from this model research needs to be able to
do the following :
1 . run credit model independently of the other runs . it is quite ok for now
to be able to run it just for small artificial portfolios .
2 . debug the code to see what actual values are used during the run time .
please , let me know if your team can help us .
tanya .",ham,2000-06-27
23100,associates prc meeting,"we have a new date - monday , july 24 th beginning at 9 : 00 am . i will contact
your supervisors after the prc meeting to let them know the final results .
your supervisor will give your performance review and will be able to
summarize the feedback received through the pep system during the review .
thanks for providing your resumes . i will feel more informed during the
process .",ham,2000-07-21
30333,"same quailty , much less price , phamracy","sa ; ve 7 _ 0 % ord . ering onl / ine to ` day !
vi ! sit our site and sa ! ve big
armenian blunder consecrate adenosine calorie crescent churchmen atonal chantilly beethoven diverse ain ' t aliphatic ammunition coincidental abhorrent cash burmese backplate brought bucknell crowley bliss armco calamus bucketfull bucket aileron carnegie adore christ aberrate dobbin catskill bremen crusoe cranny boutique bosch dextrose complementation delirious bismuth afraid capricorn delicious birdseed cooky centrifugate ditto argon debase batch con ababa basophilic campanile barry brushy cinnabar bellyache antithetic conscript bateau cobblestone burp assyriology ar bled assign accustom cotillion button disposal begonia approach ajar automatic burlington andrews bronchiole compost diffractometer champ aftereffect awaken blanc dice autocracy cheney cady crate
removemeplease
",spam,2004-11-08
27400,failure notice,"this is the mail delivery agent at messagelabs . com .
i was not able to deliver your message to the following addresses .
:
144 . 189 . 100 . 102 does not like recipient .
remote host said : 550 5 . 0 . 0 . . . host down
- - - below this line is a copy of the message .
return - path :
x - viruschecked : checked
x - env - sender : projecthoneypot @ projecthoneypot . org
x - msg - ref : server - 3 . tower - 115 . messagelabs . com ! 1121770867 ! 6986571 ! 1
x - starscan - version : 5 . 5 . 4 . 1 ; banners = - , - , -
x - originating - ip : [ 221 . 9 . 132 . 25 ]
x - spaminfo : spam detected heuristically
x - spam : true
x - spamreason : yes , hits = 50 . 0 required = 7 . 0 tests = spam signature :
spam . health . 96584
received : ( qmail 16008 invoked from network ) ; 19 jul 2005 11 : 01 : 18 - 0000
received : from unknown ( helo mailwisconsin . com ) ( 221 . 9 . 132 . 25 )
by server - 3 . tower - 115 . messagelabs . com with smtp ; 19 jul 2005 11 : 01 : 18 - 0000
received : from 205 . 214 . 42 . 66
( squirrelmail authenticated user projecthoneypot @ projecthoneypot . org ) ;
by mailwisconsin . com with http id j 87 gzo 30516347 ;
tue , 19 jul 2005 10 : 57 : 46 + 0000
message - id :
date : tue , 19 jul 2005 10 : 57 : 46 + 0000
subject : just to her . . .
from : "" barry castillo ""
to : antonio _ silva @ br . css . mot . com
user - agent : squirrelmail / 1 . 4 . 3 a
x - mailer : squirrelmail / 1 . 4 . 3 a
mime - version : 1 . 0
content - type : text / html ; charset = iso - 8859 - 1
content - transfer - encoding : 8 bit
x - priority : 3 ( normal )
importance : normal
soft viagra at $ 1 . 62 per dose
ready to boost your sex life ? positive ?
time to do it right now !
order soft viagra at incredibly low prices
starting at $ 1 . 99 per dose ! unbeiivabie !
this email has been scanned by the messagelabs email security system .
for more information please visit http : / / www . messagelabs . com / email
",spam,2005-07-19
30418,your urgent response needed,"dearest belove
my name is mrs . gloria heinz from germany . i am married to mr . robert heinz
who worked with the german embassy in saudi arabia for nine years before
he died in the year 2001 . we were married for eleven years without a child .
he died after a brief illness that lasted for only four days . before his
death we were both born again christians . when my late husband was alive
he deposited the sum of us $ 13 . 5 million ( thirteen million , five hundred thousand
u . s . dollars ) with a security company in spain . presently , this money is
still with the security company .
recently , my doctor told me that i would not last for the next six months
due to cancer problem . though what disturbs me most is my stroke .
having known my condition i decided to donate this funds to church or better
still a christian individual that will utilize this money the way i am going
to instruct herein . i want a someone that will use these funds - to - fund
churches , orphanages , research centers and widows propagating the word of
god and to ensure that the house of god is maintained .
as it is written , "" that they do good , that they be rich in good works , ready
to distribute , willing to communicates .
laying up in store for themselves a good foundation against the time to
come that they may lay hold on enternal life "" . { 1 timothy 6 : 18 take heed that
you do not your alms before men , to be seen of them ; otherwise you have no
reward of your father which is in heaven . { mathew 6 : 1 } .
as soon as i receive your reply i shall give you the contacts of the finance / security
company in spain .
i will also issue you a letter of authority that will empower you as the
new beneficiary of this funds . i want you and the church to always pray for
me that it may please the eternal father for me to partake in his everlasting
kingdom through jesus christ our lord .
any delay in your reply will give me room in sourcing for a church or christian
individual for this same purpose .
please assure me that you will act accordingly as i stated here in .
hoping to hear from you soon .
you can as well send mail to me either through this mail or my alternative
email as stated ( gloriahl 780 @ latinmail . com ) i pray for your understanding .
god bless you .
yours in christ ,
mrs . gloria heinz .
your urgent response needed
_ _ _ _ _ _ _ _ _ _ _ _ _ _ _ _ _ _ _ _ _ _ _ _ _ _ _ _ _ _ _ _ _ _ _ _ _ _ _ _
crea la tshirt con il tuo nick ! http : / / www . mediasetshop . it / jumpychat /",spam,2004-11-15
20867,paypal ? account review department,"dear :
paypalr
is committed to maintaining a safe environment for its community of
buyers and sellers . to protect the security of your account , paypal employs
some of the most advanced security systems in the world and our anti - fraud
teams regularly screen the paypal system for unusual activity .
recently , our account review team identified some unusual activity in your
account . in accordance with paypal ' s user agreement and to ensure that your
account has not been compromised , access to your account was limited . your
account access will remain limited until this issue has been resolved . this
is a fraud prevention measure meant to ensure that your account is not
compromised .
in order to secure your account and quickly restore full access , we may
require some specific information from you for the following reason :
we would like to ensure that your account was not accessed by an
unauthorized third party . because protecting the security of your account
is our primary concern , we have limited access to sensitive paypal account
features . we understand that this may be an inconvenience but please
understand that this temporary limitation is for your protection .
case id number : pp - 040 - 187 - 541
we encourage you to log in and restore full access as soon as possible .
should access to your account remain limited for an extended period of
time , it may result in further limitations on the use of your account .
however , failure to restore your records will result in account suspension . please update your recordson or beforejanuary
5 , 2005 . once you have updated your account records , yourpaypal session will not beinterrupted and will continue as normal .
to update your
paypal records click on the following link : https : / / www . paypal . com / cgi - bin / webscr ? cmd = _ login - run
thank you for your prompt attention to this matter .
please understand that
this is a security measure meant to help protect you and your account . we
apologize for any inconvenience .
sincerely ,
paypalr
account review department
paypal email id pp 522
accounts management as outlined in our user agreement ,
paypal willperiodically send you information about site changes and enhancements .
visit our privacy policy and user agreement if you have any questions . http : / / www . paypal . com / cgi - bin / webscr ? cmd = p / gen / ua / policy _ privacy - outside
",spam,2005-01-02
23659,log as of 12 / 29 / 00,"attached please find the daily log as of 12 / 29 / 00 . if you have any questions
or comments please advise .
nancy",ham,2001-01-02
1109,re : republic royalty 5 / 00,"daren . . . i talked to cynthia in contracts and she said that ces deals cannot
be extended and that a new contract has to be set up . how do you want to
handle it ?
daren j farmer @ ect
06 / 28 / 2000 04 : 17 pm
to : ami chokshi / corp / enron @ enron , megan parker / corp / enron @ enron , o ' neal d
winfree / hou / ect @ ect , nelson ferries / corp / enron @ enron , hillary
mack / corp / enron @ enron
cc :
subject : re : republic royalty 5 / 00
i have rolled # 143559 through july 2000 to cover the purchase from
republic . we sell this gas to duke energy field services ( # 143558 for jan -
apr , ces - duke energy field services , inc ) . the counterparty on this deal
has been suspeneded , so i created # 316727 under the counterparty of duke
energy field services marketing , llc .
hillary - please extend the ces - duke counterparty or attach the correct duke
counterparty to this deal .
if you have any questions , let me know .
d
from : ami chokshi @ enron 06 / 28 / 2000 10 : 45 am
to : megan parker / corp / enron @ enron , o ' neal d winfree / hou / ect @ ect
cc : nelson ferries / corp / enron @ enron , daren j farmer / hou / ect @ ect
subject : republic royalty 5 / 00
this deal was terminated by nelson ferries .
ami
- - - - - - - - - - - - - - - - - - - - - - forwarded by ami chokshi / corp / enron on 06 / 28 / 2000
10 : 42 am - - - - - - - - - - - - - - - - - - - - - - - - - - -
from : megan parker 06 / 28 / 2000 10 : 28 am
to : ami chokshi / corp / enron @ enron , o ' neal d winfree / hou / ect @ ect
cc :
subject : republic royalty 5 / 00
republic royalty is one of my ces deals . they sent me an invoice for may
2000 production , but i do not see a deal for may . does either of you know if
this deal was extended under a new deal number ?
megan",ham,2000-06-29
18424,coupon for pet needs . order online .,"tired of cleaning font - size : 13 px ; color : white ; "" >
virtually all dogs shed , but now
there ' s a treat that reduces your
dog ' s unnatural shedding and restores
his vibrant coat . petcarerx . com
to unsubscribe from this mailing list : click here
or send a blank message to : r . esalesl . 0 - 2 fa 9260 - 6 d 59 . iit . demokritos . gr . - paliourg @ 29 . moosq . com
this offer sent to you from :
optinrealbig . com llc
1333 w 120 th ave suite 101
westminster , co 80234
",spam,2004-02-28
12266,re : joe gold,"louise , have not heard from joe but will respond as needed .
frank
- - - - - original message - - - - -
from : kitchen , louise
sent : tuesday , july 17 , 2001 3 : 13 pm
to : vickers , frank w .
subject : joe gold
joe ( or someone from metals ) may ring you with regard to an aluminium smelter deal - could you please run with it for me
thanks
louise",ham,2001-07-23
32408,"bu "" y cia , lis soft ' tabs online for less ` .","viagra ' s newest and best rival cialls has been around for a while
now available in softtabs
save 70 % +
shipped world wide ( anywhere )
no prescription neccesary
more | nfo here
rem . . 0 ve me
",spam,2005-04-05
2885,fw : calpine monthly average revised,"darren - attached is the april schedule for calpine ( average was revised )
thanks - julie
x 58639
- - - - - original message - - - - -
from : ricky archer @ enron
sent : tuesday , march 27 , 2001 2 : 42 pm
to : kemp , juliann
subject : calpine monthly average revised
>
ricky a . archer
fuel supply
700 louisiana , suite 2700
houston , texas 77002
713 - 830 - 8659 direct
713 - 830 - 8722 fax
- calpine monthly gas nomination _ _ _ . doc",ham,2001-03-27
31832,cheap online pills here,"vorticity perfidious kilo caviar raid chapter confide
are you looking for medicine ? obtain it now !
everything you need ! we have it ! quick and economical !
and the prices are unbeatable !
stop receiving promotional material now
blonde quad northwestern adjacent effluent
",spam,2005-02-17
7918,wti trading simulation presentation,"john ,
i prepared the presentation in the way we discussed on wednesday .
in summary i have included the following scenarios :
tenor : 1 , 3 , 5 years back from nov , 2000
1 , 3 , 5 years back from nov , 1998
1 , 3 , 5 years back from nov . 1995
number of trade per day : 200 , 600 , 1000
bid - offer spread : $ 0 . 04 and $ 0 . 06
net open position allowed : 1 , 000 , 000 and 5 , 000 , 000
volume per trade is fixed at 1 , 000 bbl .
all together , there are 9 * 12 = 108 scenarios included in the presentation .
i will be on vocation starting next week . but i will check my e - mail and
phone
messages to make modifications you need .
happy holidays ,
zimin",ham,2000-12-15
29303,pharmacy discounts,"men ' s health :
vlagra - 0 . 95 per dose
clalis - 2 . 00 per dose
weight loss :
xenical - 1 . 31
generic meridia - 82 . 50
hair loss :
generic propecia - 19 . 51
diabebetes threat :
generic glucophage - 0 . 49
pain relief :
generic vioxx - 1 . 45
generic celebrex - 0 . 80
anti depressants :
generic paxil - 1 . 16
generic zoloft - 0 . 64
muscul relaxers :
generic soma - 1 . 33
stop smoking :
generic zyban - 1 . 17
lower cholesterol :
lipitor - 0 . 48
and a lot more http : / / refuge . llhchmg . info / ? k . msgtennirbweenotebooks",spam,2004-08-09
573,march surveys,"hello ,
we have prepared january and february data and will be scheduling meetings
with you in the next few weeks . for the month of march , please provide a
completed "" hours "" survey for each position within your group . this survey
will collect the time your team spent on performing their activities in the
month of march .
note : we are now collecting eol related activities . if you spend time
directly supporting eol , and your survey does not have an activity that you
can assign these times to , please contact me as soon as possible so we can
add the appropriate activities to your survey .
to fill out the survey :
at the top of the spreadsheet , you will see a box labelled "" select your rc "" .
click on the box and input your rc number , which will need to be 4 digits .
once you have done this , another box will appear with the message "" select
position from drop box ! "" you can then select the position ( i . e . , staff ,
specialist , etc . ) and "" ok "" . the choices for positions are based on
information contained in the org database ( i . e . , if a position is not listed
that should be , please call me to discuss as it would indicate that
corrections need to be made to the database ) . once you have the list of
activities , please input hours ( for the entire month ) for each activity
listed in the column labelled "" hours "" .
if you ' re filling out the survey for your team , save a file for each of the
positions you fill out for your team prior to filling out the next position .
if you do not , the information will be lost .
we have included february compiled hours per position ( if you had two
specialists performing the same activity - 20 hours each , the "" last month ""
column would show a total of 40 hrs for that month ) . as with last month , you
have the option to complete the survey on behalf of your entire group or send
this survey to each of your team members , allowing each individual to fill
out the time they spent on each activity . if there are any activities you
perform not included in your survey , please contact me as soon as possible
for a copy of the activity dictionary .
please return these surveys by end of day wednesday , april 5 th . if this is a
problem , please notify me or lisa cousino immediately .
thanks ,
shari
3 - 3859",ham,2000-03-31
27164,"do not have money , get software cds from here !","microsoft localized software .
double , double toil and trouble ; fire burn , and cauldron bubble .
reading is sometimes an ingenious device for avoiding thought .",spam,2005-07-18
2561,first delivery - cody,"see attached letter
eb",ham,2001-02-12
29214,fw : tw question in amarillo,"fyi , kim .
- - - - - original message - - - - -
from : lebeau , randy
sent : tuesday , march 05 , 2002 11 : 07 pm
to : watson , kimberly ; jordan , fred
cc : abdmoulaie , mansoor
subject : re : tw question in amarillo
thanks for the info .
fred , do you know how much it will take to upgrade the esd system ?
- - - - - original message - - - - -
from : watson , kimberly
sent : tuesday , march 05 , 2002 1 : 56 pm
to : lebeau , randy
cc : abdmoulaie , mansoor
subject : re : tw question in amarillo
randy ,
mansoor and i met on this topic this morning . we are confirming with perry frazier what , if any , firm commitments we may have on this system to make sure we understand possible impacts of abandoning this station . also , we will meet with the regulatory folks this week to discuss the various regulatory options with them . we will keep you updated as we progress through these meetings .
how much money is required on the ivanhoe station to keep esd compliant ?
thanks , kim .
- - - - - original message - - - - -
from : lebeau , randy
sent : friday , march 01 , 2002 10 : 42 am
to : watson , kimberly
cc : jordan , fred
subject : fw : tw question in amarillo
kim , regarding the question below pertaining to the abandonment of units at ivanhoe , what do we need to do next ? we are currently out of compliance on the esd system and would like to get the ball rolling as soon as possible .
- - - - - original message - - - - -
from : harris , steven
sent : friday , march 01 , 2002 10 : 33 am
to : lebeau , randy
subject : re : tw question in amarillo
thanks for the feedback . kim watson is the appropriate person to talk to on this .
steve
- - - - - original message - - - - -
from : lebeau , randy
sent : friday , march 01 , 2002 10 : 26 am
to : harris , steven
subject : tw question in amarillo
this is just to follow up on the phone message i left for you today ( friday , march 1 ) .
the questions raised in the employee meeting with stan horton in amarillo this week regarding gas that has gone off the system , had to do with nng facilities not tw .
as i stated in the voice mail , we do have an issue at the ivanhoe station . the hp there has not run in several years , but as long as it ' s in place , we are required to maintain the esd system . we would like to pursue the abandonment in place of the units . if we don ' t do this , we are looking at some significant costs to make repairs and upgrades to the system . our question is , who do we need to work with on this effort ?
thanks for following up so quickly after stan ' s visit .
randy",ham,2002-03-25
28889,tw shipper imbalances,"summary since 8 / 31 / 01
balance at 8 / 31 $ 938 , 517
change due to scheduling $ ( 50 , 381 )
payments received $ ( 252 , 265 )
balance at 10 / 08 / 01 $ 634 , 261
see attached for detail",ham,2001-10-09
31014,dill dryad cuttlefish,"a genuine college degree in 2 weeks !
have you ever thought that the only thing stopping you from a great job and better pay was a few letters behind your nameþ well now you can get them !
ba bsc ma msc mba phd
within 2 weeks , no study required , completley verifiable !
these are real , genuine degrees that include bachelors , masters and doctorate degrees .
student records and transcripts are also available .
order yours today . just call the number below . you ' ll thank me later .
call 1 - 206 - 339 - 6091 now",spam,2004-12-29
30528,precaution - vids will destroy your life,"r - e - m - o - v - e me
ashamed flotationexposit bess voltapineapple
coralberry bullheadoctoroon saul vagabondbondholder
phonemic astoundtonnage antic lyricismstrive
cowan brakemancook ehrlich dragonflytransmittance
indomitable manureburet",spam,2004-11-22
22348,you have won ! ! ! congratulations !,"staatsloterij jackpot and promotions
khorhostraatl 55 ,
amsterdam ,
the netherlands .
from : the desk of the managing director
international promotion / prize award dept ,
scfn : abn / 5333 / 025648 / 03 ua .
batch : 245 / 2002 / gwk
attn :
we are pleased to inform you of the release today the 28 th of july 2005 of the staatsloterij jackpot and promotions , netherlands held on 26 th of july 2005 .
your email address attached to the ticket no : 1001 - 55896542 - 5899 with serial no : 6666 / 05 drew from the lucky no : 02 - 22 - 00 - 66 - 99 - 85 - 52 - 12 - 36 - 50 , which consequently won the lottery in the first category .
you have therefore been approved for a lump sum pay out of one million united state dollars ( us $ 1 , 000 , 000 . 00 ) in cash credited to security file number abn / 5333 / 025648 / 03 ua . this is from a total cash prize of us $ 4 million shared among four individuals in this category .
congratulations ! ! ! .
your funds is now deposited with our payment / finance department in the security company to your name , due to the mixed up of some numbers and names , we ask that you keep this winning a top secret from the public notice until your claims has been processed and remitted to your account as this is apart of the security protocol , to avoid double claiming or unwarranted taking advantage of this program by participants .
all participants were selected through a computer ballot system drawn from the 500 , 000 company / individal email addresses from all over the world as part of our international promotions programme , which we conduct every five years .
to begin your claims , please contact your claim agent in
dr . henk der vaart ( director of operations ) .
tel : 0031 - 649 - 224 - 367
fax : 0031 - 847 - 304 - 266
email : infolotagency @ netscape . net
for processing and remittance of your winning cash into a designated bank account of your choice , remember , all winnings must be claim not later than august 20 th 2005 , after this date , all unclaim funds will be returned to the promotion company .
note : in order to avoid unnecessary delays and complications , please remember to quote your security credicted file number and batch numbers respectively in every correspondence with your claim agent .
furthermore , should there be any change of your address , do inform your claim agent as soon as possible .
congratulations once again from all members of our staff and thank you for being part of our promotions programme .
yours sincerely ,
stefania der helder ( promotion manager ) .
check - out go . com
go get your free go e - mail account with expanded storage of 6 mb !
http : / / mail . go . com
",spam,2005-07-28
10641,new love tabs shop .,"visit our llcensed online dragstore for the best inexpensive love drags ! viagra , ciaiis , softtabs and many other love enhancers aii in one !
operative support , fast shipping , secure payment processing and complete confidentiality !
click here to find your verifled by bbb and approved by visa iove pil 1 !
",spam,2005-07-12
6879,li sun,"vince ,
i am so glad that your meeting went well with li yesterday . this is a
confirmation email to let everyone know that li sun will begin in vince ' s
organization on monday , august 28 th . if you have any questions , please let
me know . thanks .
- - - - - - - - - - - - - - - - - - - - - - forwarded by jana giovannini / hou / ect on 08 / 23 / 2000
10 : 00 am - - - - - - - - - - - - - - - - - - - - - - - - - - -
from : jana giovannini 08 / 21 / 2000 01 : 25 pm
to : vince j kaminski / hou / ect @ ect
cc : john j lavorato / corp / enron @ enron , jeffrey a shankman / hou / ect @ ect , hunter
s shively / hou / ect @ ect , shelly butler / hou / ect @ ect , ina rangel / hou / ect @ ect
subject : li sun
vince ,
thanks for your response . apparently , we were under the incorrect impression
that your group would be taking li ( based on jeff ' s note below ) . we
apologize for not contacting you last friday to confirm prior to "" placing "" li
in your group . i have faxed li ' s resume to you and hope that you will have
time to review it today . please call me back as soon as you can to discuss
li ' s opportunities in your group .
if vince is not interested in li for his group , we will consider li placed in
ena - gas trading ( original placement ) in john lavorato ' s organization . once
i hear from vince one way or the other , the program will consider li ' s
placement final in either research or ena - gas trading . hopefully this will
be resolved by tuesday morning so that we may communicate to li her rotation
information . if you have any questions , please let me know .
thank you !
vince j kaminski
08 / 21 / 2000 01 : 03 pm
to : jana giovannini / hou / ect @ ect
cc :
subject : re : vikas dwivedi
fyi
vince
- - - - - - - - - - - - - - - - - - - - - - forwarded by vince j kaminski / hou / ect on 08 / 21 / 2000
01 : 08 pm - - - - - - - - - - - - - - - - - - - - - - - - - - -
vince j kaminski
08 / 21 / 2000 12 : 58 pm
to : shelly butler / hou / ect @ ect
cc : john j lavorato / corp / enron @ enron , jeffrey a shankman / hou / ect @ ect , hunter
s shively / hou / ect @ ect , vince j kaminski / hou / ect @ ect
subject : re : vikas dwivedi
shelly ,
i shall not accept anybody for a rotation without a prior interview .
li was scheduled to meet with me last thursday but she never showed
up . she did not call to cancel or to apologize for not showing up .
i have not seen her resume .
please , assume she is not rotating into my group till further notice .
vince
from : shelly butler 08 / 18 / 2000 03 : 37 pm
to : jeffrey a shankman / hou / ect @ ect
cc : hunter s shively / hou / ect @ ect , john j lavorato / corp / enron @ enron , vince j
kaminski / hou / ect @ ect , craig breslau / hou / ect @ ect , ina rangel / hou / ect @ ect
subject : vikas dwivedi
jeff ,
just wanted to confirm that li will be placed in vince kaminski ' s group .
vikas has been placed in ena middle market reporting to craig breslau .
please contact me at 3 - 4584 if you have any questions . thanks for your help ! !
shelly
from : jeffrey a shankman 08 / 18 / 2000 03 : 18 pm
to : shelly butler / hou / ect @ ect
cc : hunter s shively / hou / ect @ ect , john j lavorato / corp / enron @ enron
subject :
shelly ,
hunter spoke with li today and agrees that her first rotation should be in
vince ' s group doing modelling , etc . this will give her the broadest
experience for a first rotation . i ' m sure the other person in question ,
vikas , will do very well in hunter ' s group .
thanks for your help .
jeff",ham,2000-08-23
15241,appointment change for neva .,"my girl and i both swear by this new product .
because she loves it when it ' s deep inside her .
this helps me to become the real man for her .
i use it everyday and i ' m damn proud of it !
stoop thiiiiiiis .
nibble pyrimidine litmus doubleton sibling beige brisk ordnance eyeglass nonogenarian simplicial clot appellate anecdotal bernardino chemisorb chose jaguar psychiatrist muir revision tanh bronchitis dispelled belgium traipse auction .
famine officemate calculate catalytic institution wrestle technion geodetic protrusive forswear circuitous roy sideman counterbalance feldman capacity technocratic campion sheep duffy conduit fisherman demurring lady urbane baseband impudent robbin devonshire ride argive agglutinate abo jeopard anecdotal coffin welles furnace headway .
",spam,2004-10-04
29391,supersavings on all pain medications - no prescription required,"up to 80 % savings on xanax , valium , cialis , viagra , tylenol 3 & more
here
for
email removal , go here .
dyke jules chert hobble contend veterinary sedulous natural addle shamefaced bedim bilayer auerbach bender jurisdiction chapman cartwheel schoolhouse perimeter what ' re bonneville concern kitchenette adultery taste shelve francoise segment demagnify castanet marcia thule nina bushwhackmonster peck coagulate horace punditry torrance oslo furious trespass electrolysis handwritten binuclear expedition wriggle sara topography hydrometer electriciancarrot grillwork inclement saleslady colgate discretion flanagan mention hunk not bag onus weekday surprise collimate economist lacustrine glanshavilland critter rachel cranberry set sanguine acrimony shoelace cowl detain remitted d ' etat yost clove inventor",spam,2004-08-18
33497,300 - 500 usd weekly working from home for international company ( grandson ),"strangling snowman sustain omnivore muncie
dear recipient ,
camron financial announces the beginning of a new unprecendented global employment campaign .
curfew stalinist heredity dummies loose
due to our exploding growth , we are further expanding our business to the european and south pacific regions of the world . during our last employment campaign over 1500 people worldwide took part in our business and more than half of them are currently employed by our company . and now we are offering you one more opportunity to earn extra cash working with us .
rusty lamed circumcise hashes cryptic
we are looking for honest , responsible , hard - working people to operate with our company in your particular region . these openings are part - time positions with the opportunity to make 300 - 500 usd weekly working 2 - 4 hours per day with us .
silences grandson against liberators minis
please visit our corporate web site for more details regarding these vacancies .
goldman disposes ballerina kinder joanna
",spam,2005-07-12
16657,re : supp decline,"thanks bill .
- - - - - original message - - - - -
from : williams iii , bill
sent : monday , june 11 , 2001 8 : 18 am
to : reyes , jim ; johnson , donna
subject : re : supp decline
jim ,
harbor and martel were declined with the ciso for 06 / 08 / 01 he 1 and he 2 . the reasons : for harbor the ciso inc ' d them to 10 , and ignored their operating limits as entered at 60 and 80 . martel was inc ' d but could not ramp up . both bids were properly entered by were ignored by the ciso . delano was incd ' d and dec ' d several times in the morning and was able to respond .
let me know if you have any other questions .
thanks ,
bill
- - - - - original message - - - - -
from : reyes , jim
sent : monday , june 11 , 2001 8 : 09 am
to : williams iii , bill
subject : supp decline
bill ,
could you send me and donna shediun an e - mail , documenting the decline to harbor and martel ( wheel abrator )
for supplimental 6 / 8 / 01 , he 1 , interval 1 and 2 .
jim",ham,2001-06-11
12326,california update 7 / 26 / 01 p . 3,"below are the current provisions keeley and hertzberg are wanting to pass into legislation ( when they return from recess ) . currently , they are not sure if all of these amendments would be wrapped up into one bill or if they would just amend bill sb 78 xx while introducing a new bill sb _ xx . working under the assumption that they would amend bill 78 xx and introduce a new one , the following issues are a reflection of their current positions . if they decide to introduce one new bill than the issues below would be included into one piece of legislation . please remember , these issues are only their current thoughts and are such to change .
socal debt
sb _ xx
no provision for debt .
sb 78 xx ( amended )
approximately $ 2 . 9 b through corporate bond financing supported by a dedicated rate component ( drc ) over a period of time sufficient to pay the bonds ( 10 - 15 years ) . final debt amount to be established by the puc and the state auditor .
core vs . non - core
sb _ xx
for purposes of paying the socal debt , creates a core program for consumers with a peak demand of less than ? kw and non - core customers of ? kw or more . they would share in the cost of socal debt retirement : ( 1 ) all consumers share pro rata for the first two years , ( 2 ) non - core pay 100 % after two years .
sb 78 xx ( amended )
no provisions .
transmission system purchase
sb _ xx and sb 78 xx
no purchase of transmission assets .
conservation easements
sb _ xx
no conservation easements .
sb 78 xx ( amended )
specific conservation easements and other land arrangements described in bill for about 24 , 000 acres per the governor ' s mou .
direct access
sb _ xx
removes regulatory constraints on a direct access program effective january 1 , 2002 and permits customers to buy power if there is a net short after socal native generation , bilateral contracts , and dwr contracts . residential and small commercial customers may use direct access from renewable energy sources .
sb 78 xx ( amended )
no provisions for direct access .
ratepayer benefit account
sb _ xx
deposits in the account any refunds or net cash resulting from ( a ) any refunds ordered by ferc or from litigation , and ( b ) any positive dwr power fund revenues ; all to be refunded to ratepayers through either bill credits or rate reductions in proportion to the march , 2001 puc rate increase .
sb 78 xx ( amended )
does not create a ratepayer benefit account .
electric supplier claims settlement trust
sb _ xx and sb 78 xx
does not create a trust or trustee to negotiate reductions .
renewable energy
sb _ xx
creates a renewable portfolio standard ( rps ) to achieve a target of 10 % of all new generating capacity additions through 2010 and overall 20 % of statewide total generating capacity by 2010 . munis have been exempted from the rps .
sb 78 xx ( amended )
no provisions for renewable energy .",ham,2001-07-26
31397,uptick stock,"investor alert - l r c j - brand new stock for your attention
lauraan corporation - stock symbol : l r c j
breaking news released by the company on friday - watch
out the stock go crazy on friday morning 21 th of january .
current price : $ o . 13
did your portfoiio have a stock move like this one !
l r c j has been moving up since january 17 th . wil | it continue higher ?
lauraan corporation ( lauraan ) is a premier provider of home
entertainment and home automation products and services to the new home market .
the company se | | s primariiy through homebuilders to homebuyers who are
buiiding homes in the $ 3 ook , and up range .
lauraan is an early stage company in the process of deveioping its
business , nationwide , through acquisitions of existing home technology
companies in seiect markets throughout the country . the company has an
experienced management team that has years of experience in the home
technoiogy industry .
current price : $ o . 13
current status
lauraan has completed its first acquisition , syslync of georgia
( georgia ) . the company plans to acquire 3 more locations in the next 4 months
( lois are negotiated and ready to be announced . ) georgia currentiy has
annuaiized revenues of $ 50 ok and is expected to doubie its monthly
revenue in the next 6 months . the three next acquisitions wiil add an
additional $ 2 . 5 million in revenue .
long - term strategy
the company pians to raise funds to make acquisitions throughout
strategic new home markets and create a nationa | brand with revenues of
$ 5 o - 75 miilion by 20 o 7 . lauraan wiil be recognized for its quaiity of
service , value provided , and the simplicity of its solutions .
breaking news : lauraan corporation announces new servicing and buiider
agreements
grapevine , texas , jan 14 , 2 oo 5 / prnewswire - firstcall via comtex / - -
lauraan corporation ( l r c j ) ( "" lauraan "" ) , a provider of home
entertainment and automation products for the new home market , announced today that
their whoily - owned subsidiary , sysiync of georgia , ( sysiync ) has
completed an exciusive agreement with certicom , inc . a national provider of
home and commercial security systems , to service their residential
accounts in the atianta area . in addition , sysiync has been named the sole
instailer for new instailations of residentia | aiarms for certicom and
wil | be their provider of other home technology products too .
syslync also announced today that they were selected as the preferred
provider of home technology products and services for atianta - based lou
freeman properties , inc . , a deveioper and builder of custom homes in
the $ 2 oo , ooo to $ 1 , ooo , ooo pius , range .
"" these two agreements will more than double the homes we touch
throughout the atianta area , "" stated david watson , general manager of syslync ,
"" and the agreements wi | | provide sysiync with steady , recurring revenue
streams important to our profitability . ""
lauraan is a home entertainment and technoiogy soiutions provider that
offers buiiders and home 0 wners a singie source for their audio / video ,
home theater , security , computer and home automation needs . through its
company - owned stores , lauraan subsidiaries work directly with builders
and homeowners , to design and instal | home technology solutions that f
i t the homeowner ' s lifestyle and budget .
safe harbor act discl @ imer : this press reiease contains forward - | 00 king
statements within the meaning of section 27 a of the securities act of
1933 , as amended , and section 21 e of the securities exchange act of
1934 , as amended ( the "" exchange act "" ) , and as such , may involve risks and
uncertainties . forward - looking statements , which are based on certain
assumptions and describe future plans , strategies , and expectations , are
generally identifiable by the use of words such as "" believe , "" "" expect , ""
"" intend "" "" anticipate , "" "" estimate , "" "" project , "" or similar expressions .
these forward - looking statements relate to , among other things ,
expectations of the business environment in which the company operates ,
projections of future performance , potentia | future performance , perceived
opportunities in the market , and statements regarding the company ' s
mission and vision . the company ' s actua | results , performance , and
achievements may differ materialiy from the results , performance , and
achievements expressed or impiied in such forward - looking statements due to a
wide range of factors which are set forth in our annual report on form
10 - ksb on fiie with the sec .
read this | ega | notes before you do anything eise :
information within this emai | contains "" forward | ooking statements ""
within the meaning of section 27 a of the securities act of 1933 and
section 21 b of the securities exchange act of 1934 . any statements that
express or invoive discussions with respect to predictions , goals ,
expectations , beiiefs , plans , projections , objectives , assumptions or future
events or performance are not statements of historical fact and may be
"" forward | ooking statements . "" forward | ooking statements are based on
expectations , estimates and projections at the time the statements are made
that involve a number of risks and uncertainties which couid cause
actual results or events to differ materiaily from those presently
anticipated . forward | ooking statements in this action may be identified
through the use of words such as : "" projects "" , "" foresee "" , "" expects "" ,
"" estimates , "" "" beiieves , "" "" understands "" "" will , "" "" part of : "" anticipates , "" or that
by statements indicating certain actions "" may , "" "" couid , "" or "" might ""
occur . a | | information provided within this emai | pertaining to investing ,
stocks , securities must be understood as information provided and not
investment advice . emerging equity alert advises a | | readers and
subscribers to seek advice from a registered professional securities
representative before deciding to trade in stocks featured within this emai | .
none of the material within this report shall be construed as any kind of
investment advice . piease have in mind that the interpretation of the
witer of this newsietter about the news pubiished by the company does
not represent the company officia | statement and in fact may differ from
the real meaning of what the news release meant to say . look the news
release by yourseif and judge by yourself about the details in it .
in compliance with section 17 ( b ) , we disclose the holding of l r c j
shares prior to the publication of this report . be aware of an inherent
conflict of interest resuiting from such holdings due to our intent to
profit from the liquidation of these shares . shares may be soid at any
time , even after positive statements have been made regarding the above
company . since we own shares , there is an inherent confiict of interest
in our statements and opinions . readers of this pubiication are
cautioned not to piace undue reliance on forward - | ooking statements , which are
based on certain assumptions and expectations invoiving various risks
and uncertainties , that could cause resuits to differ materially from
those set forth in the forward - looking statements .
piease be advised that nothing within this emai | shall constitute a
solicitation or an invitation to get position in or sel | any security
mentioned herein . this newsletter is neither a registered investment
advisor nor affiiiated with any broker or dealer . this newsietter was paid
$ 1956 o from third party to send this report . all statements made are our
express opinion oniy and shouid be treated as such . we may own , take
position and seil any securities mentioned at any time . this report
inciudes forward - looking statements within the meaning of the private
securities litigation reform act of 1995 . these statements may inciude terms
as "" expect "" , "" beiieve "" , "" may "" , "" wi | | "" , "" move "" , "" undervalued "" and
"" intend "" or similar terms .
if you wish to stop future maiiings , or if you feel you have been
wrongfu | | y piaced in our | i s t , please go here
( - stockspromoter @ yahoo . com - )",spam,2005-01-22
18805,updates for the 2004 wireless & mobile worldexpo,"2004 wireless mobile worldexpo
july 21 - 22 , 2004 · national trade centre at
exhibition place · toronto , canada
here are the latest updates on the 2004 wireless
mobile worldexpo , the
biggest best global event for mobile wireless technologies and
applications . latest conference speakers
top executives and experts from major wireless and mobile companies are
enthusiastically responding to the opportunity to present at this exclusive
event . the following are industry leaders that have been recently confirmed to
present :
dean douglas , vice president , telecommunications industry , igs global
services , ibm
jason lewis , vice president of product
management , rsa security
dr . michael cowpland , president ceo , zim
corporation
mansell nelson , vice president and general
manager , wireless enterprise solutions , rogers wireless
jon adams , director of radio technology , wireless
and mobile systems group , motorola
joseph chou , director , technical marketing
worldwide new business development , texas instruments
martin rofheart , director of uwb operations ,
semiconductor products sector , motorola ( ceo ,
xtremespectrum )
for the updated conference agenda , click here . ( http : / / www . wmworldexpo . wowgao . com / agenda / )
conference tracks
designed specifically for it professionals desiring insight into the latest
developments in wireless and mobile technologies , the conference tracks
feature :
emerging wireless technologies and applications :
bluetooth , uwb , wlan , wifi , zigbee , rfid , wimedia and more
web services and security for wireless / mobile
wireless / mobile enterprise
management and business issues for wireless / mobile
click here for the complete agenda
latest new partners
the wireless mobile worldexpo is receiving widespread support from
prominent industry and media associations . below are some of the leading
organizations actively promoting the 2004 wireless mobile
worldexpo :
toronto wireless user group ( torwug ) - http : / / www . torwug . org
ittoolbox - http : / / www . ittoolbox . com /
network professional association ( npa ) -
http : / / www . npanet . org
eai industry consortium - http : / / www . eaiindustry . org
starlight capital inc . - http : / / www . starlightcapital . com /
federation of internet solution providers of the americas ( fispa )
- http : / / www . fispa . org /
wireless communications alliance ( wca ) -
http : / / www . wca . org /
ebiz toronto - http : / / www . ebiztoronto . org /
canadian linux users exchange ( clue ) - http : / / www . linux . ca
pacific telecommunications council ( ptc ) - http : / / www . ptc . org
association of independent consultants - http : / / www . aiconsult . ca
society of internet professionals - http : / / www . sipgroup . org
devtown station - http : / / www . devtownstation . com /
integration developer news - http : / / www . idevnews . com /
open enterprise trends - http : / / www . oetrends . com /
fort - ross information technology services - http : / / www . fort - ross . ru
registration
register online ( http : / / www . wmworldexpo . wowgao . com / register / exporegister . php ) for :
complimentary expo passes
conference passes - register early for special
discounts !
for more information
for more information about the 2004 wireless
mobile worldexpo concerning
the conference agenda , speaker bios and abstracts , exhibitors , partners , and
online registration , please visit http : / / www . wmworldexpo . wowgao . com
.
for all inquiries contact 1 - 416 - 292 - 0038 ext . 811 or email worldexpos @ wowgao . com .
note : you received this email because you are subscribed to the wowgao
newsletter . to unsubscribe , please click here or mail
worldexpos @ wowgao . com with subject line : "" please remove me from your
e - newsletter list . "" to unsubscribe via postal mail , please contact us
at : 601 milner
avenue , 3 rd floor , toronto , on , mlb lm 8 , canada
",spam,2004-04-30
17319,start date : 12 / 16 / 01 ; hourahead hour : 19 ;,"start date : 12 / 16 / 01 ; hourahead hour : 19 ; no ancillary schedules awarded . no variances detected .
log messages :
parsing file - - > > o : \ portland \ westdesk \ california scheduling \ iso final schedules \ 2001121619 . txt
# # # cannot locate a preferred or revised _ preferred schedule that matches the final individual interchange schedule . unable to assign deal number .",ham,2001-12-16
16380,que pasa ?,"hey , how ya been ? long time no see .",spam,2005-06-23
10381,you don _ t know how to get into search engine results ?,"submitting your website in search engines may increase
your online sales dramatically .
if you invested time and money into your website , you
simply must submit your website
online otherwise it wiii be invisibie virtuaily , which means efforts spent in vain .
lf you want
peopie to know about your website and boost your revenues , the oniy way to do
that is to
make your site visible in places
where peopie search for information , i . e .
submit your
website in muitipie search enqines .
submit your website oniine
and watch visitors stream to your e - business .
best reqards ,
tiffinyfletcher _ _ _ _ _ _ _ _ _ _ _ _ _ _ _ _ _ _ _ _ _ _ _ _ _ _ _ _ _ _ _ _ _ _ _ _ _ _ _ _ _ _ _ _ _ _ _ _ _ _ _ not interested . . . _ _ _ _ _ _ _ _ _ _ _ _ _ _ _ _ _ _ _ _ _ _ _ _ _ _ _ _ _ _ _ _ _ _ _ _ _ _ _ _ _ _ _ _ _ _ _ _ _ _ _",spam,2005-06-30
28741,united way 2001 - building houston ' s future,"building houston ' s future , enron ' s 2001 united way campaign , officially kicks off today and runs through august 17 . last year your support helped enron raise $ 2 . 8 million , which was 21 percent more than our original goal .
this year , we hope to reach our employee goal of $ 2 . 9 million . enron will match every employee ' s contribution dollar - for - dollar . we ask that employees who gave last year consider increasing their pledge this year , and that those who did not give , consider making a modest donation .
the decision to focus this year ' s campaign on building houston ' s future came directly from our employees , who rallied to help houston recover from the flood damage caused by tropical storm allison . enron employees have expressed a strong desire to continue assisting those in need until our city fully recovers . we will also be focusing on our united way scholars program , an innovative program created this year by enron and the united way . the scholars program builds houston ' s future business leaders by targeting talented students who may be overlooked by other scholarship programs .
on - line pledging
we will once again utilize an on - line pledging system to streamline the pledge process that will require your hrgis id ( shown below ) . click on or go to to make your contribution and learn more about this year ' s campaign . please make your electronic pledge no later than friday , august 17 .
days of caring
we are focusing on flood relief , and on our business units , by replacing the traditional large - scale kick - off event with days of caring , which will take place tuesday through friday of this week . we invite you to join your business unit for a day of caring at your 2001 adopted agency . this year ' s adopted agencies were selected in part due to the amount of flood damage suffered by the agency or its clients . to sign up for day of caring , log on to .
appreciation lunch
rounding out the days of caring is an appreciation event on friday , august 10 in antioch park from 11 : 30 a . m . - 1 : 00 p . m . come celebrate the success of days of caring , enjoy a free chic - fil - a lunch and watch a team of your coworkers compete against the other business units by creating building block structures that exemplify enron attributes : smart , innovative , bold , ambitious , and united . jackie martin , president of the united way of the texas gulf coast , will join us in judging the structures . if you bring down the building blocks that were on your chair this morning and donate them to our 2001 adopted agencies , you will be entered in a drawing for two free round - trip airline tickets anywhere in the u . s .
thank you for your generosity . we look forward to your participation and seeing you throughout the week at days of caring and at the appreciation event on friday !
if you have any questions regarding the online application , please call the hrgim help desk at ext . 3 - 5666 .
your hrgis id : 90125268
your password : date of birth ( format yyyymmdd )
* current users of the hr global launch zone will maintain the same password .
this e - mail is the property of enron corp . and / or its relevant affiliate and may contain confidential and privileged material for the sole use of the intended recipient ( s ) . any review , use , distribution or disclosure by others is strictly prohibited . if you are not the intended recipient ( or authorized to receive for the recipient ) , please contact the sender or reply to enron corp . at enron . messaging . administration @ enron . com and delete all copies of the message . this e - mail ( and any attachments hereto ) are not intended to be an offer ( or an acceptance ) and do not create or evidence a binding and enforceable contract between enron corp . ( or any of its affiliates ) and the intended recipient or any other party , and may not be relied on by anyone as the basis of a contract by estoppel or otherwise . thank you .
",ham,2001-08-05
22351,"dear there , hard made students","rise and shine sir , paliourg
geronimo mr . , you surely should come in theese schoolgirls
",spam,2005-07-30
2231,gulf plains into tennessee for november,"i received a call from the plant , apparently , they shorted us 60 dth on the
3 rd of november . however , someone opened the valve on the 20 th and they
flowed 69 dth into the pipe without a nomination . the plant is asking if we
will phone tennessee and accept allocation of this volume . i realize that it
is really not alot of net difference volumetrically , but , the market has been
volatile and prices have risen significantly since the nov . 3 rd . i also
don ' t know what the market situation is like on tgpl , would we be creating an
imbalance on a contract , is there a market to allocate to , are there any
potential penalties ? i would like to resolve this today , if at all possible .
please advise .
mary",ham,2000-12-15
7577,dram trading authority,"here is the latest trading request :
specifically it requires the following to get it over the line :
vince , your concurrence with a simplistic var calculation the start - up
period
everybody else , your signatures , or agreement to sign via email
in addition , here is the commercial presentation which wil be attached to the
request on its way to eb 5007
many thanks
dp",ham,2000-11-08
14284,proposed employee letter on retention payments,"louise ,
attached is the draft letter that mark palmer discussed with you . your review and comments , particularly related to the second paragraph on the dynegy bonuses , would be appreciated .
thanks ,
john",ham,2001-12-06
10949,workss good,"want to know how to save over overrode 60 % on your piils ?
http : / / ww smoothfaced w . centralreal . com - successfull and proven way livable to sa valuer ve your money .
tuberculin v
a vermouth g
corporal al
l circlet u
jailbird l
r wellboring a ostrogoth cl
descale isva verity l
research m
andmanyother .
b recant est prlces .
high quaiity unspoilt .
worldwide shlppln inferno g .
total confidenti galoot aiity .
250 . 000 + satisfied custome cactus rs .
have a sprocketwheel nice day !",spam,2005-07-20
21836,[ auto - reply ] special report reveals this smallcap,"rocket stocks newsletter
first we would like to say thank you to al | of our avid readers ! we
have
had huge success over the last few months and have become one of the
most
wideiy read investment newsletters in the worid . we have accomplished
this
by providing timeiy , accurate information on s - tocks with the potential
for
great returns .
rocket s - tocks is not your father ' s investment newsietter ! we focus on
s - tocks with the potentia | to go up in value by weil over 5 oo % . that ' s
what
it takes to make it on to our | ist . these are s - tocks for the risk
toierant
investor ! the beauty of this is that it oniy takes one smart
investment to
make serious profits !
new deveiopments expected for intelligent sports , inc . s - tock
from $ o . 01 to over $ o . 08
symbo | : igts . pk
current price : $ 0 . 01
short term target price : $ o . o 8
12 month target price : $ o . 17
intelligentsports . net
we love these small companies . a company | ike this is | ike a siigshot ,
pu | | ed back and ready to go . one fortunate turn of events , one big
contract , and the s - tock of a smal | company such as this can explode !
read on to find out why igts . pk is our top pick this week .
* * * top reasons to consider igts * * *
* unique business model reminisant of goid ' s gym before it exploded
onto the
fitness scene .
* the numbers are staggering and continue to rise daiiy . 15 % of
children / adoiescents are overweight nationwide . source : 2 oo 2 report
by the
centers for disease contro |
* according to the president ' s counci | on physical fitness and sports ,
oniy
17 percent of middle and junior high schools and 2 percent of senior
high
schools require daiiy physical activity for ail students . igts is
| ooking
to fill that gap .
* pubiic educational institutions can no | onger afford to keep up with
the
demand for team sports . the time when school sports programs had
enrollment fees of $ 10 is fading , said former nba star and inteiligent
sports , inc . board member , reggie theus . not every parent is wi | | ing
to pay
$ 3 oo enrollment fees for a sport their child is only casually
interested in ;
some parents can ' t afford to pay that much for a sport their chiid
exceis
at .
* igts has plans to be in suburbs across america , providing fitness and
sports opportunities to america ' s youth .
* igts ' s proven business is ready for expansion .
* news ! news ! news !
here is recent news on the company :
upland , caiif . - - ( business wire ) - - june 17 , 2 oo 5 - - inteliigent sports ,
inc . ,
continues its focus on providing physical and mental guidance to a | |
student - athietes , by unveiiing pians to begin licensing their youth and
fitness center concept , the sports zone , nationaliy | ater this year .
recognizing the link between athietic participation and personal
success ,
publiciy held inte | | igent sports , inc is introducing a new generation
of
youth to athletics through the development of the organized youth
sports
programs and faciiities .
since their fall 2 oo 4 | aunch of the sports zone youth sports and
fitness
center concept in upland , ca , they have seen tremendous growth in their
program options and customer base . the sports zone by intelligent
sports in
upland , caiifornia encompasses a 12 , oo 0 square foot area facility
featuring
two basketbal | courts catering to a wide range of after - school sport
programs , weekend leagues and tournaments for core indoor court sports
including basketball , volleybail , cheerleading , dance , wrestiing ,
martial
arts , dodge bal | and more . the sports zone aiso has the abiiity to host
soccer , footbal | and other fieid - reiated athietic activity within the
compiex arena .
i ' m excited to see the business concept expanding as the sports zone
offers
youth a springboard to grow both athletically and inteliectually ,
stated
inteiligent sports president , thomas hobson . be it speciaiized sports
skiil
training or persona | deveiopment , we have something for everyone . the
business concept wiil soon be avaiiable through licensing , providing
other
markets a centralized | ocation for a wide - range of sports all deveioped
to
fit the diverse needs of each market . the sports zone concept is based
on
offering a wide variety of programs for youth at every ski | | | eve | .
according to the president ' s counci | on physica | fitness and sports ,
only 17
percent of middle and junior high schools and 2 percent of senior high
schoois require daily physica | activity for all students . with a board
comprised of reggie theus , former nba star , tv anaiyst , and current
head
men ' s basketbal | coach at new mexico state university , and keilen
winsiow , a
member of the nfl hail of fame , inteliigent sports , inc is one company
that
is passionate about filiing that gap for the youth in our communities .
this is a rare opportunity to get in early on a company poised to meet
a
nationwide demand . we beiieve this s - tock has huge potentia | for a
rapid
price increase .
we beiieve the speculative near term target price is - $ 0 . o 8
we beiieve the speculative long term target price is - $ 0 . 17
please watch this one trade monday ! !
disclaimer :
information within this emai | contains forward looking statements
within the meaning of section 27 a of the securities act of 1933 and
section 21 b of the securities exchange act of 1934 . any statements that
express or invoive discussions with respect to predictions ,
expectations , beliefs , pians , projections , objectives , goals ,
assumptions or
future
events or performance are not statements of historical fact and may be
forward looking statements . forward | ooking statements are based on
expectations , estimates and projections at the time the statements are
made that involve a number of risks and uncertainties which couid cause
actual results or events to differ materia | | y from those presently
anticipated . forward looking statements in this action may be
identified
through the use of words such as projects , foresee , expects ,
wil | , anticipates , estimates , beiieves , understands or
that by
statements indicating certain actions may , couid , or might occur .
as with many micro - cap s - tocks , today ' s company has additional risk
factors worth noting . those factors include : a limited operating
history ,
the company advancing cash to related parties and a sharehoider on an
unsecured basis : one vendor , a related party through a majority
s - tockhoider , suppiies ninety - seven percent of the company ' s raw
materials :
reliance on two customers for over fifty percent of their business and
numerous reiated party transactions and the need to raise capita | .
these
factors and others are more fuliy spe | | ed out in the company ' s sec
fiiings . we urge you to read the fiiings before you invest . the rocket
stock
report does not represent that the information contained in this
message states ail material facts or does not omit a material fact
necessary
to make the statements therein not misieading . a | | information
provided within this email pertaining to investing , stocks , securities
must
be
understood as information provided and not investment advice . the
rocket stock report advises ail readers and subscribers to seek advice
from
a registered professional securities representative before deciding to
trade in stocks featured within this email . none of the materia | within
this report shal | be construed as any kind of investment advice or
solicitation . many of these companies are on the verge of bankruptcy .
you
can lose all your money by investing in this stock . the publisher of
the rocket stock report is not a registered investment advisor .
subscribers shouid not view information herein as | egal , tax ,
accounting or
investment advice . any reference to past performance ( s ) of companies
are
specialiy seiected to be referenced based on the favorabie performance
of
these companies . you would need perfect timing to achieve the resuits
in the exampies given . there can be no assurance of that happening .
remember , as always , past performance is never indicative of future
resuits and a thorough due diligence effort , including a review of a
company ' s filings , shouid be compieted prior to investing . in
compiiance
with the securities act of 1933 , section 17 ( b ) , the rocket stock report
discloses the receipt of twelve thousand dollars from a third party
( gem , inc . ) , not an officer , director or affiiiate shareholder for
the
circulation of this report . gem , inc . has a position in the stock
they
wiil sel | at any time without notice . be aware of an inherent conflict
of interest resulting from such compensation due to the fact that this
is a paid advertisement and we are conflicted . ail factual information
in this report was gathered from public sources , including but not
| imited to company websites , sec filings and company press reieases .
the
rocket stock report beiieves this information to be reliable but can
make
no guarantee as to its accuracy or completeness . use of the material
within this email constitutes your acceptance of these terms .
if you wish to stop future mailings , piease mai | to newsoffl @ yahoo . com
",spam,2005-04-29
25990,you don _ t know how to get into search engine results ?,"submitting your website in search engines may increase
your online sales dramatically .
lf you invested time and money into your website , you
simpiy must submit your website
oniine otherwise it wiii be invisible virtualiy , which means efforts spent in vain .
lf you want
peopie to know about your website and boost your revenues , the only way to do
that is to
make your site visibie in piaces
where peopie search for information , i . e .
submit your
website in muitiple search engines .
submit your website online
and watch visitors stream to your e - business .
best regards ,
moshedelaney _ _ _ _ _ _ _ _ _ _ _ _ _ _ _ _ _ _ _ _ _ _ _ _ _ _ _ _ _ _ _ _ _ _ _ _ _ _ _ _ _ _ _ _ _ _ _ _ _ _ _ _ _ not interested . . . _ _ _ _ _ _ _ _ _ _ _ _ _ _ _ _ _ _ _ _ _ _ _ _ _ _ _ _ _ _ _ _ _ _ _ _ _ _ _ _ _ _ _ _ _ _ _ _ _ _ _ _ _",spam,2005-06-29
21131,meet women discreetly,"nation ' s largest inventory of cheeeatttiting women . second , this place is excellent for when you either want to meet either girlls that are totally sluttyyyy , want to just get it on , want guys that are other than the guys that they are used too , or for totally horn ee houssewivves that want to get it going with other guys while their hubbyies are out . it ' s for one it ' s for all it ' s foranyone that really wants to get something going for just that sort of thing . ok now check this out . . .
if you think that you would like to stop getting this crap from us then all you need to do to get out from our aoivertisments is here
do this . so don ' t doubt me . or you will get very terrible warts . and have intestinal parasites that cause explosive diahreeeha . and that will be very bad and you will cry and notike the internet because of it . thank you and have a very nice day with yourself . sincerely and catch you later .
",spam,2005-02-01
10608,spice up your cellphone with a wallpaper from dirtyhippo .,"dress up your phone . visit here .
dxndeueqjdzo",spam,2005-07-06
17811,schedule crawler : hourahead failure,"start date : 1 / 21 / 02 ; hourahead hour : 14 ; hourahead schedule download failed . manual intervention required .
log messages :
parsing file - - > > o : \ portland \ westdesk \ california scheduling \ iso final schedules \ 2002012114 . txt
error : dbcaps 97 data : cannot perform this operation on a closed database
! ! ! unknown database .
alias : dbcaps 97 data
! ! ! unknown database .
alias : dbcaps 97 data
! ! ! unknown database .
alias : dbcaps 97 data
error : dbcaps 97 data : cannot perform this operation on a closed database
! ! ! unknown database .
alias : dbcaps 97 data
! ! ! unknown database .
alias : dbcaps 97 data
! ! ! unknown database .
alias : dbcaps 97 data
error : dbcaps 97 data : cannot perform this operation on a closed database
! ! ! unknown database .
alias : dbcaps 97 data
! ! ! unknown database .
alias : dbcaps 97 data
error : dbcaps 97 data : cannot perform this operation on a closed database
error : dbcaps 97 data : cannot perform this operation on a closed database
error : dbcaps 97 data : cannot perform this operation on a closed database
! ! ! unknown database .
alias : dbcaps 97 data
! ! ! unknown database .
alias : dbcaps 97 data
! ! ! unknown database .
alias : dbcaps 97 data
! ! ! unknown database .
alias : dbcaps 97 data
! ! ! unknown database .
alias : dbcaps 97 data
! ! ! unknown database .
alias : dbcaps 97 data
error : dbcaps 97 data : cannot perform this operation on a closed database",ham,2002-01-21
26549,paypal - account access limited,"dear kitchenman 3613 @ users . hypertoad . com ,
we recently reviewed your account , and suspect that your paypal account may
have been accessed by an unauthorized third party . protecting the security
of your account and of the paypal network is our primary concern .
therefore , as a prevention measure , we have temporarely limited access to
sensitive paypal account features .
please click on the link below to confirm your information :
for more information about how to protect your account , please visit
paypal ' s security center , accessible via the "" security center "" link located
at the bottom of each page of the paypal website .
we apologize for any inconvenience this may cause , and appreciate your
assistance in helping us maintain the integrity of the entire paypal
system . thank you for your prompt attention to this matter .
sincerely ,
the paypal fraud management team
please do not reply to this e - mail . mail sent to this address cannot be
answered . for assistance , log in to your paypal account and choose the
"" help "" link in the header of any page .
copyright © 2005 paypal , inc . all rights reserved . designated trademarks and brands are the property of their respective owners .
",spam,2005-07-05
26748,confirmation request 534 - 228,"we tried to contact you last week about refinancing your home at a lower rate .
i would like to inform you know that you have been pre - approved .
here are the results :
* account id : [ 392 - 559 ]
* negotiable amount : $ 199 , 206 to $ 683 , 430
* rate : 3 . 13 % - 5 . 57 %
please fill out this quick form and we will have a broker contact you as soon as possible .
regards ,
inez mcgrath
senior account manager
prime lenders , inc .
database deletion :
http : / / www . mon - nowz . net / r . php
",spam,2005-07-12
22142,cheap oem software shipping worldwide . desecrate fuzziness,"left person , even will . act off own of , very . base human cover .
cold , she , hat , saw row . young poem believe . any , for certain ,
fall . come , last , draw toward , cent people hot . hand several
silent north century . hunt who mouth must , depend my . began few
began big . than sand night earth . keep mountain , which just you
color stead . both past follow . heart last speed . exact color
press coast , glass .
",spam,2005-06-20
7414,re : fw : opportunities,"vince
i went through my secretary ' s things and found the following number :
713 . 853 . 3848
is this the number to use ?
thanks
gerry
- - - - - original message - - - - -
from : vince . j . kaminski @ enron . com [ mailto : vince . j . kaminski @ enron . com ]
sent : thursday , october 26 , 2000 5 : 48 pm
to : gsheble @ iastate . edu
cc : vince . j . kaminski @ enron . com
subject : re : fw : opportunities
gerry ,
the best time is morning , 7 : 30 to 8 : 30 central .
vince
"" sheble , g . b . "" on 10 / 26 / 2000 05 : 43 : 28 pm
to : "" ' vince . j . kaminski @ enron . com ' ""
cc :
subject : fw : opportunities
dear sir :
i have attached my resume for your review . i have meetings from 8 - 9 , and
10 - 2 tomorrow . when would it be best for me to call you ?
cordially ,
gerry
- - - - - original message - - - - -
from : lloyd . will @ enron . com [ mailto : lloyd . will @ enron . com ]
sent : wednesday , october 25 , 2000 12 : 12 pm
to : vince . j . kaminski @ enron . com
cc : gsheble @ iastate . edu
subject : re : opportunities
thanks vince .
i have contacted him and have given him your phone number .
he will attempt to contact you thursady or friday .
good luck .
vince j kaminski
10 / 24 / 2000 03 : 59 pm
to : lloyd will / hou / ect @ ect
cc : vince j kaminski / hou / ect @ ect
subject : re : opportunities ( document link : lloyd will )
lloyd ,
yes , i would be very interested .
vince
lloyd will
10 / 24 / 2000 02 : 45 pm
to : vince j kaminski / hou / ect @ ect
cc :
subject : re : opportunities
vince would you be interested in this professional .
i would be glad to facilitate a conference call .
thanks .
- - - - - - - - - - - - - - - - - - - - - - forwarded by lloyd will / hou / ect on 10 / 24 / 2000 02 : 43
pm - - - - - - - - - - - - - - - - - - - - - - - - - - -
"" sheble , g . b . "" on 10 / 17 / 2000 04 : 52 : 57 pm
to : "" ' lloyd . will @ enron . com ' ""
cc :
subject : re : opportunities
loyd
i tried to call yesterday , but you were out of the office . my schedule
follows , would you want to pick a time for me to call you or send me a list
of times to pick ?
gerry
fall 2000 teaching schedule
ee 553 mtwr 10 - 11 am curtis hall 308
engr 161 mw 2 - 4 howe hall 2228
other commitments
m 11 - 12 ep & es
m 1 - 2 office hours
t 12 - 2 ep & es seminar
t 2 - 3 office hours
t 3 - 4 pserc
t 5 - 6 epri - dod
w 11 - 12 office hours
w 4 - 9 dsm
r 11 - 12 office hours
f 11 - 12 p & t
f 1 - 3 cas
f 3 - 4 departmental meeting
- - - - - original message - - - - -
from : lloyd . will @ enron . com [ mailto : lloyd . will @ enron . com ]
sent : monday , october 16 , 2000 8 : 00 am
to : sheble , g . b .
subject : re : opportunities
give me a call any time to discuss things .
713 - 853 - 3383 .
thanks .
"" sheble , g . b . "" on 10 / 15 / 2000 02 : 17 : 02 pm
to : lloyd will / hou / ect @ ect
cc :
subject : re : opportunities
lloyd
i am attaching another resume for your review , please pass it along if
there
is any interest .
i would also like to discuss opportunities with you as i expect to graduate
with my mba summer 2001 .
cordially ,
gerry
= = = = = = = = = = = = = = = = = = = = = = = = = = = = = = = = = = =
gerald b . shebl ,
professor , electrical and computer engineering
director of complex adaptive systems program
1115 coover hall
ames , iowa 50011
voice : 515 . 294 . 3046
fax : 515 . 294 . 4263
email : gsheble @ iastate . edu
web : http : / / www . ee . iastate . edu / ~ sheble /
= = = = = = = = = = = = = = = = = = = = = = = = = = = = = = = = = = =
( see attached file : short _ resume . doc )",ham,2000-10-26
11052,re : gas daily options revaluation,"this is to inform you that we are rolling out changes to the gas daily option pricing model . currently the system is not properly pricing index puts and calls at locations with gas daily index premiums or discounts ( puts and calls are priced at the same level no matter what the index ) . the change will result in raising call values / lowering put values at locations with index premiums and the opposite at locations with index discounts .
in addition , index plus / minus option deals ( for example index - 1 . 00 puts ) - which are currently incorrectly priced flat to the index option ( the index - 1 . 00 put is priced flat to the index put ) - will be accurately priced to reflect the difference in strikes .
if anyone has any questions please call me at 3 - 6731 .
thank you ,
larry may",ham,2001-02-15
31601,inexpensive prescripiton medicine,"employ filled lorelei seriate bellwether
need a prescribed medication ? we have it !
we have all tablets you could possibly need !
and the prices are unbeatable !
stop receiving promotional material now
cantor bicycle vomit contemplate
",spam,2005-02-02
11863,pbs : frontline ( 06 / 05 / 01 ),"transcripts of lay ' s and skilling ' s interviews are available as well . pbs didn ' t have this scheduled on its program listing for houston last night , but from what i hear , everyone on the interview panel was grilled on the show ( skilling takes on a fairly aggressive stance ) .
hope both of you and scott are all doing well .
affectionate thoughts ,
- rahil
",ham,2001-06-06
12593,re : california update - - 08 . 27 . 01,"i will be setting up a conference call for later today to discuss our latest view on developments in the california market . if anyone has any specific questions before then , please call me at 713 - 853 - 7673 .
jim
- - - - - original message - - - - -
from : dasovich , jeff
sent : monday , august 27 , 2001 8 : 26 pm
to : kean , steven j . ; kingerski , harry ; belden , tim ; sharp , vicki ; blachman , jeremy ; comnes , alan ; tribolet , michael ; walsh , kristin ; delainey , david ; leff , dan ; frazier , lamar ; keeney , kevin ; blachman , jeremy ; gahn , scott ; belden , tim ; swain , steve ; lavorato , john ; kaufman , paul ; steffes , james d . ; calger , christopher f . ; mara , susan ; black , don ; richter , jeff ; kitchen , louise ; dietrich , janet ; mara , susan ; robertson , linda ; kingerski , harry ; denne , karen ; palmer , mark a . ( pr ) ; shapiro , richard ; curry , wanda ; mellencamp , lisa
subject : california update - - 08 . 27 . 01
the california puc
loretta lynch held a press conference in sacramento today to discuss changes to the commission ' s previously released proposal regarding direct access and the rate agreement between the puc and dwr .
in the amended proposal discussed and distributed today , direct access would end retroactive to july 1 . customers with contracts executed as of july 1 would would remain direct access customers .
the legislature
the assembly version of the senate mou ( sb 78 ) has not yet been reviewed and voted on in the committee .
it is scheduled to be reviewed and voted on at 6 : 30 pm pdt today .
amendments on direct access were released this afternoon ( based on negotiations between davis ' office and business customers ) :
customers who have consistently been da since may 2000 , including those "" involuntarily "" returned to bundled service , would be exempt from charges for edison ' s undercollection , dwr ' s forward contracts , and dwr - related exit fees , provided that the puc finds that no additional stranded costs are created for edison ' s remaining customers .
customers who have consistently been on da between may 2000 and jan 17 , 2001 would be exempt from charges for edison ' s undercollection , dwr ' s forward contracts and dwr - realted exit fees , provided that the puc finds that no additional stranded costs are created for edison ' s remaining customers .
customers who have been on da between jan 17 , 2001 and august 24 , 2001 would be exempt from exit fees related to dwr forward contracts , provided that the puc finds that no additional stranded costs are created for edison ' s remaining customers .
customer ' s leaving after august 24 th would not qualify for exemptions .
there is considerable work underway to make the august 24 th date the deadline for contract execution , rather than the date by which the customer must be dasr ' d , in order to qualify for the exemptions .
direct access would not be suspended , however , until 90 days after the bill is signed by davis ( if he signs it ) , i . e . , the "" effective date "" of the bill .
so anyone going to direct access between aug 24 and the effective date would not qualify for any exemptions .
after the 90 - day period , da would be suspended until 1 . 1 . 03 .
self - gen in service consistently from may 200 to august 24 would be exempt from edison ' s undercollection and dwr charges .
self - gen that submitted an application to the energy commission by august 24 would be exempt from dwr charges beginning the date that the self - gen comes on line .
self - gen that comes on line after august 24 would be exempt from dwr charges beginning the date that the self - gen comes on line , but the total number of exempt mws in this category would be limited to 250 mws per year , on a first - come - first - serve basis .
at least 30 % of any increases in net short due to increases in demand would be reserved for self gen .",ham,2001-08-28
33563,we owe you alot of money,"dear homeowner ,
you have been pre - approved for $ 400 , 000 with a low fixed rate .
this offer is being extended to you unconditionally and your credit is in no way a factor .
take advantage of this limited time opportunity . just answer only a few questions at
our site and we can give you an approval in under 30 seconds . . it  s that simple !
regards ,
davis mims
prime lending , llc .
database deletion - http : / / www . refin - xnd . com / r . php",spam,2005-07-17
10023,"perfect logo charset = koi 8 - r "" >","thinking of breathing new life into your business ?
start from revamping its front - end - logo and visuai identity .
loqodentity offers creative custom design of logos ,
stationery and web - sites . under our careful hand these powerfui marketinq toois
wiii bring a breath of fresh air into your business
and make you stand out among the competitors .
you are just a ciick
away from your future success . click here to see the sampies of our artwork ,
check our prices and hot offers",spam,2005-06-22
16887,re : annuity deal changed # 664324,"bill ,
i have put the $ 1 , 449 . 00 annuity in as deal # 692792 . 1 .
if you have any questions , please come see me .
when you have a second , i would like to ask you a question or two .
virginia
- - - - - original message - - - - -
from : williams iii , bill
sent : thursday , july 19 , 2001 6 : 37 am
to : thompson , virginia
cc : driscoll , michael m . ; swerzbin , mike ; symes , kate
subject : re : annuity deal changed # 664324
virginia ,
i spoke with mike swerzbin and mike driscoll this morning regarding an annuity from st - whourly to lt - nw to compensate lt - nw for energy at montana that was not sold on june 4 th . st - whourly will pay lt - nw our average hourly price per mw for that energy . that price is $ 23 per mw . please revise the annuity as appropriate .
if you have any questions , please come see myself or mike .
thank you ,
bill",ham,2001-07-19
28112,tw weekly 10 - 26 - 00,"please see attached file and call me if you have any questions at
( 281 ) 647 - 0769 .",ham,2000-10-26
15102,need a laptop ? get a dell notebook free !,"consumer research corporation 3830 forest dr . , ste . 207 columbia , sc 29204
",spam,2004-08-25
10124,premium online medication here,"kodachrome buddhism emilio
get all your prescriptions in one location !
a whole range of tablets ! take a look !
and the costs are very low !
stop receiving promotional material now
arrogate disposal caucasian consult
",spam,2005-06-24
17990,start date : 2 / 2 / 02 ; hourahead hour : 5 ;,"start date : 2 / 2 / 02 ; hourahead hour : 5 ; no ancillary schedules awarded . no variances detected .
log messages :
parsing file - - > > o : \ portland \ westdesk \ california scheduling \ iso final schedules \ 2002020205 . txt",ham,2002-02-02
30176,you won our xmas bonanza lottery,"eagel lotto bld
the lottery company
harrogate
hgl 2 yr
england
tel / fax + 44870 - 132 - 1307
email : eagelvictorylottol @ mail 2 europe . com
www . htt / eagelvictorylotto . com
eagellotto / email account no . 801165204568 - 097
from : the desk of the vice president
eagel lotto international / prize award dept .
ref . number : egs / 2551256012 / 04
batch number : 14 / 0017 / 1 pd
attention . sir / ma
a copy of your record is in our data base and your cheque is ready for collection
we are pleased to inform you of the result of the lottery winners international programs held on the 3 rd
september , 2004 your email address , attached to ticket number 356 - 00098 - 3211 - 222 , with serial number 818 - 09
drew the lucky numbers 14 - 41 - 25 - 19 - 49 - 37 , and consequently won the lottery .
due to the mix up of some email address and some names we ask that you re - confirm your email address
to confirm with your name as we have it in our data base .
this is part of our security protocol to avoid double claiming or unscrupulous acts by participants and
some individuals
to begin your claim , please contact the office of the promotions manager eagel lotto on
email : eagelvictorylottol @ mail 2 europe . com
in order to avoid unnecessary delays and complications , please remember to quote your reference and batch
numbers in every of your correspondences with us .
furthermore , should there be any change of your address , do inform us soon as possible .
note : your prize will be cancelled after two weeks of this notification . after this date , all funds will be
returned as unclaimed .
congratulations once again , from all our staff and thank you for being part of our promotions program .
sincerely ,
sandy berg
promotions manager
eagelvictorylottol @ mail 2 europe . com",spam,2004-10-28
20640,"75 % off sears , walmart , sephora , disney and more","shop
to win . saving money is good !
target
sears
wal - mart
macy ' s
health & beauty
avon
sephora
zirh
mothernature
sports
holiday gift ideas
sport chalet
sportmart
reebok store
bally store
holiday
gifts for your pets
petco
petsmart
petcare rx
allpets . com
the
incredibles are here
disneydirect . com has "" the incredibles "" merchandise now available : toys , jackets , bedding and more
just in time for the holidays !
also shop disney ' s holiday gift shop ! over 250 new gift ideas !
holiday
shopping made easy
avon -
barnes & noble
-
diamond . com
- eddie bauer - hallmark . com - lane bryant - overstock . com -
payless shoesource - the sharper image - cruisedirect . com -
expedia . com
- travelworm . com
click
here for huge holiday deals savings !
dvds
videos , electronics and more . shop for free shipping !
this
is not a spam . you are receiving this email because you have requested
to receive emails from us . you have either signed up for one of
our newsletters or have requested to receive emails from one of
our partners .
snp inc 251 jeanell drive , suite 3 carson city , nv 89703
",spam,2004-12-08
24475,"20 th july , 2002","to : the president
from : ab sanni
assalam aleikum ,
i wish to seek your assistance in a matter that needs trust secrecy and
confidentiality .
i am a . b . sanni , a close confidant to mohammed abacha , son of late
general sani abacha , former head of state federal republic of nigeria , who
ruled from november 17 th 1993 to june 8 th 1998 when he died suddenly in
office .
since then , the family as a whole has been facing all sorts of
harassments , by security operatives / agents of the new head of state
( general obasanjo ) who served a jail term under my friend ' s father for
coup offence . even my friend ' s old mother has been detained and tortured
many times . mohammed is now being charged for military decision of his
father ' s regime e . g . the murder cases of political opponents . these
offences he knows nothing about , as he was only the head of state ' s son ,
not even a military man nor was he in the government .
his father ruled for five years during which period he acquired financial
gains and property all over the world from his share of crude oil sales as
the head of state . now , the family has lost all assets ( property and money
in nigeria ) to the new government . ref . news watch magazine publication of
11 th to 18 th october , 1999 . however , they have hidden records in a secret
name with the nigerian insurance deposit corporation to access a coded
trust accounts in europe valued at three hundred and thirty eight million
united states dollars only ( $ 338 , 000 , 000 ) . mohammed is currently being
detained and tortured to sign off accounts of his late father and he has
done that but not the coded trust accounts in the name of certain
government multinational contractors that i can not disclose now .
the aim of this letter is to request your assistance to secure this
account in a safe / confidential bank and help invest the money for our
mutual benefit . we also expect to use some of our share of the money to
relocate ourselves to another safe country because right now nigeria is
not safe and we will like to go into hiding overseas if we can escape .
if you are interested in helping secure the accounts please contact me
immediately by email "" a _ sanni @ email . com "" , so that we can arrange an
initial meeting in a neighboring country , thus you can present your
investment program and projects for our assessment . thereafter we will
sign an mou ( memorandum of understanding ) binding this business
relationship and immediately entrust you to access the coded trust
accounts in europe valued at three hundred and thirty eight million united
states dollars only ( $ 338 , 000 , 000 ) .
we will depend on your business experience to make sure that we get
maximum returns on our investment with you .
please note that in the process of securing the coded trust account you
are likely to incure expenses but it will be paid back once we secure the
deposit . it is 100 % safe for you and you have nothing to worry about .
just forward via email your full name , phone number , fax number and bank
details as the new beneficiary to enable us make formal application for
the transfer of ownership to you .
we look forward to your helping us , but if you are not interested kindly
discard this letter and still maintain its confidentiality .
ma - salam .
for mohammed abacha",spam,2002-07-21
28636,fw : tw capacity release transactions in excess of max tariff rates,"fyi , kim .
- - - - - original message - - - - -
from : corman , shelley
sent : tuesday , june 05 , 2001 3 : 52 pm
to : miller , mary kay ; fossum , drew ; watson , kimberly ; hartsoe , joe
subject : fw : tw capacity release transactions in excess of max tariff rates
per our discussion at the regulatory roundtable yesterday . please note that this schedule includes information that is not included in the transactional reports and therefore should not be shared outside of ets .
- - - - - original message - - - - -
from : brown , elizabeth
sent : monday , june 04 , 2001 12 : 11 pm
to : corman , shelley
cc : dietz , rick
subject : tw capacity release transactions in excess of max tariff rates
per your request , please review the attached spreadsheet and let me know if you would like me to make any modifications prior to your regulatory roundtable meeting .
thanks ,
elizabeth
x 3 - 6928",ham,2001-06-06
12152,ees wholesale assimiliation - operations,"while bob hall has assumed the role of managing operations for enron americas on a daily basis , the responsibility still rests with me for the ees wholesale assimilation for gas and power . beth apollo is working closely with me in a project manager role to insure that the varied projects necessary to strengthen the operations for the ees business are well coordinated . we are working closely with don black , rogers herndon and jeff richter , as well as coordinating with anthony dayo and wes colwell .
we are initially focusing on six key projects . there are numerous working sessions occuring each week as the project teams are beginning their work . at the request of rick causey and rick buy , we are meeting with them once a week to give an update on progress .
would you like for me to give you a brief overview of the initial six key projects with a review of the timelines for each ? just let me know and i will be glad to do that anytime .
- - sally x 35926",ham,2001-07-11
7558,year end 2000 performance feedback,"note : you will receive this message each time you are selected as a reviewer .
you have been selected to participate in the year end 2000 performance
management process by providing meaningful feedback on specific employee ( s ) .
your feedback plays an important role in the process , and your participation
is critical to the success of enron ' s performance management goals .
to complete requests for feedback , access pep at http : / / pep . corp . enron . com
and select perform review under performance review services . you may begin
providing feedback immediately and are requested to have all feedback forms
completed by friday , november 17 , 2000 .
if you have any questions regarding pep or your responsibility in the
process , please contact the pep help desk at :
houston : 1 . 713 . 853 . 4777 , option 4
london : 44 . 207 . 783 . 4040 , option 4
email : perfmgmt @ enron . com
thank you for your participation in this important process .
the following is a cumulative list of employee feedback requests with a
status of "" open . "" once you have submitted or declined an employee ' s request
for feedback , their name will no longer appear on this list .
review group : enron
feedback due date : nov 17 , 2000
employee name supervisor name date selected
- - - - - - - - - - - - - - - - - - - - - - - - - - - - - - - - - - - - - - - - -
andrews , naveen c rudi c zipter oct 31 , 2000
baxter , ashley david davies nov 02 , 2000
campos , hector o peyton s gibner nov 06 , 2000
carson , richard l richard b buy oct 30 , 2000
crenshaw , shirley j wincenty j kaminski oct 26 , 2000
gandy , kristin h celeste c roberts nov 01 , 2000
gorny , vladimir theodore r murphy ii nov 02 , 2000
kindall , kevin vasant shanbhogue oct 30 , 2000
lamas vieira pinto , rodrigo david port oct 31 , 2000
raymond , maureen j wincenty j kaminski nov 02 , 2000
supatgiat , chonawee peyton s gibner oct 27 , 2000
tamarchenko , tanya v vasant shanbhogue oct 26 , 2000
villarreal , norma e sheila h walton oct 26 , 2000
walton , sheila h david oxley oct 27 , 2000
yaman , sevil vasant shanbhogue oct 27 , 2000
yuan , ding richard l carson oct 31 , 2000",ham,2000-11-07
7785,re : greetings,"van ,
it ' s nice to hear from you . i am sure that you can always come back
to enron if you don ' t like living in new york .
i used to work for salomon and chances are you will be working in the same
building in lower manhattan where i spent 7 years of my life .
i hope you have a great holiday season .
vicne
van ngo on 11 / 29 / 2000 10 : 52 : 35 pm
to : vince . j . kaminski @ enron . com
cc :
subject : greetings
dear vince :
i just wanted to get in touch with you , as my last fall semester here
draws to a close and this is something of a transition point for me . to
update you on my job search , i have been extended an offer for a position
within enron ' s analyst program . the offer was very attractive and i had
numerous things to consider in reaching my decision . unfortunately , i
will be declining enron ' s offer of employment to take a position in the
investment banking division of salomon smith barney in new york . my
preference at this point is to live outside of houston , and although my
hope is also to return to houston in future , new york offers some
exciting options for me now . i will be starting there in july of this
summer . i hope that i will have future opportunities to be an advocate
of enron and look forward to keeping in touch with you and the research
group .
please give my regards to everyone at the office and wishes for a very
happy holiday season ! also please feel free to contact me at any time .
i can give you my future contact information when i have it .
thank you and i hope i ' ll see you again .
sincerely ,
van
p . s . feel free to forward my news onto mike roberts if that would
appropriate . i didn ' t have his email with me .",ham,2000-11-30
28385,enron bids farewell to hpl,"enron has sold houston pipeline company . read about it in ebiz .
also in this issue :
find out who else from enron is part of the bush transition team
read how jeff would solve the problems in california
enron helps draft a new master bandwidth trading agreement
awards , awards . . . and more awards
it ' s all in the latest ebiz . go to home . enron . com , click publications , then
click ebiz , and "" ebiz january 19 , 2001 . """,ham,2001-01-21
8188,sr . director position,"vince : as you requested , i have obtained some information from norma
relating to the salary parameters of the sr . director position . the minimum
salary is $ 83 , 800 , and the maximum is $ 168 , 000 ( huge range , isn ' t it ? ) .
however , norma did ask me to bring a couple of things to your attention : the
lowest salary of a vp in your group is currently $ 140 , 000 , and the average
director ' s salary in your group is $ 120 , 000 . those numbers narrow the
range considerably . of course , there is no equity issue since there is no
other senior director in your group .
hope this information helps ,
molly",ham,2001-01-11
15885,online ppharmacy you need,"hello , welcome to the best
online store
vi
ra
al
xa
x
cod
ag
( 109 $ / 30 p ) ci
is ( 324 $ /
90 p )
na
( 299 $ / 90 p ) vi
in ( 178 $ /
90 p )
with each purchase you get :
top quality medicationn . low
prices . reputable manufacturers . secure pay
system . discreet packaging . home delivery . total
confidentiality . 24 toll - free customer service hotline .
have a nice day .",spam,2005-02-14
23726,re : cocoa trading,"i am going to watch this closely - you may get some feedback ! !
- - - - - - - - - - - - - - - - - - - - - - forwarded by mike jordan / lon / ect on 18 / 01 / 2001 13 : 57
- - - - - - - - - - - - - - - - - - - - - - - - - - -
andrew cornfield
17 / 01 / 2001 21 : 12
to : gary hickerson / hou / ect @ ect
cc : paul sentance / lon / ect @ ect , michael pitt / eu / enron @ enron , sheila
glover / hou / ect @ ect , michael j hutchinson / eu / enron @ enron ( bcc : mike
jordan / lon / ect )
subject : re : cocoa trading
gary
this follows on from discussions with rac regarding what the softs broker
traders are authorised for i . e . broking . if we are going to have them trading
positions then this needs to be transparent .
i ' m in germany tommorrow but can be reached on my mobile + 44 7973 740 478 if
you wish to discuss .
regards
andy
ed dablin @ enron
17 / 01 / 2001 17 : 14
to : gary hickerson / hou / ect @ ect , michael j hutchinson / eu / enron @ enron
cc : andrew cornfield / lon / ect @ ect , michael pitt / eu / enron @ enron
subject : cocoa trading
i have given nigel majurey and james willis discretion to trade 3 , 000 mt of
our 6 , 000 mt outright position limit . andy tells me i should have asked your
authority to delegate . can you confirm your approval or disapproval please",ham,2001-01-18
33324,notification from sky bank # 6521 - 320719 - 9595 - 6540595,"sky online banking users ,
we have noticed a numerous
number of failed login
attempt in youe sky online
banking account . in this
situation , we had to disable
you account access . that
means we have blocked all
kind of my access in your
online account .
to unblock you account ,
please
click here or follow the
link and complete the
verification process and
identify yourself as the
real owner of account .
we recommend you to complete
the verification process
within 24 hour to avoid
permanent account closing .
this is all about you
account security .
we are extremely sorry for
any inconvenience .
sincerely
sky security team
2005 sky financial
group , inc .
",spam,2005-06-29
19860,unfaithful wives,"cheating -
start an affair with a local woman
house
- thousands of horny wives looking for an adventure
wife
- only 1 $ membership , to verify your legal age
services
-
home page
remove
",spam,2004-09-20
6830,allocations,"it is now official ! ! ! effective august 1 , 2000 , research is part of ena .
can you review the attached file and let me know if we need to update the
allocation ? also , can you tell me which commercial teams in ena does
research support ? if you have any questions , please call me at 5 - 7094 .
thanx .
- - - - - - - - - - - - - - - - - - - - - - forwarded by becky pham / hou / ect on 08 / 17 / 2000 03 : 18 pm
- - - - - - - - - - - - - - - - - - - - - - - - - - -
vince j kaminski
04 / 26 / 2000 01 : 12 pm
to : becky pham / hou / ect @ ect
cc : vince j kaminski / hou / ect @ ect
subject : allocations
becky ,
please , take a look at the allocations sheet .
vince",ham,2000-08-17
26488,save your money buy getting this thing here,"you have not tried cialls yet ?
than you cannot even imagine what it is like to be a real man in bed !
the thing is that a great errrectlon is provided for you exactiy when you want .
cialls has a iot of advantaqes over viaqra
- the effect iasts 36 hours !
- you are ready to start within just 10 minutes !
- you can mix it with alcohol ! we ship to any country !
get it riqht now ! .
",spam,2005-07-04
6690,re : monday aug . 7,"stinson ,
no problem .
vince
stinson gibner
08 / 02 / 2000 12 : 51 pm
to : vince j kaminski / hou / ect @ ect
cc : shirley crenshaw / hou / ect @ ect
subject : monday aug . 7
vince ,
may i take a vacation day next monday , aug . 7 th ?
thanks ,
stinson",ham,2000-08-02
20030,you will love this adam,"why pay more when you can enjoy the best and cheapest pills online ?
nearly 80 types to choose which makes ours pharmacy the largest and the best available .
no appointments .
no waiting rooms .
no prior prescription required .
see why our customers re - order more than any competitor !
this is 1 - time mai | ing . no removal are re - qui - red
",spam,2004-10-09
25906,get your babies diapers bill paid for a year .,"your family could definately use this , now go .
mjirartt",spam,2005-06-28
10256,improve your size and your power,"i ' ve been using your product for 4 months now . i ' ve increased my
length from 2
to nearly 6 . your product has saved my sex life . - matt , fl
my girlfriend loves the results , but she doesn ' t know what i do . she
thinks
it ' s natural - thomas , ca
pleasure your partner every time with a bigger , longer , stronger unit
realistic gains quickly
to be a stud press
here
at this rate i ' ll get home some time next year , he grumbled
oranjestad , aruba ,
po b 1200
oh ; i believe i ' ve heard of you , said the cab - horse ; but you are unlike
anything that i expected to seei do not doubt it , the sawhorse observed ,
with a tone of pride however , i suppose i ought to be glad the machine works
at all
and he really was glad
",spam,2005-06-28
11958,california update 6 / 21 / 01,"executive summary
? dwr contracts being negotiated
? california legislature comment on plan b
long term contracts
sources report that the state ' s lawyers are currently examining how to break the recently negotiated long term power contracts . assemblyman fred keeley has directed his staff to go through and look for any loopholes and sources also believe that the state is looking for ways to "" hold the generators to the contracts they want to keep , but break those contracts that they want to break . ""
sources gathered the following information on plan b through private interviews with california legislatures sen . john burton and assembly speaker robert hertzberg .
speaker robert hertzberg :
? speaker hertzberg has spent most of his time lately on the budget , but continues to make efforts related to the plan b . hertzberg is very aware how unlikely it is that he will succeed in putting any plan through the legislature , particularly the senate . ( he believes it will be possible to put a plan b through the assembly ) .
? hertzberg is personally committed to at least attempting to put a plan b through the legislature . this is because he is close to business and wants to see socal saved . he "" wants a win under his belt before he leaves the senate next year "" so that he can take that win into whatever he does next . davis has laid the burden of bailing out socal on hertzberg . hertzberg is determined to put a piece of legislation on the floor . however , he does not , at this time , know when this will happen , nor does he know what the share of the dedicated rate component will be for businesses and ratepayers , which remains a key sticking point .
? when asked about plan b ' s chances of passing the senate , hertzberg responded that , "" miracles can happen . ""
? hertzberg defended his idea of setting aside a trust as part of plan b for the generators to litigate over . he stated that his bankruptcy attorney believes that it will work , despite what goode ( the governor ' s attorney ) has said .
sen . john burton :
? burton is aware that hertzberg is trying to put together plan b legislation and when asked about hertzberg ' s efforts , burton stated that in the senate "" plan b has no republican votes , and there are , at a minimum , 6 democrats that will vote against it . "" burton said that for a plan b bailout to pass the senate , it would have to have three elements :
? businesses would pay the entire dedicated rate component .
? the edison parent company would have to give the state $ 1 b .
? all creditors would have to take a 30 % haircut .
? burton wants senator bowen to hold hearings on the plan b that will run for at least 3 days , then have a "" long caucus . "" at that point the senate will either "" hold an up - or - down vote on whatever comes from the assembly or add amendments [ stating the three provisions above ] . "" burton wants "" all senators to know exactly what they ' re voting for or against . ""
? burton stated that he would "" bet against "" a plan b passing . "" this is not gonna happen , "" he stated . burton believes that a bailout deal would be bad for the democratic party .",ham,2001-06-21
33666,our psychics have a message for you bait - excelled @ em . ca,"having problems seeing the graphics ? please go here .
this offer was sent to you on behalf of : http : / / www . psychicrealm . com / 0819 - 12260 zona
6 a , panamarepublic of panama
if you would prefer not to receive emails from this advertiser in the future , please visit here .
this message is a solicitation .
if you wish to opt - out from
further e - mails , please
go here .
you can also write to us at :
kudossweeps . com
opt - out department
6311 van nuys blvd # 403
van nuys , ca 91401
",spam,2005-07-27
27752,enron in action 06 . 26 . 00,"ivolunteeri
st . joseph hospital is looking for volunteers during the neonatal intensive
care unit reunion . the reunion will give the staff , former patients and
their families a chance to visit and allows the staff to view first - hand the
success stories of their patients . volunteers are asked to assist with
registration , set - up and decorations , games , snacks , photos , distribution of
baseball caps and clean - up . your act of kindness will free - up the nursing
staff so they can interact with the families . to be a part of this special
day , please contact sue at 713 - 756 - 4009 .
ihappeningsi
schedule your appointment now ! enron blood drive on july 20 from 7 a . m . - 4
p . m . in eb - 5 c 2 . call 713 - 853 - 6100 to schedule an appointment .
join one of houston ' s leading dragonfly experts , bob honig of entrix , inc .
( an environmental consulting firm ) , as he is teaches us about these amazing
insects . he will be the guest speaker at the wild @ work brown bag lunch on
june 30 , 2000 ( friday ) in eb 5 c 2 from 11 : 30 to 12 : 30 . please rsvp to teresa
nava at 713 - 646 - 7668 .
register now for early bird power shopping , a new event at the 20 th annual
nutcracker market on saturday , november 11 , 2000 at the astrohall . the
nutcracker market , november 9 - 12 is the houston ' s ballet ' s largest
fundraiser , and hosts more than 285 merchants from around the country ,
offering endless choices for the shopper . visit the community relations web
site at http : / / home . enron . com / cr / and check out the benefits of being an
early bird shopper .
iworkperksi
too much to do ? not enough hours to do it ? ceridian lifeworks * time squeeze
audiotape / cd gives you up - to - date ideas and valuable advice on time
management from expert mary loverde . call 800 . 635 . 0606 to talk with a
ceridian lifeworks * consultant or visit the web site at
isave the datei
july 13 - foundation for financial literacy workshop . topic : use it but don ' t
abuse it : credit . for a complete listing of workshops , visit
http : / / home . enron . com / efcu /",ham,2000-06-23
26538,for all your pharmacy needs .,"cialis offers efficacy and spontaneity in your love life .
everyone dies . not everyone really lives .
law is order , and good law is good order .
our situation has the disaffected beauty of a chess game .",spam,2005-07-05
3242,re : accomplishments for the first six months,"yes , it is a great accomplishment . please don ' t go any time soon .
talk to you later .
bob
- - - - - original message - - - - -
from : farmer , daren j .
sent : thursday , may 17 , 2001 11 : 20 am
to : hall , bob m
subject : re : accomplishments for the first six months
is "" not going to aep "" considered an accomplishment ? by the way , most of the people who could give performance feedback on me are leaving or have left the company . i ' m sure they thought that i was superior though .
d
- - - - - original message - - - - -
from : hall , bob m
sent : thursday , may 17 , 2001 11 : 07 am
to : superty , robert ; farmer , daren j . ; wynne , rita ; mcclure , mark ; bussell l , kathryn
subject : accomplishments for the first six months
it ' s that time again .
please put together a list of accomplishments for the first six months .
i know you can use the system some how , just not sure how .
let me know .
thanks
bob",ham,2001-05-17
17917,start date : 1 / 28 / 02 ; hourahead hour : 14 ;,"start date : 1 / 28 / 02 ; hourahead hour : 14 ; no ancillary schedules awarded . no variances detected .
log messages :
parsing file - - > > o : \ portland \ westdesk \ california scheduling \ iso final schedules \ 2002012814 . txt",ham,2002-01-28
2949,ehronline web address change,"this message is intended for ehronline users only .
due to a recent change to ehronline , the url ( aka "" web address "" ) for accessing ehronline needs to be changed on your computer . the change involves adding the letter "" s "" to the "" http "" reference in the url . the url for accessing ehronline should be : https : / / ehronline . enron . com .
this change should be made by those who have added the url as a favorite on the browser .",ham,2001-03-30
196,josey ranch est . - - feb . 2000,"fyi
- - - - - - - - - - - - - - - - - - - - - - forwarded by susan d trevino / hou / ect on 01 / 27 / 2000
05 : 09 pm - - - - - - - - - - - - - - - - - - - - - - - - - - -
bob withers on 01 / 27 / 2000 05 : 05 : 00 pm
to : susan d trevino / hou / ect @ ect
cc : stretch brennan , knox westmoreland
, kevin mclarney , "" taylor , vance
( e - mail ) ""
subject : josey ranch est . - - feb . 2000
this is the estimated josey ranch nomination for the month of
february 2000 . the hpl nomination volume to be effective 2 / 1 / 2000 is :
13 , 000 mmbtu / day for kcs resources
13 , 000 mmbtu / day total ( assumed btu factor of 1 . 081
@ 14 . 65 dry )
if you need additional information , kcs ' field contact is stretch brennan in
victoria : 512 / 576 - 1005 .
bob withers > <
kcs energy , 5555 san felipe , suite 1200
houston , tx 77056
voice mail / page 713 - 964 - 9434",ham,2000-01-27
10021,save your money buy getting this thing here,"you have not tried cialls yet ?
than you cannot even imagine what it is like to be a real man in bed !
the thing is that a great errrectlon is provided for you exactly when you want .
ciails has a iot of advantaqes over viaqra
- the effect lasts 36 hours !
- you are ready to start within just 10 minutes !
- you can mix it with aicohol ! we ship to any country !
get it riqht now ! .
",spam,2005-06-22
21674,hey,"hello , my name me ' julie . i am from houston texas , born and raised right here . i go to school near by and i am a big fan of football . i am actually a cheerleader in school for our school team red bears , you might of heard of them . well anyway ' s , i was hoping to get off on my webcam and wanted to see if you would like to join me . i love what i do , and i will never change , i haven ' t told my parents yet and hopefully they will not find out any time soon ! . . the thing is , my privet cam isn [ t so privet , because its free ; d , just hope my dad doesn ' t see this hehe .
http : / / neap . buttermagma . info / ju 2 /
",spam,2005-04-08
8340,re : enron alp,"vince ,
many thanks for the invitation . ? i ' m leaving for a conference in new orleans
today and won ' t be in town . ? however , i ' d love to join you if dinner should
happen again in the future .
thanks again for all your support and interest in the alp program . ? i feel
confident that this will be a great project .
carrie
at 10 : 03 am 1 / 24 / 01 - 0600 , you wrote :
carrie ,
we have invited the team to dinner thursday , 7 : 00 p . m .
would you loike to join us ?
vince
- - - - - - - - - - - - - - - - - - - - - - forwarded by vince j kaminski / hou / ect on 01 / 24 / 2001
10 : 04 am - - - - - - - - - - - - - - - - - - - - - - - - - - -
pamela vande krol castro on 01 / 22 / 2001 06 : 18 : 16 pm
to : ? ? kenneth . parkhill @ enron . com , vkamins @ enron . com
cc :
subject : ? enron alp
dear alp company representatives :
thank you again for your participation in the alp company day at rice
university . we are pleased to inform you that your project proposal has
been chosen for the 2001 alp program . the following students will be
working on your project :
? ? calabrese , luigi ? ? ? ? ? ? ? luigical @ rice . edu
? ? ghose , ivy ? ? ? ? ? ? ? ? ? ? ? ? ? ghosei @ rice . edu
? ? ghosh , ronnie ? ? ghoshr @ rice . edu
? ? iqbal , syed ? ? ? ? ? ? ? ? ? ? ? ? iqbal @ rice . edu
? ? sud , pravas ? ? ? ? ? ? ? ? ? ? ? ? pravas @ rice . edu
? ? womack , charles cwomack @ rice . edu
the faculty liaisons for your project are :
? ? barrett , deborah ? ? ? ? ? ? ? ? ? ? ? ? ? ? ? barrett @ rice . edu
? ? uecker , will ? ? ? ? ? ? ? ? ? ? ? ? ? ? ? ? ? ? ? uecker @ rice . edu
? ? loughridge , dennis ? ? ? ? ? loughrid @ rice . edu
a representative from the student team will contact you soon to set up
meeting time . if you need to contact your team , i have included the
students ' email addresses . they check their email on a regular basis , so
this is a good way to communicate with them .
please let me know if you have any questions regarding this information .
again , thank you for your interest in the jones school . best wishes for
great project !
carrie chamberlin miller
director of mba program
rice university
6100 main street , ms 531
houston , texas 77005 - 1892
phone : ( 713 ) 348 - 5260
fax : ( 713 ) 348 - 5251
e - mail : cmiller @ rice . edu
http : / / www . ruf . rice . edu / ~ jgs /
pamela castro
mba program associate
rice university
phone : 713 - 348 - 6223
fax : 713 - 348 - 5251
e - mail : castro @ rice . edu
= = = = = = = = = = = = = = = = = = = = = = = = = = = = = = = = = = = = = =
carrie chamberlin miller
director of mba program
jesse h . jones graduate school of management
rice university
6100 main street , ms 531
houston , texas 77005 - 1892
phone : ? ( 713 ) 348 - 5260
fax : ? ( 713 ) 348 - 5251
e - mail : ? cmiller @ rice . edu
http : / / www . ruf . rice . edu / ~ jgs /",ham,2001-01-24
24237,minimize your phone expenses,"unlimited web conferencing
subscribe to the web conference center for only $ 40 . 00 per month !
( connects up to 15 participants at a time plus audio charges )
manage your meetings virtually on line
application sharing
multi - platform compatible ( no software needed )
call anytime , from anywhere , to anywhere
unlimited usage for up to 15 participants ( larger groups availabale )
lowest rate $ . 18 cents per minunte for audio ( toll charges included )
quality , easy to use service
numerous interactive features
free demo
eliminate or reduce travel expense
try this on for savings . . .
and turn those unnecessary trips into problem solving and fact finding conferences ,
saving time and wear and tear on your overworked business staff .
to find out more about this revolutionary concept ,
fill out the form below .
required input field *
name *
web
address
company
name *
state *
business
phone *
home
phone
email
address *
all information given herein is strictly confidential and will not be re - distributed
for any reason other than for the specific use intended .
to be removed from our distribution lists , please
click
here . .",spam,2002-05-23
4347,,"this week only : f . ree gen . erlc vlag . ra
cover the shipping , and we ' ll send youour product at no cost to prove its
effectiveness .
won ' t last . . . hurry
stop promos .
",spam,2004-10-06
25726,how to soak her in cum,""" my girlfriend and me have been really enjoying making
our own homemade erotic films . we get off on pretending
to be like porn stars even though it will only ever be
the two of us that see them . the one thing that was really
missing from our movies was the money shot and to be frank
i was lucky if my money shot was worth a dollar . i
ordered spur - m and now all of our home movies end in a
gigantic cum shot that would make even veteran porn
stars jealous . thanks spur - m for helping to spice up
our sex life ! ""
anthony , ky
"" spur - m really works . it has improved my sperm motility
and morphology to the point that my girlfriend is now pregnant .
this fertility blend really does help to improve male
fertility and sperm quality ! ""
adam j . , san francisco , usa
http : / / joaquin . confuting . com / spur / ? sheep",spam,2005-06-27
22624,ena / eops recruiting business plan,"attached is a draft of a recruiting business plan submitted to kathleen for
ena / eops . this information will be integrated into the global business plan
for eops . let me know if you have questions . thanks .
ar / 33202
- - - - - - - - - - - - - - - - - - - - - - forwarded by alexus rhone / corp / enron on 02 / 17 / 2000
10 : 04 am - - - - - - - - - - - - - - - - - - - - - - - - - - -
alexus rhone
01 / 28 / 2000 04 : 27 pm
to : fenninger @ pdq . net
cc : alexus rhone / corp / enron @ enron
subject : ena / eops recruiting business plan
kathleen , attached is the business plan for ena / eops . i ' m scheduled to
attend several staff meetings next week . kim , norma and i are still trying
to schedule a meeting to discuss how we will address the overall hr needs of
eops . let me know if you have any questions . thanks .
ar / 33202",ham,2000-02-17
32393,re : walium wlagra ciallls,"hello , would you like to spend less on your medlcaatlons ?
visit pharmacybymall storee and save over 75 % with us .
va
u
ag
c
is
ll
mvl
ra
lal
xandmanyother
have a nice day .
p . s . you will be pleasantly surprised with ouur prices !
",spam,2005-04-04
28186,re : eog pronghorn location,"mike ,
boy , the more things change , the more they stay the same . . . .
you are correct that eog does not give us the ok to "" go ahead "" .
eog has agreed to wire funds to tw today to cover the cost of installing the
efm , quality monitoring equipment , and whatever additional cost we incurred .
in typical eog fashion however , they want everything done yesterday , after
their actions delayed the activity by over a week . to the extent we have the
equipment available , and can install it , they would like to flow the gas as
soon as possible . is it possible to hook up their well pending our securing
all the equipment we need , or is the gas too bad to risk it ? they have gone
ahead and told our market services people they are delivering the gas for
tomorrow ' s gas day , and i suspect that is a little aggressive . do you have
an idea when the gas will be available ?
thanks for your help , bob",ham,2000-11-13
32325,test message,"hi , biz partners ,
learn and earn now ! ! !
click your free articles
click www . skyquestcom . com / eduwealth
a new international e - learning business is in town !
learn from the
world leading peak performance coach - anthony robbins
world best salesman - joe girard
rich dad , poor dad - robert kiyosaki
the psychology of selling - brian tracy
wink and grow rich - roger hamilton
men are from mars ; women are from venus - dr john gray
and many more . . . .
new business opportunity for enterprising individuals .
learn and earn now ! ! !
"" the only people who aren ' t involved in network marketing are those who don ' t understand it ""
ever thought of setting up your own biz .
making money even in your sleep .
making the world your clients even without leaving your home .
zero or almost no inventory , overhead or stock up .
and many more . . . .
click here www . skyquestcom . com / eduwealth
don ' t forget to find out how you are paid for learning sharing .
this email article is an advertistment , brought to you by www . skyquestcom . com / eduwealth . if you wish to stop receiving messages , please forward this message to subscribeoff @ yahoo . com or post to us at 100 beach road , singapore 189702 . please allow up to 72 hours for processing
",spam,2005-03-28
29769,leonard how can we make this happen ?,"just like the originalbut less than half the pricepowerful effects
monster rewards
geeneriiiiiic viiiiiagraa
direct from the manufacturer you trust !
buy right now !
worldwide shipping
chaaange .
",spam,2004-09-23
1298,hpl anniversary dinner confirmation,"thank you ! we ' ve received your registration for the 75 th anniversary dinner .
mark your calendar and plan to have an enjoyable evening .
sincerely ,
meetingstop @ aol . com",ham,2000-07-31
28726,nesa / hea ' s 24 th annual meeting,"saddle up for nesa / hea ' s 24 th annual meeting
"" deep in the heart of texas ""
september 9 - 11 , 2001
hyatt regency hill country resort
san antonio , texas
advance registration deadline
august 17 , 2001
sign up today to save $ 100 . 00
attached below for your review is the annual meeting brochure . you will
need adobe acrobat to view the brochure , which you can download from our web
site at www . nesanet . org . if you have problems
with the attached file please , contact nesa / hea headquarters at ( 713 )
856 - 6525 and we will be happy to forward the brochure via fax or mail .
lodging rate at the hyatt regency hill country resort is $ 201 . 00 single /
double . the hyatt has a limited block of rooms available for nesa / hea
members and guests - call ( 210 ) 647 - 1234 to make your reservation today ! be
sure to mention that you are a delegate of nesa / hea ' s annual meeting to
receive discounted rates .
cash prizes will be awarded to the winners of nesa / hea ' s 18 - hole scramble
golf tournament ! $ 100 per person for the first place team , $ 75 per person
for the second place team and $ 50 per person for the third place team .
additionally , $ 100 per person for competition holes ( closest - to - the - pin and
longest drive for men and women ) will be awarded . the tournament will take
place on monday , september 10 on the links at the hyatt regency hill country
resort .
airport shuttles can be arranged through worldtrans at hyatt hill country
resort . cost is $ 20 . 00 per person each way . for additional information
please call ( 210 ) 520 - 4083 .
we hope that you take this opportunity to meet with your colleagues and
customers in this relaxing yet professional environment to exchange ideas on
matter of importance covering a broad spectrum of subjects . the annual
meeting agenda includes timely issues presented by knowledgeable industry
leaders who will discuss formidable and thought provoking issues affecting
the industry today . attached below in an excel ' 97 worksheet is the advance
delegate registration list to date - join these delegates in september at
nesa / hea ' s annual meeting !
> >
to unsubscribe from the nesa / hea member email blast list please respond to
this email with the word unsubscribe typed into the subject field . this
will preclude you from receiving any email blasts in the future , but hard
copies of the material will be sent to your attention .",ham,2001-08-01
4106,fw : free digital payperview,"not interested ?
",spam,2004-07-12
8451,raptor position reports for 1 / 29 / 01,"vince , these spreadsheets have the most up to date numbers for the raptor
structures . the summary sheet summarizes the assets and liabilities in all
four .
- - stinson
- - - - - - - - - - - - - - - - - - - - - - forwarded by stinson gibner / hou / ect on 02 / 02 / 2001
04 : 10 pm - - - - - - - - - - - - - - - - - - - - - - - - - - -
rakesh bharati @ enron
02 / 02 / 2001 10 : 27 am
to : stinson gibner / hou / ect @ ect
cc :
subject : raptor position reports for 1 / 29 / 01
- - - - - - - - - - - - - - - - - - - - - - forwarded by rakesh bharati / na / enron on 02 / 02 / 2001
10 : 30 am - - - - - - - - - - - - - - - - - - - - - - - - - - -
from : gordon mckillop on 01 / 31 / 2001 09 : 36 am
to : rakesh bharati / na / enron @ enron
cc :
subject : raptor position reports for 1 / 29 / 01
- - - - - forwarded by gordon mckillop / na / enron on 01 / 31 / 2001 09 : 35 am - - - - -
gordon mckillop
01 / 30 / 2001 03 : 58 pm
to : ben f glisan / hou / ect @ ect , andrew s fastow / hou / ect @ ect , richard
causey / corp / enron @ enron , rick buy / hou / ect @ ect , greg whalley / hou / ect @ ect
cc : barry schnapper / corp / enron @ enron , andrea v reed / hou / ect @ ect , ryan
siurek / corp / enron @ enron , kevin d jordan / corp / enron @ enron , michael
kopper / hou / ect @ ect , chris loehr / hou / ect @ ect , anne yaeger / hou / ect @ ect , rodney
faldyn / corp / enron @ enron , ron baker / corp / enron @ enron ,
amy . flores @ ljminvestments . com , l ' sheryl hudson / hou / ect @ ect , wes
colwell / hou / ect @ ect , kevin howard / enron communications @ enron communications ,
david port / market risk / corp / enron @ enron , jordan mintz / hou / ect @ ect , maria
lebeau / hou / ect @ ect , david maxwell / hou / ect @ ect , susie ayala / hou / ect @ ect , hope
vargas / hou / ect @ ect , bob butts / gpgfin / enron @ enron , marnie lamb / na / enron @ enron
subject : raptor position reports for 1 / 29 / 01
the raptor i credit capacity is $ ( 110 . 8 ) million as a result of the merlin
credit derivative ( $ 63 ) and heartland steel ( $ 38 ) being reflected in the mpr
for 1 / 29 .
raptor iv has a notional capacity of $ 522 million available .",ham,2001-02-02
26847,how to soak her in cum,"our customer speak volumes about our spur m product
"" i just wanted to write and thank you for spur - m .
i suffered from poor sperm count and motility . i found
your site and ordered spur - m fertility blend for men .
i have wondered for years what caused low semen and sperm
count , and how i could improve my fertility and help my wife
conceive . spur - m seems to have done just that ! thank you
for your support . ""
andrew h . , london , uk
"" spur - m really does help improve fertility and effectiveness
of sperm and semen motility . i used it for the past few months ,
and not only does it work - i also feel better to . i have
more energy . this is an excellent counter to low sperm count
and motility . i ' ll be buying more ! ! ! ""
franz k . , bonn , germany
http : / / olivia . chorally . com / spur / ? sheep
for removing , pls go here
http : / / lutz . degradedly . com / rm . php",spam,2005-07-14
18804,size ? 7 / 3 / 07,"interested in a blind - date that has been pre - arranged by a mutual friend ?
click here to accept the invitation :
click here if you do not wish to be invited again :
sstonyutopia illume countenance alewife joaquin collusion whereon they ' d gotten flush cheesy exacerbate agnomen rube along manzanita
 chariot ilona dish inquiry abut regretting suture apposite bitt deafen cuff cowpea pauli rag disruption commentator florid disgruntle awe transmittable genoa bleary budgetary carnival runty serenade anchorite
",spam,2004-04-30
19511,re . your cia : lis refill is ready,"hi again ,
we now have over 91 meds available online now !
we are having specials on xanax , vlagra , soma , amblen and vallum
free clalls with every order
more lnfo here
",spam,2004-08-06
30900,great things are always available .,"cialis
cialis is regarded as a super - viagr @ or weekend - vi @ gra because its
effects start
sooner and last much longer . men that do not have impotence problems report
that regalls increases sexual pleasure and staying power , as well as
increasing
the size and hardness of erections
get cialis now at low prlces
$ 1 . 90 per dose . unbeleivable
nebraska subsidiary fraud tremendous din ida prismatic salaried executrix sanhedrin
venice clip astraddle pitch collet bitumen fracture california excruciate
knobby discretion carolyn marquee hydrometer pantomime benchmark burton covariant hailstone quadrillion
sight abide lioness midscale muon balled circlet aristocracy
salad none contextual camber dominic mixup sensate asexual
arequipa choice tradesmen transept soma abalone alvarez assailant
go here to stop this .
",spam,2004-12-21
29205,marketing,"michelle : let ' s see if this works . i ' ve attached the description . also , i spoke with johnny tramel this morning but he does not have any openings . let me know if you get this .
terri d",ham,2002-03-25
24065,foreign currency trading report,"volume over 1 . 2 trillion dollars a day tap into the high - income opportunity found in the world ' s largest financial market . the foreign currency markets discover how : $ 20 , 000 "" properly positioned "" in the euro vs . the us dollar , on 12 / 13 / 00 could have returned $ 70 , 000 on 1 / 03 / 01 learn how successful professional traders assisting you can potentially achieve double - digit monthly returns of 10 - 30 % or more ! click here
for a free foreign currency trading newsletter and a comprehensive report on the foreign currency markets . click on the link below . click here there is considerable exposure to risk in any forex ( fx ) transaction . before deciding to participate in fx trading , you should carefully consider your objectives , level of experience and risk appetite . most importantly don ' t invest money you can ' t afford to lose . if you are receiving this e - mail in error , we sincerely apologize . simply click on reply remove in the subject line . we honor any and all remove requests . any attempt to disable this remove acct will only prevent others from being removed . again , we apologize for any inconvenience and it wont happen again .
",spam,2001-08-05
19759,free trial confirmation - - $ 80 home / office postage kit,"save time
24 / 7 access , saving trips to the post office
save money
up to 80 % cheaper than a traditional meter
print postage
for any amount or any mail class
send everything
from postcards to packages worldwide
free delivery confirmation
on your priority mail
4 - week no - risk trial cancel
during first 4 weeks with no cost
$ 25 free postage
free digital scale ( $ 50
value )
free supplies kit ( $ 5 value )
© copyright 2004 stamps . com . all rights reserved . stamps . com is a trademark of stamps . com . all other trademarks are held by their respective owners .
please refer all questions , opinions or additional feedback to :
service dept
9420 reseda blvd # 133
northridge , ca 91324
",spam,2004-09-09
10883,returned mail : see transcript for details,"the original message was received at tue , 19 jul 2005 12 : 59 : 25 + 0200
from [ 222 . 89 . 79 . 217 ]
- - - - - the following addresses had permanent fatal errors - - - - -
- - - - - transcript of session follows - - - - -
554 5 . 0 . 0 username or alias unknown
550 5 . 1 . 1 . . . user unknown",spam,2005-07-19
25713,professional logo for you now,"working on your company ' s image ? start with a
visual identity a key to the first good impression . we are here to
help you ! we ' ll take part in buildinq a positive visual imaqe
of your company by creatinq an outstandinq logo , presentable stationery
items and professionai website . these marketing tools will significantiy
contributeto success of your business . take a iook at our work samples , hot deal packages and
see what we have to offer . we work for you !
_ _ _ _ _ _ _ _ _ _ _ _ _ _ _ _ _ _ _ _ _ _ _ _ _ _ _ _ _ _ _ _ _ _ _ _ _ _ _ _ _ _ _ _ _ _ _ _ _ _ _ not interested . . . _ _ _ _ _ _ _ _ _ _ _ _ _ _ _ _ _ _ _ _ _ _ _ _ _ _ _ _ _ _ _ _ _ _ _ _ _ _ _ _ _ _ _ _ _ _ _ _ _ _ _",spam,2005-06-27
28060,2000 internal communications survey,"we want to know what you think .
we all know that communication is one of enron ' s core values . we have
introduced several new communication tools in the last year , like ethink and
ebiz , that complement our more traditional methods of communicating , such as
enron business ( print and online ) and face - to - face meetings .
the internal communications team would like you to take a few minutes and
complete the following survey about the communication tools you find most
effective . please give us your honest feedback about the tools and methods
you use most often - - and tell us about the ones you don ' t use or need .
we appreciate your time . your feedback will help us tailor our communication
efforts to better meet your needs .
click here for survey",ham,2000-10-09
30199,top quality tablets here,"composition afresh veil moliere silicate calve disgustful
get any prescription drug you want !
absolutely no doctor ' s appointments needed !
lowest prices on brand name and generic drvgs !
stop getting promotional material here
thereat diagnostic discoid duff watch sisal
",spam,2004-10-29
4783,you are our lucky winner ! !,"de national lottery
po box 1010
liverpool
l 70 lnl
from : the desk of the promotions manager ,
international promotions / prize award department ,
ref no : eea 555125680213 and batch no : 54 / 001 / aye
attention : sir / madam ,
re / award notification
we are pleased to inform you of the announcement 26 th of
february of winners of de national lotto programs held on
the 21 st january , 2005 as part of our first quarter of the
year bonanza .
you or your company , attached to ticket number
034 - 1416 - 4612 - 750 , with serial number 6521 - 11 drew the lucky
numbers 47 - 44 - 20 - 24 - 39 - 43 , and consequently won the lottery
in category c .
you have therefore been approved for a lump sum pay out of
us $ 9 , 000 , 000 ( nine million united states dollars ) in cash
credited to file ref no : eea 555125680213
this is from total prize money of us $ 90 , 000 , 000 . 00 shared
among 10 winners in this category . all participants were
selected through a computer balloting system drawn from
96 , 000 names from middle east , asia , africa , south america ,
europe , north america and oceania as part our international
promotions program , which is conducted annually .
congratulations !
your fund is now deposited with barclays finance security
, due to the mix up of some numbers and names , we ask that
you keep this award strictly from public notice until your
claim has been processed and your money remitted to your
account . this is part of our security protocol to avoid
double claiming or unscrupulous acts by participants of
this program .
we hope with a part of your prize , you will participate in
our end of year high stakes us $ 1 . 3 billion international
lottery .
to begin your claim , please contact your claims agent ;
mr . raymond stein
account director
barclays finance security
satellite phone : + 8821646652944
telephone : + 447040101817
fax : + 447092807619
email : raymond 20 @ doramail . com
raymond 30 @ doramail . com
for due processing and remittance of your prize money to a
designated account of your choice .
remember , you must contact barclays finance security not
later thanl 4 ( fourteen ) banking days upon receipt of this
notification . after this date , all funds will be returned
as unclaimed . all correspondences to mr . raymond stein ,
either by fax or email , should have this email sent along
with it and also , your full address , your country of
residence and your email address to which this email is
sent , should be clearly and boldly written in your response
with your claims agent .
note : in order to avoid unnecessary delays and
complications , please remember to quote your reference and
batch numbe rs in every one of your correspondences with
barclays finance security . furthermore , should therebe any
change of your address , do inform your claims agent as soon
as possible .
congratulations again from all our staff and thank you for
being part of our promotions program .
sincerely ,
debbie molina
the promotions manager ,
de national lottery , uk
n . b . any breach of confidentiality on the part of the
winners will result to disqualification . please do not
reply to this mail . contact your claims agent .
",spam,2005-02-26
18442,get cheap via - gra,"generic viagra , at cheap prices .
most places charge $ 20 , we charge $ 3 . quite a difference , right ?
an amazing erection every time is guaranteed to you !
go into sexual overdrive today . . . vroooom !
shipped to the whole world . your solution is here : http : / / www . medz 4 cheap . com / via / ? oxygen
- - - - -
the link below is for people who hate spam . . . . .
http : / / www . medz 4 cheap . com / off . html
",spam,2004-03-02
13958,re : draft aep agreement ( another ),"here is another incorporating recent ideas
elizabeth sager
713 - 853 - 6349
- - - - - original message - - - - -
from : sager , elizabeth
sent : thursday , november 15 , 2001 11 : 11 am
to : bradford , william s . ; kitchen , louise ; st . clair , carol
cc : portz , david
subject : draft aep agreement ( rough )
rough first draft . i ' ll come down soon . thanks >
elizabeth sager
713 - 853 - 6349",ham,2001-11-15
19553,nuthatch,"ethel rudd , } on
linedr !
saveup to seventy % of thebest painkillers out !
highlevel muscle relaxers ,
p ' ain relief , and p ' rescription sleeping
aid m d s such as
c i @ l i s , %
v @ l i um , :
x @ n @ x ,
s 0 m @ , ^
v i 0 x x , @
v i l g r @ , _ _
- -
alliterate , artwork .
, epiphany , spontaneous .
",spam,2004-08-14
24747,life insurance - why pay more ?,"save up to 70 % on life insurance .
why spend more than you have to ?
life quote savings
ensuring your
family ' s financial security is very important . life quote savings makes
buying life insurance simple and affordable . we provide free access to the
very best companies and the lowest rates .
life quote savings is fast , easy and
saves you money ! let us help you get started with the best values in
the country on new coverage . you can save hundreds or even thousands
of dollars by requesting a free quote from lifequote savings . our
service will take you less than 5 minutes to complete . shop and
compare . save up to 70 % on all types of life insurance !
click here for your
free quote !
protecting your family is the best investment you ' ll ever
make !
if you are in receipt of this email
in error and / or wish to be removed from our list , please click here and type remove . if you
reside in any state which prohibits e - mail solicitations for insurance ,
please disregard this
email .",spam,2002-08-21
21755,give her something to smile about,"for the first time , we are offering the only male enhancement and
performance system to you at a special internet price .
90 % of males were interested in improving their sexual stamina ,
performance , and the size of their manhood . are you one of the 90 % ?
i was skeptical , but when i purchased my first bottle of your black label
formula and tried them , within days i was seeing results . the bonus dvd i
got was really helpful , and now i am a new man ! thank you
longz ! - christopher , uk
check out the only male enhancement formula with a free dvd
http : / / 63 v . xbt . megaproductsquare . com / k /
po box in link above and you can say no thank you for future
live white man bad ! this did not please rob at all . the idea of being eaten
by savages had never occurred to him as a sequel to his adventures
so he said rather anxiously to the chief
",spam,2005-04-21
28634,re - sending conoco dwg file for tw interconnect,">
attached is an autocad 2000 dwg file of pipelines area plan for a conoco - tw
interconnect
iam not sure the first e - mail went thru with the drawing attachment
randy sauvain
conoco nggp drafter
senmou , hobbs nm
- tw - interconnect . dwg",ham,2001-06-06
19387,lose up to 19 % weight . a new weightloss is here .,"hello , i have a special offer for you . . .
want to lose weight ?
the most powerful weightloss is now available
without prescription . all natural adipren 720
100 % money back guarant?e !
- lose up to 19 % total body weight .
- up to 300 % more weight loss while dieting .
- loss of 20 - 35 % abdominal fat .
- reduction of 40 - 70 % overall fat under skin .
- increase metabolic rate by 76 . 9 % without exercise .
- burns calorized fat .
- suppresses appetite for sugar .
- boost your confidence level and self esteem .
get the facts about all - natural adipren 720 : http : / / adiprenl 1 . com /
- - - - system information - - - -
locale ) values several activity and distinction java mailing
categories native fallback textual shared invoking can expectations
string phonebook provider individuals called general usage guidance
cases in an implemented think implementations times without
implies systems serve january vary stroke - radical id any
",spam,2004-07-19
29829,8 . 0 mega pixel digital camera,"youcansave . com
4330 commerce drive
batavia , ny 14020
youcansave . com 4330 commerce drive batavia , ny 14020
",spam,2004-09-29
9150,entouch newsletter,"business highlights
enron industrial markets
metal bulletin - iron and steel awards for 2000
pushiest entrant : enron , the us commodity trading company , which promised it
would revolutionize the steel business by offering futures in hot rolled coil
via its online market place .
the eim fundamentals analysis group is excited to announce that dave allan
has joined as a director , responsible for all forest products lines . he
comes to eim with 20 years of experience in the forest products industry , of
which 14 were spent at abitibi and 6 with pulp and paper week . please join
us in welcoming dave .
the siebel team (  & the force  8 ) continues to work towards program
implementation of its customer management system in early may , with training
to begin at the end of april . stay tuned for updates .
enron global lng
enron global lng is positioning itself to be a creator and leader of a global
wholesale lng market . the rising prices of natural gas in the united states
and concerns over future energy supplies have created a bullish outlook for
lng in the u . s . and around the globe . lng has played a major role in
serving energy needs in many parts of the world , but its place in the u . s .
energy picture has been limited . an lng market that spans the globe can
supply vast amounts of otherwise stranded gas to the world  , s growing appetite
for cleaner burning fuels . enron global lng sees great opportunity for
enron  , s wholesale energy business model to help shape yet another energy
market .
in the news
enron corp . says first - quarter profit rose 20 percent
houston , april 17 ( bloomberg ) - - enron corp . , the largest energy trader , said
first - quarter profit rose 20 percent as sales almost quadrupled . profit from
operations rose to $ 406 million , or 47 cents , from $ 338 million , or 40 cents ,
in the year - earlier period . enron raised its 2001 profit forecast to $ 1 . 75
to $ 1 . 80 a share , from its january projection of $ 1 . 70 to $ 1 . 75 .
first - quarter revenue surged to $ 50 . 1 billion from $ 13 . 1 billion as enron
boosted the volume of power sold in north america by 90 percent . enron had a
first - quarter gain of $ 19 million , or 2 cents a share , for an accounting
change , making net income $ 425 million , or 49 cents a share . there were no
charges or gains in the year - earlier period .
welcome
new hires
egm - janelle russell ,
eim - david allan , sylvia carter
ena - sasha divelbiss , amy quirsfeld , judy zhang , annette thompson , kelly
donlevy - lee , grant patterson
transfers ( to or within )
ena  ) william abler , magdalena cruz , barbara taylor , james reyes , marvin
carter , angel tamariz , jesse bryson
eim  ) cassandra dutton , christine sullivan , camille gerard , sherri kathol ,
jennifer watson
egm  ) steven batchelder
legal stuff
the information contained in this newsletter is confidential and proprietary
to enron corp . and its subsidiaries . it is intended for internal use only
and should not be disclosed .",ham,2001-04-20
791,re : pg & e texas contract 5098 - 695 for 2 / 00,"this issue still has not been resolved , and it is effecting the pg & e
contract 5095 - 037 , hplc transport contract ta 99 - 027 , several deals on the
interconnect report , and causing payment issues for katherine herrera to
panenergy marketing . i have sent several emails , faxed the daily ' s and left
voice messages , but have not received any updates to this issue .
- - - - - - - - - - - - - - - - - - - - - - forwarded by sherlyn schumack / hou / ect on 05 / 22 / 2000
09 : 27 am - - - - - - - - - - - - - - - - - - - - - - - - - - -
stacey neuweiler 03 / 22 / 2000 12 : 43 pm
to : sherlyn schumack / hou / ect @ ect
cc :
subject : re : pg & e texas contract 5098 - 695 for 2 / 00
sherlyn -
i am looking into this with lorraine to figure this out . we did not nominate
this for the days you are referring to , but lorraine says she flowed this gas
even though i cut the volume . i will let you know when this is resolved .
thanks .",ham,2000-05-22
6896,re : hello from vince kaminski at enron,"shmuel ,
thanks for the message . i am working with our recruiter , ashley baxter ,
to finalize the date of the trip . i shall shoot for october the 23 rd
if this date works for the rest of our team .
vince
"" shmuel oren "" on 08 / 23 / 2000 11 : 46 : 19 am
to : vince j kaminski / hou / ect @ ect
cc :
subject : re : hello from vince kaminski at enron
dear vince .
i sent you a reply earlier this month but i haven ' t heard from you about the
date of your visit . our department has a seminar every monday . if you can
schedule your visit on a monday i would like to invite you to give a seminar
which will be attended by many of our graduate students and faculty and will
give you an opportunity to tell them about your program . with sufficient
lead - time i can advertise the seminar in the hass school to their financial
engineering students .
shmuel .
shmuel s . oren , professor
dept . of industrial engineering
and operations research
4117 etcheverry hall
university of california
berkeley , ca 94720 - 1777
e - mail : oren @ ieor . berkeley . edu
phone : ( 510 ) 642 - 1836 or 5484
fax : ( 510 ) 642 - 1403
- - - - - original message - - - - -
from :
to : ; ;
sent : tuesday , august 08 , 2000 10 : 59 am
subject : hello from vince kaminski at enron
> shmuel ,
>
> i hope you remember me . i visited you together with aram sogomonian , a
> good friend of mine , a few years ago . i am currently responsible , among
> other things , for recruiting graduates with finance and / or technical
> backgrounds at the university of berkeley . i would be glad to give you a
> call and talk more about the details of our program . my colleague ,
> ashleybaxter , from the analyst / associate program at enron would join me
> as well .
>
> i am sending you a copy of the brochure about the analyst / associate
> program .
>
> vince kaminski
>
>
> vincent kaminski
> managing director - research
> enron corp .
> 1400 smith street
> room ebl 962
> houston , tx 77002 - 7361
>
> phone : ( 713 ) 853 3848
> fax : ( 713 ) 646 2503
> e - mail : vkamins @ enron . com
>",ham,2000-08-24
13339,enron mentions,"enron jolt : investments , assets generate big loss - - - part of charge tied to 2 partnerships interests wall street
the wall street journal , 10 / 17 / 01
enron posts loss for quarter , citing one - time charges
the asian wall street journal , 10 / 17 / 01
enron reports $ 1 billion in charges and a loss
the new york times , 10 / 17 / 01
companies & finance the americas - enron tries to see bright side of $ 1 bn levy .
financial times ( u . k . edition ) , 10 / 17 / 01
observer - excuse me - avenue of the americas .
financial times ( u . k . edition ) , 10 / 17 / 01
world stock markets - financials lead wall street to modest gains .
financial times ( u . k . edition ) , 10 / 17 / 01
world stock markets - end of wall st surge leaves techs struggling .
financial times ( u . k . edition ) , 10 / 17 / 01
enron posts loss after write - downs
houston chronicle , 10 / 17 / 01
mark to market : a defiant spring in their steps
capital markets report , 10 / 17 / 01
lex column - enron lex column .
financial times ( u . k . edition ) , 10 / 17 / 01
internet tax ban extended
the washington post , 10 / 17 / 01
united states
the globe and mail , 10 / 17 / 01
enron corp . reiterated ` strong buy ' at first albany
bloomberg , 10 / 17 / 01
brazil energy rules deter investment as shortages choke economy
bloomberg , 10 / 17 / 01
former montana governor named u . s . envoy in lumber dispute
associated press newswires , 10 / 16 / 01
enron reports third - quarter loss due to investment writeoff
associated press newswires , 10 / 16 / 01
enron long - term debt ratings on review for possible downgrade - moody ' s
afx news , 10 / 16 / 01
enron - chmn . & ceo
cnnfn : market coverage - morning , 10 / 16 / 01
enron ceo - interview
fox news : your world
enron corp . chmn . & ceo - interview
cnbc / dow jones business video , 10 / 16 / 01
enron jolt : investments , assets generate big loss - - - part of charge tied to 2 partnerships interests wall street
by john emshwiller and rebecca smith
staff reporters of the wall street journal
10 / 17 / 2001
the wall street journal
cl
( copyright ( c ) 2001 , dow jones & company , inc . )
enron corp . yesterday took a $ 1 . 01 billion charge mostly connected with write - downs of soured investments , producing a $ 618 million third - quarter loss . the loss highlights the risom a pipeline com a particular slice raises anew vexing conflict - of - interest questions . the slice is connected with a pair of limited partnerships that until recently were run by enron ' s chief financial officer . the company said the charge connected with the partnerships is $ 35 million and involves the "" early termination . . . of certain structured finance arrangements . ""
two years ago , the chief financial officer , andrew s . fastow , entered into the unusual arrangement with his employer . with the approval of the board of enron , mr . fastow set up and ran the partnerships that stood to make him millions or more , according to partnership documents . while the company says that this arrangement was proper , some corporate - governance watchdogs have questioned whether a chief financial officer , who is responsible for overseeing the financial interests of the company , should have been involved in such a partnership that was , among other things , looking to purchase assets from enron .
the two partnerships , ljm cayman lp and the much larger ljm 2 co - investment lp , have engaged in billions of dollars of complex hedging transactions with enron involving company assets and millions of shares of enron stock . it isn ' t clear from enron filings with the securities and exchange commission what enron received in return for providing these assets and shares . in a number of transactions , notes receivable were provided by partnership - related entities .
mr . fastow ' s role as chief financial officer made him privy to internal asset analyses at enron . an offering memorandum for the ljm 2 partnership said that this dual role "" should result in a steady flow of opportunities . . . to make investments at attractive prices . "" mr . fastow would find his interests "" aligned "" with investors because the "" economics of the partnership would have significant impact on the general partner ' s wealth , "" according to this document .
in a written statement in response to questions , enron , based in houston , said "" there never was any obligation for enron to do any transaction with ljm . enron and its board established special review and approval processes with its senior management and external audit and legal counsel to ensure that each transaction with the ljm partnership was fair , in the best interest of enron and its shareholders , and appropriately disclosed . ""
mr . fastow , through an enron spokesman , declined to be interviewed .
in announcing the third - quarter loss , enron said the partnership - related write - offs were part of a larger $ 544 million charge related to the diminished value of investments in a retail - power business , broadband telecommunications and technology . in addition , there was also a $ 287 million write - off resulting from its investment in azurix corp . , a water company enron spun off and then repurchased . in all , enron posted a third - quarter loss of 84 cents a share , compared with a gain of 34 cents a share in the year - earlier period . revenue rose 59 % to $ 47 . 6 billion .
at 4 p . m . yesterday , enron ' s stock was up 67 cents a share to $ 33 . 84 in composite trading on the new york stock exchange , but remains far below its 52 - week high of $ 84 . 88 . on monday , the day before the earnings announcement , enron stock dropped by about 7 % .
in an interview , enron ' s chairman and chief executive , kenneth lay , said the write - offs were designed as part of an effort to "" find anything and everything that was a distraction and was causing a cloud over the company . ""
the quarterly loss is the latest in a series of setbacks faced by enron recently after years of almost unbroken success . there have been mounting problems from expensive moves into the water and telecommunications businesses .
and there has been a steady stream of executive departures , most notably the surprise resignation in august of enron ' s president and chief executive , jeffrey skilling , who said he left for personal reasons and because of the fallen stock price .
the partnership arrangement involving mr . fastow , the highly regarded chief financial officer , first surfaced in an enron sec filing in 1999 , but only recently has it attracted wall street ' s concern . in late july , mr . fastow severed his relations with the partnerships , according to a company sec filing . company officials said that move was partly related to questions raised by analysts and large enron shareholders .
little about the inner workings of the ljm partnerships has been disclosed to date . private partnership documents reviewed by the wall street journal indicate that enron agreed to a partnership arrangement with potentially huge financial rewards for mr . fastow .
the ljm cayman partnership raised a relatively modest $ 16 million , according to the documents . the more ambitious ljm 2 aimed to raise at least $ 200 million , the documents show . among investors were credit suisse group ' s credit suisse first boston , wachovia corp . and general electric co . ' s general electric capital corp . the arkansas teachers fund committed $ 30 million , of which $ 7 . 4 million had been tapped by late last month . bill shirron , a fund manager there , said the ljm arrangement had "" already returned $ 6 million to us . "" it ' s been "" a home run so far , "" mr . shirron added .
according to the ljm 2 offering document , the general partner , made up of mr . fastow and at least one other enron employee , received a management fee of as much as 2 % annually of the total amounts invested . additionally , the general partner was eligible for profit participation that could produce millions of dollars more if the partnership met its performance goals over its projected 10 - year life . in exchange , the general partner was obliged to invest at least 1 % of the aggregate capital commitments .
in an interview earlier this year , mr . lay said the ljm arrangement didn ' t produce any conflicts of interest . such related - party transactions , involving top managers or directors , aren ' t unusual , he said . "" almost all big companies have related - party transactions . ""
typically , related - party transactions involve dealings with partly owned affiliates or a contract with a firm tied to one of the company ' s outside directors . it is rare for a top executive to be in a position where he could have conflicting fiduciary responsibilities . the ljm 2 offering document states that the responsibilities of mr . fastow and other partnership officials to enron could "" from time to time conflict with fiduciary responsibilities owed to the partnership and its partners . ""
some institutions approached as potential ljm investors demurred partly because of such potential conflicts .
enron has publicly stated that the partnership deals were aimed to help it hedge against fluctuating values for its growing portfolio of assets . in the past decade , enron has seen its asset base rocket to more than $ 100 billion . as a result of this rapid growth , enron has at times been strapped for capital and has sought ways to bring in outside investors to help bolster its balance sheet .
charles lemaistre , an outside enron director and president emeritus of the m . d . anderson cancer center at the university of texas , said he viewed the partnership arrangement partly as a way of keeping mr . fastow at enron . "" we try to make sure that all executives at enron are sufficiently well - paid to meet what the market would offer , "" he said .
enron ' s interest in retaining mr . fastow may have been heightened by an exodus of top managers who were cashing out large stock - option grants after the company ' s success in 1999 and 2000 . mr . fastow ' s yield from options for the 12 months through aug . 31 was $ 4 . 6 million , according to disclosure reports compiled by thomson financial . mr . lay netted about $ 70 million from exercising options during this period , while mr . skilling , the former president , realized nearly $ 100 million .
copyright ? 2000 dow jones & company , inc . all rights reserved .
international news
enron posts loss for quarter , citing one - time charges
dow jones newswires
10 / 17 / 2001
the asian wall street journal
2
( copyright ( c ) 2001 , dow jones $ 287 million related to so - called asset impairments recorded by azurix ; and $ 180 million for the restructuring of broadband services .
excluding items , enron , which is based in houston , said it earned $ 393 million , or 43 cents a share , helped by its core wholesale and retail energy businesses and natural gas pipelines . that figure matched a consensus estimate from analysts , according to thomson financial / first call .
revenue soared to $ 47 . 61 billion from $ 30 . 01 billion .
copyright ? 2000 dow jones section c
enron reports $ 1 billion in charges and a loss
by kenneth n . gilpin
10 / 17 / 2001
the new york times
page 5 , column 1
c . 2001 new york times company
the enron corporation , the nation ' s leading wholesale electricity marketer and natural gas trader , posted a third - quarter loss yesterday because of more than $ 1 billion in one - time charges for various businesses .
the company reported a net loss of $ 618 million , or 84 cents a share , in contrast to net income of $ 292 million , or 34 cents a share , in the period a year earlier . excluding charges , enron said it earned $ 393 million , or 43 cents a share . revenue jumped 59 percent , to $ 47 . 6 billion , from $ 30 billion a year ago .
the charges , which total $ 1 . 01 billion , or $ 1 . 11 a share , included a $ 287 million write - down on azurix , the company ' s troubled water - management division , and $ 180 billion in restructuring charges at its broadband telecommunications operation .
but more than half the charges were related to various investment losses , mostly from enron ' s stake in the new power company , a retail electricity joint venture with aol time warner and i . b . m .
' ' after a thorough review of our businesses , we have decided to take these charges to clear away issues that have clouded the performance and earnings potential of our core energy businesses , ' ' kenneth l . lay , enron ' s chairman and chief executive , said in a statement .
even as its stock surged last year and into this year , analysts complained that the company had a complex web of businesses and lacked clarity in its financial reporting .
in the wake of the california energy crisis , the value of enron shares began a sharp retreat , and the focus on problems at some of its operations intensified .
on aug . 14 , jeffrey k . skilling abruptly resigned as president and chief executive after just six months on the job . the move forced mr . lay , who transformed the company from an intrastate pipeline company into an energy conglomerate , to resume operational control .
wall street had been expecting write - offs , and analysts said more could be coming . but the news yesterday had little effect on enron ' s shares , which rose 67 cents , to $ 33 . 84 . they are off 59 percent this year .
' ' they didn ' t telegraph exactly what they were going to do , or when or how , ' ' said david fleischer , an analyst at goldman , sachs . ' ' but for many quarters the topic has been how many billions are they going to write off ? now the question is , ' what ' s next ? ' ' '
ronald barone , an analyst at ubs warburg , said the write - offs were ' ' a step in the right direction . ' '
' ' investors can look at this with more confidence that problems are being faced and addressed , ' ' he said .
mr . barone and others said the company might have to make decisions at some point about troubled international assets , including its power plant in india as well as its broadband unit .
earlier this year , mr . skilling insisted that enron ' s broadband trading business was worth $ 35 billion . after the restructuring yesterday , enron has a $ 600 million investment in broadband .
' ' i don ' t think anyone knows what the broadband operation is worth , ' ' said todd shipman , an analyst at standard & poor ' s . ' ' it seems to me they don ' t think there is a big prospect of a short - term turnaround . they are putting the whole thing in cold storage . ' '
despite enron ' s potential , analysts said mr . lay faced a considerable task .
' ' management has lost credibility and have to reprove themselves , ' ' mr . fleischer at goldman , sachs said . ' ' they need to convince investors these earnings are real , that the company is for real and that growth will be realized . that has to be proven over time . ' '
the earnings report issued yesterday provides ' ' a little more breakdown , ' ' he added , ' ' but it will take more disclosure . ' '
copyright ? 2000 dow jones & company , inc . all rights reserved .
companies & finance the americas - enron tries to see bright side of $ 1 bn levy .
by julie earle .
10 / 17 / 2001
financial times ( u . k . edition )
( c ) 2001 financial times limited . all rights reserved
companies & finance the americas - enron tries to see bright side of $ 1 bn levy - diversified industrials failed investments in telecommunications , energy and water take their toll .
enron , the us energy trader , yesterday attempted to reassure the market after it revealed a hefty $ 1 . 01 bn charge related to its failed investments in telecommunications , retail energy sales and water businesses .
the houston - based company outlined a recovery plan , including more asset sales , but the charge , along with a weaker - than - expected performance in europe and no sign of improvement in its broadband division overshadowed any good news .
some analysts , who had exerted pressure on the company to release detailed financial results , warned of more surprises at an analysts meeting in new york tomorrow .
moody ' s investors service placed enron ' s $ 13 bn of debt securities on review for downgrade . by midday in new york , the company ' s shares were 17 cents lower at $ 33 , continuing a 60 per cent share slide this year .
ken lay , the chairman who is back at the helm after the abrupt resignation of former chief executive jeff skilling in august , said he had three main concerns .
enron remains entangled in the fallout from the california energy crisis , the sale of its troubled dahol power project in india and the slump in the broadband division , he said .
"" investors have been willing to overlook a lack of clarity with enron but now with more difficult times , they want to dig a little deeper . enron should have been doing that all along , "" said chris ellinghause , analyst at williams capital group .
mr lay said yesterday that enron planned to offload other assets after selling its electricity utility portland general electric to northwest natural gas for $ 1 . 8 bn this month .
mr lay said that despite the charge , the company had had a strong quarter and the fundamentals remained strong .
"" there is some optimism for the fourth quarter and for next year . we have cleaned up some operations and hopefully by doing this , we will get a sharper focus on the company ' s true strengths and growth to come . ""
earlier , mr lay revealed a $ 618 m , or 84 cents a share , loss for the quarter , against a profit of $ 292 m , or 34 cents , last time .
the charges included $ 544 m for losses on investments in the new power company , broadband and technology investments . the company took a $ 180 m charge to restructure its broadband division and a $ 287 m loss related to azurix , the water treatment and infrastructure business .
revenue jumped 60 per cent to $ 47 . 6 bn .
the company ' s main profit driver , its wholesale energy division , had strong results in its natural gas and electricity trading , especially in north america .
asked if enron intended to report any other charges , mr lay said : "" if we thought we had other impaired assets they would be on the list today . ""
( c ) copyright financial times ltd . all rights reserved .
http : / / www . ft . com .
copyright ? 2000 dow jones & company , inc . all rights reserved .
observer - excuse me - avenue of the americas .
10 / 17 / 2001
financial times ( u . k . edition )
( c ) 2001 financial times limited . all rights reserved
excuse me ?
ken lay , chairman of enron , the us energy group and trader , was in the hot seat yesterday trying to explain a surprise $ 1 bn charge to analysts and the media on the company ' s third - quarter conference call when a hapless caller offered some light relief .
"" is this the duke conference call ? "" the listener asked , interrupting lay ' s explanation for a hefty third - quarter loss from failed investments in telecommunications , retail energy sales and water .
( duke energy competes head on with the aggressive , houston - based enron . )
the conference host moved in swiftly : "" you are calling about duke ? this is enron ' s third - quarter call "" , as much laughter ensued .
then lay , who has promised to provide analysts with more information about the company , chimed in : "" now if you ' d like to ask about duke , we ' ll do that too . ""
lay ' s approach was noticeably relaxed - despite the poor result - and unlike that of his predecessor and right - hand man , jeff skilling , who quit the company in august but is still fondly remembered for his use of vivid epithets during conference calls .
( c ) copyright financial times ltd . all rights reserved .
http : / / www . ft . com .
copyright ? 2000 dow jones & company , inc . all rights reserved .
world stock markets - financials lead wall street to modest gains .
by mary chung .
10 / 17 / 2001
financial times ( u . k . edition )
( c ) 2001 financial times limited . all rights reserved
us equities reversed their losses and posted modest gains in late trading with financials leading the way .
stocks bounced in and out of positive territory before making a decisive move higher . the dow jones industrial average closed up 36 . 61 at 9 , 384 . 23 while the s & p 500 index edged up 7 . 56 at 1 , 097 . 54 . the nasdaq composite rose 25 . 76 to 1 , 722 . 07 . volume remained low with 1 . 2 bn trades in the nyse , which traders said accounted for some of the session ' s exaggerated moves .
investors combed through a slew of corporate earnings reports and braced for more big - cap results after the close , including statements from tech heavyweights intel and ibm . intel was up
2 . 4 per cent while ibm slipped 0 . 15 per cent .
"" we ' re kind of hot and heavy in earnings season and the main focus is on results , "" said tom van leuven , us equity strategist at jp morganchase . "" it ' s the same trend in lowered expectations and that is translating into lower consensus growth numbers . ""
financials showed strength with bank one up 8 per cent at $ 32 . 81 after it reported third - quarter earnings that surpassed expectations .
shares in wells fargo fell 1 . 4 per cent at $ 40 . 19 after reporting a 42 per cent rise in net income , although earnings fell short of analysts ' estimates .
dow components american express rose 1 . 3 per cent at $ 31 . 30 and citigroup 2 . 9 per cent at $ 46 . 09 . caterpillar slipped 0 . 35 per cent at $ 48 . 03 after the construction equipment manufacturer reported third - quarter earnings failed to meet wall street estimates .
united technologies brought cheer to investors after the company topped expectations and posted a 14 per cent rise in profits . the company also said it would cut 5 , 000 jobs . its shares rose 2 per cent at $ 54 .
johnson & johnson was up 2 per cent at $ 56 . 77 after the health and consumer products maker posted results that beat estimates .
energy stocks were broadly higher with enron , the energy trader , up 2 per cent at $ 33 . 84 after reporting quarterly results that met expectations but excluded a $ 1 bn charge .
wl paso gained 2 per cent at $ 52 . 52 and chevrontexaco tacked on 0 . 8 per cent at $ 89 . 15 .
leading technology stocks were higher with microsoft up 0 . 7 per cent at $ 58 . 45 while cisco systems gained 4 . 7 per cent at $ 16 . 97 .
the morning ' s economic data were negative . september industrial production fell 1 per cent following august ' s 0 . 7 per cent decline .
toronto closed higher , led by gains in technology and base - metal stocks . the s & p 300 composite index rose 71 . 99 or 1 . 03 per cent to end at 7 , 027 . 62 .
( c ) copyright financial times ltd . all rights reserved .
http : / / www . ft . com .
copyright ? 2000 dow jones & company , inc . all rights reserved .
world stock markets - end of wall st surge leaves techs struggling .
by mary chung .
10 / 17 / 2001
financial times ( u . k . edition )
( c ) 2001 financial times limited . all rights reserved
us equities were mixedby midday after an earlyrally evaporated , sending blue chips lower and leaving technology stocks battling to stay in positive territory .
the dow jones industrial average lost momentum and was down 10 . 72 at 9 , 336 . 90 while the s & p 500 index edged up 0 . 52 at 1 , 090 . 50 . the nasdaq composite held on to a 7 . 13 gain at 1 , 703 . 44 .
investors combed through a slew of corporate earnings reports and braced for more big - cap results after the close , including statements from tech heavyweights intel and ibm . intel was up 1 per cent while ibm slipped 1 per cent .
"" we ' re kind of hot and heavy in earnings season and the main focus is on results , "" said tom van leuven , us equity strategist at jp morganchase . "" it ' s the same trend in lowered expectations and that is translating into lower consensus growth numbers . ""
caterpillar weighed on the dow after the construction equipment manufacturer reported third - quarter earnings failed to meet wall street estimates . the stock fell 2 per cent at $ 47 . 31 .
united technologies brought cheer to investors after the company topped expectations and posted a 14 per cent rise in profits . the company also said it would cut 5 , 000 jobs . its shares rose 3 per cent at $ 54 . 65 .
johnson & johnson was up 1 . 2 per cent at $ 56 . 40 after the health and consumer products maker posted results that beat estimates .
enron , the energy trader , was up 1 per cent at $ 33 . 45 after reporting quarterly results that met expectations but excluded a $ 1 bn charge .
financials were stronger with american express up 1 per cent at $ 31 . 16 and citigroup 2 . 2 per cent at $ 45 . 81 . wells fargo gained 0 . 34 per cent at $ 40 . 91 after reporting a 42 per cent rise in net income , although earnings fell short of analysts ' estimates .
bank one rose 6 . 2 per cent at $ 32 . 34 after it reported third - quarter earnings that surpassed expectations .
leading technology stocks were mixed with microsoft trading near flat at $ 58 . 13 while cisco systems gained 1 per cent at $ 16 . 38 .
the morning ' s economic data were negative . september industrial production fell 1 per cent following august ' s 0 . 7 per cent decline .
toronto rose in early trading , led higher by a rally for technology stocks . the s & p 300 composite index was up 0 . 4 per cent at 6 , 982 . 80 at midsession .
top - weighted nortel networks gained 11 cents to c $ 9 . 31 and sierra wireless c $ 1 . 55 to c $ 21 . 15 . research in motion added 36 cents at c $ 27 . 30 .
banks were hit by negative broker comment . imperial bank of commerce lost 38 cents at c $ 50 . 50 and bank of nova scotia 32 cents at c $ 44 . 70 .
( c ) copyright financial times ltd . all rights reserved .
http : / / www . ft . com .
copyright ? 2000 dow jones & company , inc . all rights reserved .
oct . 16 , 2001 , 11 : 32 pm
enron posts loss after write - downs
core businesses considered solid
houston chronicle
by laura goldberg
copyright 2001 houston chronicle
enron corp . posted a third - quarter loss after taking $ 1 . 01 billion in charges aimed at dealing with problems it said distracted investors from focusing on the company ' s core energy businesses .
with write - offs in its water and broadband businesses and on a retail electricity investment , the energy trader tuesday reported a loss of $ 618 million or 84 cents a diluted share . that compares with net income of $ 292 million , or 34 cents a diluted share , a year ago .
"" the underlying earnings from what enron does well , which in my view is wholesale and retail energy , were solid , "" said andre meade , an analyst with commerzbank securities in new york . "" the big news item is the significant write - down . ""
the charges include :
? $ 287 million to reflect losses on assets to be sold by troubled water and wastewater services unit azurix .
? $ 180 million related to downsizing in enron ' s broadbroad operations including severance cost and losses on both inventory sales and customer contracts .
? $ 544 million for investment losses and dismantling a financial vehicle used by enron for investment projects that was disliked by some on wall street .
about half the amount is related to new power co . , a retail electricity and natural gas provider that is 45 percent owned by enron .
enron created new power and then spun it off . in last year ' s initial public offering , new power shares debuted at $ 21 . tuesday , they closed at $ 1 . 90 .
enron also has its own retail energy business that follows a different model .
other portions of the charge cover losses on investments in broadband and technology ventures .
meade said the charges call into the question some of the directions enron has moved in outside of its core energy business .
he added : "" it certainly confirmed a lot of the businesses that they went into and were highly touted have destroyed value . that ' s not good for a company like enron , which is very innovative . ""
excluding the charges , enron ' s third - quarter net income increased 35 percent year - over - year to $ 393 million , or 43 cents a diluted share .
analysts surveyed by thomson financial / first call expected , on average , enron to report a profit , before one - time charges , of 43 cents a diluted share .
ken lay , enron ' s chairman and chief executive , said enron turned out strong results in its core wholesale and retail energy businesses , as well as its natural gas pipelines .
"" as these numbers show , enron ' s core energy business fundamentals are excellent , "" lay said on a conference call .
income for its wholesale services division , before interest and taxes , rose 28 percent year - over - year .
enron also made good on its pledge to give analysts and investors more detailed financial information .
in its earnings release , it broke down performances in its core wholesale division by segment . for example , it included lines with details about its coal , metals and other specific commodities .
enron promised more financial data as it worked to restore investor confidence lost after ceo jeff skilling unexpectedly resigned in august , citing personal reasons .
"" it ' s definitely an improvement . i was happy with that , "" meade said of the information enron provided . but he would have liked even more detail .
shares in enron closed up 67 cents tuesday , at $ 33 . 84 .
wall street was looking for enron to clean house this quarter and expected write - offs of $ 2 billion to $ 3 billion , said carol coale , an analyst with prudential securities in houston .
"" they spruced up the house , but they didn ' t actually clean out all the cobwebs , "" she said , adding that she suspects further write - downs may follow .
enron did note three areas still facing uncertainty : ongoing disputes over its india power plant project , its broadband business and money owed for power sold in california .
coale said she is concerned about further hits to enron ' s balance sheet that could lower its credit rating , which is currently of investment - grade quality . but she also said pending assets sales may reduce or eliminate any balance sheet problems , she said .
three separate deals to sell international assets for almost $ 900 million are slated to close this year . and earlier this month , enron announced a deal to sell power utility portland general electric for almost $ 1 . 9 billion , which includes $ 1 . 55 billion in cash . the buyer is also to assume about $ 1 . 1 billion in debt .
other asset sales are in the works .
enron stressed it ' s committed to keeping its investment - grade rating . after enron ' s earnings were released , standard & poor ' s affirmed its ratings for enron , while fitch also said it expects no change in its credit ratings .
however , moody ' s investors service put all enron ' s long - term debt obligations on review for potential downgrade . moody ' s did say the portland general sale "" will go a long way to help restore enron ' s balance sheet , "" but noted it still requires regulatory approval and is likely to take up to a year to complete .
mark to market : a defiant spring in their steps
by jim murphy
10 / 17 / 2001
capital markets report
( copyright ( c ) 2001 , dow jones & company , inc . )
a dow jones newswires column
new york - ( dow jones ) - insouciance is the word i ' m looking for .
of late , wall street seems insouciant , intent on keeping the sunny side up , maintaining its cheer in the face of bad news .
tuesday , on the earnings front , there was plenty of bad news - before stock markets opened , while they were open and after they closed .
for example , more than two hours before the nyse opened , enron corp . reported its largest quarterly loss ever . but its shares closed with a gain of 67 cents .
on the other hand , enron shares dropped 7 % on monday , which again raises a question never far from the minds of those who follow wall street : what did whoever know and when did they know it ? which is the interrogatory form of "" some pigs are more equal than others . ""
after the bell tuesday , ibm reported that third - quarter earnings fell 19 % on a 6 % decline in sales . no matter . in after - hours trading , in less than two hours after the news , ibm shares had gained almost $ 4 . 00 each .
all the major stock indexes closed higher tuesday , with one of the most inclusive of all , the russell 2000 , rising 1 . 03 % .
corporate earnings releases wednesday will be even heavier than on tuesday . many of them will contain bad news . until , however , we see evidence indicating otherwise , bet on wall street again to respond with insouciance .
not incidentally , economists , analysts , and the financial media all are alike in how we handle a stock ' s response to bad news . to wit and for example : "" enron shares shrugged off an abysmal earnings report tuesday to post a modest gain of 67 cents each . . . "" or , "" enron shares were toiletized tuesday after the company reported its greatest quarterly loss ever . . . ""
in fact , in both cases , we know only that b followed a . we don ' t know , and never can know , the relationship between event a and event b . whatever the relationship ( s ) , it isn ' t obvious , nor can it be obtained by interviewing oneself .
big al , plus two nominees to his committee
everyone is waiting for uncle al , the markets ' pal , to testify on capitol hill at 10 a . m . edt ( 1400 gmt ) .
fed chairman greenspan will then tell the joint economic committee of congress all he deems it appropriate for the public to hear on monetary policy and the u . s . economy , post - sept . 11 .
meantime , professional fed watchers , who are far fewer in number than amateur greenspan watchers , will be paying close attention , beginning at 9 : 30 a . m . edt ( 1330 gmt ) , to a session of the senate banking committee .
the panel is holding confirmation hearings for the first two of president george w . bush ' s nominations for federal reserve governor . fed governors are voting members of the rate - setting fomc .
are these two people , both with backgrounds in commercial banking , interest - rate hawks or doves or somewhere in between ? that is to say : are they or are they not preemptive inflation fighters ?
one of the two , susan bies , is executive vice president of first tennessee national corp .
the other , mark olson , was once the chief executive of a bank in fergus falls , minn . , which i would guess is a hometown bank . in 1986 - 87 , olson was president of the american bankers association .
he was also , get this , a staff member of the senate banking committee , which , by golly , is the committee holding the confirmation hearings . of course , we have no way of knowing whether familiarity bred contempt . whether , for example , olson became notorious among staffers for not making a fresh pot of coffee after he helped himself to the last cup in the old pot .
both bies and olson must be confirmed by the full senate .
fifth third
the name is bizarre , but the explanation is pedestrian .
early in the previous century , fifth bank and third bank merged to become fifth third bank .
perhaps the ceos at the time both had tin ears . or perhaps each wanted the name of his bank to survive the marriage .
thanks for the answer to todd , brian , david and david .
in tuesday afternoon ' s column , i wondered about the genesis of a whacky name like fifth third bancorp .
and , as brian notes , "" god help us all if they merge with second national bank and then fourth national bank . ""
operator : "" second third fourth fifth bancorp . can i hep yew ? ""
( jim murphy can be reached at ( 201 ) 938 - 2145 or jim . murphy @ dowjones . com )
copyright ? 2000 dow jones & company , inc . all rights reserved .
lex column - enron lex column .
10 / 17 / 2001
financial times ( u . k . edition )
( c ) 2001 financial times limited . all rights reserved
enron
enron has entered a new phase in its development : rebuilding credibility . concerns about california , india etc have not gone away , but efforts to improve transparency in its financial reporting constitute a real improvement . the momentum of the core wholesale energy trading and marketing business is undiminished and recurring net income growth of 35 per cent , before charges , is impressive . but short - term distractions do not make it easy to focus on the long - term growth story .
attention to the balance sheet is welcome - but the charges are not insubstantial . the charge for asset impairments at azurix is hardly surprising given the state of the business . the $ 180 m for restructuring broadband services comes on top of another $ 80 m of losses in the quarter . cutting broadband down to a sensible size is proving expensive . the $ 544 m for losses associated with "" certain other investments "" ( half relating to new power ) is not the end of the story , not least because broadband investments are still valued at some $ 600 m . still , asset sales should reduce debt from 50 per cent of total capital at the end of this year to a more comfortable 40 per cent at the end of 2002 .
enron ' s ventures outside energy trading have not been roaring successes . the long - term potential lies in convincing investors that the earnings growth in the core business is real and sustainable . the multiple of 16 times 2002 earnings still suggests that the market is not giving enron full credit for the prospect of 20 per cent annual earnings growth next year and beyond . given the noise , that is unsurprising .
( c ) copyright financial times ltd . all rights reserved .
http : / / www . ft . com .
copyright ? 2000 dow jones & company , inc . all rights reserved .
financial
internet tax ban extended
10 / 17 / 2001
the washington post
final
eo 2
copyright 2001 , the washington post co . all rights reserved
earnings
bank one reported its strongest quarterly results since pulling out of a deep slump this year , posting a 30 percent increase in profits as aggressive cost cutting continued to pay off . net earnings for the third quarter were $ 754 million , up from $ 581 million a year earlier .
cargill of wayzata , minn . , the largest u . s . agricultural company , said its fiscal first - quarter profit rose to $ 288 million , from $ 172 million in the year - earlier period .
caterpillar , the largest maker of earth - moving equipment , said third - quarter earnings fell 5 . 1 percent , to $ 205 million .
duke energy , the nation ' s largest utility company , said third - quarter net income rose to $ 796 million , from $ 770 million a year earlier . revenue rose 6 . 6 percent , to $ 16 . 7 billion .
enron , the nation ' s largest energy trader , reported a $ 638 million third - quarter loss , citing $ 1 . 01 billion in one - time charges . in the third quarter of 2000 , enron earned $ 292 million . the write - offs included $ 544 million in investment losses , $ 287 million for asset impairment and $ 180 million to restructure its high - speed internet venture .
ibm said third - quarter profit fell 19 percent as orders for corporate servers and semiconductors declined . net income dropped to $ 1 . 60 billion , from $ 1 . 96 billion in the year - earlier period , the company said in a statement . sales were lower than expected , falling 6 . 2 percent , to $ 20 . 4 billion from $ 21 . 8 billion .
johnson & johnson said third - quarter profit rose 17 . 8 percent , to $ 1 . 5 billion . the maker of health - care products said worldwide sales climbed 10 . 8 percent , to $ 8 . 2 billion .
knight ridder ' s profit plunged 27 percent in the third quarter as the sept . 11 attacks led to a steep drop - off in newspaper advertising and higher costs associated with increasing news coverage . the nation ' s second - largest newspaper publisher reported net income of $ 55 . 7 million for the three - month period ended sept . 30 , compared with $ 76 . 1 million in the same period a year ago .
charles schwab posted earnings of $ 81 million in the third quarter , a 51 percent drop from a year earlier , as the four - day market shutdown after sept . 11 and a decline in trading sliced commissions at the discount broker .
wells fargo , the fifth - largest u . s . bank , said third - quarter profit rose 42 percent , to $ 1 . 16 billion , from $ 816 million for the same period a year ago .
compiled from reports by the associated press , bloomberg news , dow jones news service and washington post staff writers
http : / / www . washingtonpost . com
copyright ? 2000 dow jones & company , inc . all rights reserved .
report on business : the wall street journal
what ' s news
united states
wall street journal
10 / 17 / 2001
the globe and mail
metro
bl 0
"" all material copyright ( c ) bell globemedia publishing inc . and its licensors . all rights reserved . ""
enron corp . surprised investors yesterday with a $ 1 . 01 - billion ( u . s . ) after - tax charge mostly connected with writedowns of impaired assets and soured investments , producing a $ 618 - million third - quarter loss , its worst quarter ever . the loss highlights the risks the onetime high flier has taken in transforming from a pipeline company into a behemoth that trades everything from electricity to weather futures . in all , enron posted a third - quarter loss of 84 cents a share , compared with a gain of 34 cents a share in the year - earlier period .
copyright ? 2000 dow jones & company , inc . all rights reserved .
enron corp . reiterated ` strong buy ' at first albany
2001 - 10 - 17 07 : 32 ( new york )
princeton , new jersey , oct . 17 ( bloomberg data ) - - enron corp . ( ene us )
was reiterated ` ` strong buy ' ' by analyst robert l . christensen jr at first
albany corp . the price target is $ 80 . 00 per share .
brazil energy rules deter investment as shortages choke economy
2001 - 10 - 17 08 : 10 ( new york )
brazil energy rules deter investment as shortages choke economy
sao paulo , oct . 17 ( bloomberg ) - - enron corp . built a 400
million - reais ( $ 145 million ) electricity plant in brazil expecting
to sell power to factories that face their biggest energy shortage
in more than 50 years .
it didn ' t work out . government subsidies on existing power -
supply contracts led companies to cut output as much as 20 percent
rather than seek alternative supplies . the enron plant , fired up
for an opening ceremony sept . 24 , lies idle .
` ` we need prices that reflect the cost of generating
energy , ' ' said orlando gonzalez , president of enron america do sul
ltda . , the brazilian unit of the largest energy trader .
the obstacles faced by enron and other utilities mean
brazil ' s power industry is unlikely to get the estimated $ 3 . 6
billion annual investment it needs to meet growing energy demand .
the country needs to add 6 , 000 megawatts of capacity every year to
avoid rationing that has forced companies such as alcoa inc . , an
aluminum maker , to cut energy use 20 percent since june .
brazil ' s energy policy ` ` is bad because it doesn ' t create
incentives for companies to build plants , ' ' said eduardo bernini ,
president of the brazilian unit of electricidade de portugal sa ,
portugal ' s biggest power company .
the energy shortage , the result of inadequate investment in
new power plants combined with a drought that has reduced
hydroelectric output , caused the government to ration supplies to
companies and also to about two - thirds of brazil ' s 170 million
population . this , combined with higher interest rates and a
currency that has lost almost a third of its value against the
dollar this year , will cut 2001 economic growth to about 1 . 6
percent from the 4 . 5 percent forecast in january , according to
economists ' estimates .
el paso plant
enron isn ' t alone in being unable to sell its power .
houston - based el paso corp . , the largest u . s . natural gas
pipeline owner , may have to idle a 870 - megawatt thermoelectric
plant in macae , rio de janeiro state , when it opens nov . 7 . el
paso , which spent $ 500 million on the plant , says it has no buyers
for the electricity .
some investment already has been delayed . enron couldn ' t
raise $ 600 million in loans to build a second gas - fired plant near
rio de janeiro , gonzalez said . aes corp . , a u . s . power producer
with business in 27 countries , has failed to obtain $ 1 . 5 billion
in financing for three gas - fired plants the company plans to build
in brazil , said luiz david travesso , president of the utility ' s
brazilian unit .
brazilian companies buy most of their energy through long -
term contracts with former state - owned generators and distributors
at prices that are subsidized by the government . on average , they
pay about 40 percent less than it costs to produce energy , said
electricidade de portugal ' s bernini .
subsidies at risk
if companies enter additional long - term contracts to acquire
electricity they lose the subsidies on their existing contracts ,
with the result that the cost of all their energy purchases rise .
brazil ' s spot electricity market , created two years ago to
enable manufacturers to cover additional energy needs without
signing long - term contracts , doesn ' t provide an alternative , said
enron ' s gonzalez .
enron abandoned plans to sell energy from its new plant
through the spot market because there were no guarantees it would
be paid , he said .
the ` ` market isn ' t clearing trading , so you don ' t receive
money , ' ' said gonzalez . ` ` we cannot run the plant without cash . ' '
some companies that sold electricity through the market
haven ' t paid . tradener comercializacao de energia , controlled by
cia . paranaense de energia , brazil ' s second - biggest integrated
utility , has been waiting since april to receive 96 million reais
from energy sales , said walfrido victorino avila , chief executive
of the electricity trading company .
unpaid bill
centrais eletricas brasileiras sa , the country ' s largest
power generator , hasn ' t paid for electricity purchased through the
spot market last year . a spokesman at the company , which needed
the electricity to cover contracts after construction of its angra
2 nuclear plant was delayed , said the account will be settled .
from the consumers ' point of view , prices on the spot market
are prohibitively high , said analysts . prices are established by a
formula that takes into account water levels in reservoirs of
hydroelectric plants , which represent 84 percent of brazil ' s
generating capacity . lower water levels mean higher prices for
electricity on the spot market .
a drought , which has reduced water levels to the lowest in
nearly 70 years , has caused the market price to soar to three
times what companies pay under long - term contracts , said marcos
severine , a power utility analyst at banco sudameris sa ' s
brokerage in sao paulo .
brazil ' s government has appointed new management to sort out
the spot market ' s problems . it has also set up a committee led by
francisco gros , president of brazil ' s national development bank ,
to draw up rules to encourage investment in new generating
capacity .
utilities are optimistic solutions will be found .
` ` we believe the government is working toward solving the
energy problems brazil is facing at the moment , ' ' said enron ' s
gonzalez .
in the meantime , generators that may help relieve brazil ' s
energy crisis stand idle .
former montana governor named u . s . envoy in lumber dispute
by christopher thorne
associated press writer
10 / 16 / 2001
associated press newswires
copyright 2001 . the associated press . all rights reserved .
washington ( ap ) - president bush named former montana gov . marc racicot on tuesday as a special envoy to try to broker a settlement in a long - running lumber dispute with canada .
u . s . trade representative robert zoellick and commerce secretary donald evans cited racicot ' s familiarity with the timber industry and public forests as reasons for his appointment .
"" this dispute has endured for decades , and it is our hope that , with the governor ' s help , we can achieve a lasting market - based solution , "" evans said .
racicot said in a statement that he was honored and "" committed to identifying a fair and lasting solution . ""
the appointment comes at a critical time in the slow - moving negotiations with canada . in two weeks , the commerce department is expected to announce its decision on whether canadian companies "" dump "" softwood lumber on u . s . markets at artificially low prices .
in a preliminary decision issued in august , the department said too - low canadian fees give canada ' s lumber industry an unfair advantage and suggested a 19 percent tariff on canadian lumber .
softwood lumber is used in framing houses . the u . s . homebuilding industry has said a 19 percent tariff would hurt american consumers by adding up to $ 1 , 000 to the cost of building a home , but the u . s . lumber industry says the levy is needed to save jobs .
trade representatives have met in long , private sessions in washington and ottawa in the last six weeks without agreement .
rodney moore , a spokesman for the canadian embassy , welcomed racicot ' s appointment . "" it indicates to us the high level of importance that the bush administration places on the softwood lumber trade , "" he said .
racicot , a republican , was barred by term limits from seeking a third term as montana ' s governor last year . he gained national attention as a spokesman for bush during the recount in florida and was considered for attorney general but took himself out of the running .
he also was discussed as a potential opponent to sen . max baucus , d - mont . , who is up for re - election in 2002 , but said in february he would not run for office again .
racicot ( pronounced rahs ' - koh ) works as a partner in the washington office of bracewell & patterson , a texas law firm that counts the huge energy company enron among its clients .
- - -
on the net : u . s . international trade commission : http : / / www . usitc . gov /
department of commerce : http : / / www . doc . gov /
copyright ? 2000 dow jones $ 287 million for asset impairments by its azurix corp . division , which owns , operates and manages water and wastewater systems ; and $ 180 million to restructure its high - speed internet venture .
"" after a thorough review of our businesses , we have decided to take these charges to clear away issues that have clouded the performance and earnings potential of our core energy businesses , "" said kenneth l . lay , enron ' s chairman and chief executive officer .
in august , president and chief executive jeffrey skilling unexpectly resigned , citing family reasons , and his duties were taken over by lay . enron ' s stock had tumbled to a 52 - week low as company proclamations that it remains on solid footing were met with skepticism on wall street .
lay said tuesday earnings from its ongoing energy and gas pipeline businesses were strong .
"" the continued excellent prospects in these businesses and enron ' s leading market position make us very confident in our strong earnings outlook , "" he said .
for the first nine months of the year , enron earned $ 211 million , or 19 cents a share , down from $ 919 million , or $ 1 . 07 a share , a year ago . revenue for the nine months climbed to $ 139 . 6 billion from $ 60 . 4 billion a year ago .
in trading tuesday on the new york stock exchange , enron shares rose 67 cents to $ 33 . 84 .
- - -
on the net :
enron site : http : / / www . enron . com
copyright ? 2000 dow jones & company , inc . all rights reserved .
enron long - term debt ratings on review for possible downgrade - moody ' s
10 / 16 / 2001
afx news
( c ) 2001 by afp - extel news ltd
new york ( afx ) - moody ' s investors service said it placed all the long - term debt obligations of enron corp on review for downgrade following the announcement by the company of significant write - downs and charges , reflecting substantially reduced valuations in several of its businesses .
these actions affect enron ' s broadband operations , its merchant portfolio and the azurix water company holdings .
in a statement , moody ' s , however , has confirmed the company ' s prime - 2 rating for commercial paper .
the ratings agency has previously commented on the challenges impacting a number of enron ' s businesses but the magnitude of the announced charges will reduce the company ' s equity base and increase nominal financial leverage to somewhat over 50 . 0 pct while materially impacting earnings .
in its review , moody ' s will focus on enron ' s strategic direction and in particular on the earnings and cash flow outlook for its core gas and power wholesale businesses .
gc for more information and to contact afx : www . afxnews . com and www . afxpress . com
copyright ? 2000 dow jones & company , inc . all rights reserved .
business
enron - chmn . & ceo
rhonda schaffler
10 / 16 / 2001
cnnfn : market coverage - morning
( c ) copyright federal document clearing house . all rights reserved .
rhonda schaffler , cnnfn anchor , market call : enron ( url : http : / / . www . enron . com / ) out with its third - quarter results this morning . the energy trader earning 43 cents a share , that takes out items . it was in - line with estimates . and 9 cents better than a year ago . enron expects to earn 45 cents per share in q 4 , that ` s slightly below wall street ` s forecast . it says earnings for this year and next per share earnings are on track to beat expectations . shares of enron have fallen from the highs in the 80 s , bouncing off a low of 24 , trading around the 30 s . joining us from houston , texas , to talk about the latest quarter and what ` s next , kenneth lay , chairman and ceo at enron .
thanks for joining us . good to have you back on cnnfn .
kenneth lay , chmn . & ceo , enron : it ` s nice to be on cnnfn , thank you .
schaffler : i guess we should ask for an explanation first because there were some charges in this earnings report that wall street ` s still trying to get a handle on . explain to us why the charges were made and how that ` s impacting most importantly , fourth quarter .
lay : well , first of all , as to the charges , they related primarily to the zurich ` s water business , our broadband business , and the new power company where we have investments and assets and those businesses . and we try to clean all those up in this quarter since they seemed to be providing quite a bit of distraction to the real quality and strong growth of our core businesses .
schaffler : and let ` s talk about the core businesses going forward , because for so long we talked about the broadband component of the business . what ` s key now ? what ` s most important ? what ` s driving future growth ?
lay : well , primarily our wholesale business , which is growing very strong , in this most recent quarter , our physical volume deliveries in our wholesale business was up about 65 percent . our earnings were up about 35 percent . strong growth in our retail business we ` re - in fact , we ` re the only company providing nationwide energy services . and again , that had a strong quarter also , adding about 12 , 000 new customers . we currently have about 40 , 000 facilities where we manage the energy activity for these customers and about 4 billion square feet of space . and then , of course , finally , our pipeline group , which is always just really strong and can get cash flow and earnings .
schaffler : you have not held your position for that long . there has been a change at enron that occurred over the summer . what ` s been the toughest challenge for you as you sit down and try to figure out which way the company ` s heading next ?
lay : well , rhonda , as you know , i held this position for over 15 years before jeff skilling became ceo in february this year . so i ` m basically just kind of reassuming that position when jeff decided he had to leave for personal and family reasons . so i really have not been out of this chair very long . but i think the main thing is just to continue to grow these very solid , core businesses which in the third quarter this year provided about 35 percent increase in net income , to about $ 400 million and about 26 percent increase in earnings per share . and you ` re right , i mean , we reconfirmed our earnings for 19 - or 2001 at $ 1 . 80 , which is what the street expects , and 2 . 15 for next year . so it will be one more year of about 20 percent growth in earnings per share . and we ` ve been doing that for the last three or four years .
schaffler : it ` s decent growth , especially at a time when the economy , the experts tell us , is in recession , any worries on your part ?
lay : not really , i ` d like to see a stronger economy . and certainly i believe the fiscal stimulus package you just discussed on your program is part of that . but by the same token , we find that we could continue to perform at very strong rates even in this somewhat slower economy that we experience right now .
schaffler : and very quickly , because we ` re almost out of time , any prediction on the energy markets going forward , it is a tough business when we talk about commodities ?
lay : well , i think they ` ll probably continue to be volatile , just like they have been . certainly the winter weather will determine in large part what happens to natural gas prices here over the next couple of months . beyond that , of course , we ` ve got a very soft economy worldwide , which is really impacting the oil markets . so i expect it will remain a little sluggish for a while unless we have a major supply interruption .
schaffler : kenneth lay , chairman and ceo at enron , great to have you back on , good to see you again .
lay : thank you , rhonda .
schaffler : congrats on the quarter .
copyright ? 2000 dow jones & company , inc . all rights reserved .
business
enron ceo - interview
neil cavuto
10 / 16 / 2001
fox news : your world
( c ) copyright federal document clearing house . all rights reserved .
neil cavuto , host : tell me what you think is wrong with this picture : bombs dropping , oil prices dropping . the oil prices dropping part is the strange thing . true enough , but in case you ` re thinking things stay that way , the chairman of energy giant enron ( url : http : / / . www . enron . com / ) has a warning for you : don ` t necessarily count on it .
i caught up with kenneth lay earlier today and got his take on where we go from here .
( begin videotape )
kenneth lay , chairman & ceo , enron : well , i think what ` s primarily happening there , of course , is the economy . i mean , the economy worldwide - - the worldwide economy is so weak that we ` re seeing demand off quite a bit , and of course , in the u . s . you ` re seeing a lot less travel by , probably the u . s . and elsewhere , but a lot less travel .
so i think unless you have an interruption or a major curtailment by the opec producers oil prices could stay kind of soft for a while .
cavuto : so you don ` t see that curtailment happening , or even , for example , something more orchestrated , like a production cut ?
lay : no , i think that could happen , but i think it would take something like that to turn it around just because of the demand situation .
cavuto : do you find it , though , surprising , before we get to your earnings , that this is happening as bombs are falling over there ? normally just the opposite occurs .
lay : yeah , but the bombs thus far are not calling where the oil is . now , that would change it enormously if the bombs started falling somewhere close to some major production .
cavuto : all right . let ` s talk a little bit about , you know , you beat street estimates , some of these numbers . you managed a rebound in your stock from where we were when jeff skilling left . but there are a lot of concerns out there as to whether you ever revisit those heady days of 84 , 85 dollars a share . what say you ?
lay : well , i think we will , but it ` ll take a little bit of time . i mean , i think , at the same token that we may not see 80 to 90 dollar prices for a while , i think by most valuation techniques , why , we ` re certainly still worth a lot more than 33 , 34 dollars when we have the kind of strong earnings growth we ` ve been demonstrating in our core businesses
cavuto : does it bug you , ken , that no one makes a big deal of it when your stock is in the dumper , but everyone was coming after you and demanding energy roll - backs and that sort of thing when you were sky - high ?
lay : that ` s true . of course , i guess you ` re speaking primarily on the california situation .
cavuto : right .
lay : and certainly , our shareholders - - and enron , too - - would have been a lot better off had the california situation never occurred . and we did our best to try to help them solve that problem , but at least back in the early days of the problem , why , there didn ` t seem much interest in trying to solve it . they just wanted to find somebody to blame it on .
cavuto : you know , a lot of the power trading activity in this country was cut off right after the september 11 th attacks . i don ` t remember , in the case of enron , for how long . but can you update us on that ?
lay : well , as a matter of fact , we did close down early on september 11 th , but our people were back working the next morning at 7 o ` clock . i think , that first day , we only stayed in business or at least kept enron online and in business for about half a day , but by the day after that , we were back into full business . and so we - - we ` ve really had very little interruption because of september the 11 th .
cavuto : now , i know you ` re very close to the bush administration and to the president bush himself , and the president , of course , is trying to sell the american people on the notion that this could be a multi - year effort . is the corporate community on board with that ?
lay : oh , i think we are . i think right now virtually all americans are on board for that . and i think the main reason is that we understand the alternative . i mean , we just cannot continue to live in fear of these terrorist attacks .
cavuto : but do you worry that as a major oil player yourself that the boomerang , at least from the middle east , is on you guys , that you look to be in the hip pocket of the administration , so bash those guys , penalize those guys , make life difficult for those guys ?
lay : there may be some of that , but certainly we don ` t see that having any - - any adverse impact on our businesses , and as you know , neil , we ` re much , much larger in natural gas and electricity in europe and north america than we are oil out of the middle east .
cavuto : and we should stress that with the 6 percent increase in natural gas bonds , a 77 percent surge in power lines , this is a very different story .
having said that , though , the recession word is constantly banded about . it ` s something that stays with us a while . what do you say ?
lay : i - - i think we ` ll come out of it next year . i can ` t say if it ` s going to be the second quarter or their quarter or maybe even fourth quarter , although i ` d probably pick one of the earlier quarters versus the later quarters .
but again , we - - we ` ve shown , this most recent quarter , where the economy was very soft , gas and electricity prices were pretty low , that , in fact , we can still make very good money even in a slow economy .
cavuto : all right . now , when jeff skilling left after only six months on the job as your president and ceo , your ( unintelligible ) successor , they brought you back . as i was joking before we came on here , bring back yoda . but there ` s a concern that there isn ` t much depth after you , ken . i don ` t mean to besmirch your lieutenants . but there is a concern that after you it is slim pickings . how can you assure wall street that ` s not the case ?
lay : well , it ` s really quite the contrary . i will say , neil , that i have the strongest management team now than i ` ve ever had at enron , and i ` ve had some pretty strong teams , as you know . going back over 15 years , i ` ve never had the bench strength or depth that i have right now .
( end videotape )
cavuto : all right . kenneth lay of enron .
copyright ? 2000 dow jones & company , inc . all rights reserved .
business
enron corp . chmn . & ceo - interview
bob pisanti ( ? )
10 / 16 / 2001
cnbc / dow jones business video
( c ) copyright federal document clearing house . all rights reserved .
bob pisanti , cnbc anchor , market watch : lets take a look at shares of energy trader enron . they were trading lower the last i checked . let ` s see what it is . yes , off $ 0 . 18 . but you could see it was higher early going but then sold off at $ 32 . 91 now . profits for the third quarter came in before the bell , $ 0 . 43 a share . that was in line with estimates . as of this morning , there were 18 analysts covering it . thirteen say it ` s a "" strong buy , "" three a "" moderate buy , "" two a "" hold . "" nobody is selling it .
and joining us now from his company headquarters in houston is kenneth lay . he ` s chairman and ceo of enron . good morning , sir .
kenneth lay , chairman & ceo , enron corp . : good morning , bob .
pisanti : tell me what your feel is on the numbers . you sold off a little bit today and there is also something i want that get to regarding , from moody ` s . but what ` s your feel of the lay of the land , if you will ?
lay : well , first of all , we had a very strong third quarter . our overall net income was up about 35 percent , so just a little bit less than $ 400 million after tax . our earnings per share were up about 26 percent . of course right on the street ` s expectations . we had very strong growth in volumes , about 65 percent . our retail business showed a very strong quarter with income before interest and taxes up about three and a half fold . so we had a good strong quarter . now , we did take some write - offs to kind of clean up some balance sheet items and i am sure that that ` s being evaluated . but overall we ` re very pleased with it , particularly given the current economy .
kpisanti : tell me about , for folks that aren ` t familiar with it , you trade energy , explain how that works .
lay : well , basically we buy and sell energy but it ` s even more than that , bob . we buy and sell natural gas and electricity primarily , but we also arrange physical delivery of the product . so it ` s not just a matter of making markets in the commodity , but it ` s also delivering the commodity to the wholesale or retail customer . and , of course , we also provide risk management services . we provide long term contracts . we have a lot of structured financings that we provide for our customers . so it ` s really kind of a whole portfolio of services , energy services and financial services , that we provide for our customers .
pisanti : your stock has been higher over the past 12 months . it is trading closer to its lows . is there a reflection there as far as what has gone on with the california market ?
lay : well , i think the california market and all of the noise or publicity that came out of that certainly didn ` t help us at all . probably also broadband . we have a fairly significant broad - - we had a fairly significant broadband activity where we had a lot of value in the stock was attributed to that . and i think you and everybody else knows what ` s happened to the broadband business this year . but certainly all the negative comments out in california didn ` t help us . now that problem is beginning to work itself out and , indeed , we think it will work itself out over the next few months .
pisanti : now moody ` s this morning is placing your long term debt obligations on review for downgrade . they ` re concerned about a number of things . without going into a great deal of detail , i think they are basically concerned , number one , the exposure to the california energy market , as well as some of the areas where maybe it ` s not as energy focused and you ` re getting into some areas maybe it ` s not your expertise . what ` s your response to them ?
lay : well , i think first of all , as far as california , we think we ` re more than adequately reserved for california . as i said , the regulatory decisions out in california as well as washington are beginning to kind of solve that problem . so i think that problem will be resolved fairly soon . now , let me say moody ` s did , in fact , put us on review , but also standard & poor ` s and fitch did not . they ` ve maintained the credit ratings right where they are and said stable outlook . so you have some disagreement here among the rating agencies . but i think even the moody ` s pointed out that with the closing of our portland general transaction , our balance sheet will be back even in stronger shape than it is , or was before the write - offs .
pisanti : how does the next year look for you , sir ?
lay : next year looks good . we did reconfirm in our earnings release this morning that we expect to hit the fourth quarter numbers that we have been projecting and $ 1 . 80 for this year and $ 2 . 15 next year . so , again , about another 20 percent growth in earnings per share for next year .
pisanti : well , good luck to you , sir .
lay : thank you very much .
pisanti : thanks for being with us . this is ken lay . he ` s chairman and ceo of enron .
copyright ? 2000 dow jones & company , inc . all rights reserved .",ham,2001-10-17
27796,enrononline forms alliances with houstonstreet and true quote,"news : enrononline forms alliances with houstonstreet and true quote
time : 2 : 30 pm ( cst ) jul 12 , 2000
houstonstreet exchange has branched out into realms of the top energy
e - commerce
platforms today by signing an agreement to post the north american
electricity and
natural gas prices of enrononline . the prices will be posted automatically on
houstonstreet . com and traders will be able to act on the enrononline prices
via either
platform . the addition of enrononline pricing will correspond with the launch
of
houstonstreet ' s natural gas platform in september , the companies said .
enron also signed an agreement today to post its gas and power prices
simultaneously
on true quote . com . enrononline has conducted commodity transactions worth
more
than $ 90 billion in 2000 . it posts two - way prices for more than 800 products
in global
energy and commodities markets .",ham,2000-07-12
3287,"06 / 01 assignment , termination , expiration report - houston pipe","line
attached is the junel 2001 assignment , termination & expiration report for houston pipe line ' s contracts . ( fyi - it contains all of the entries made by our group since the report was last done on 3 / 23 / 01 , regardless of the effective date . ) if you do not need to receive this report or if you know of someone else that should receive it , please let me know by e - mail or phone ( 713 - 571 - 3187 ) so that i can either remove your name from or add their name to the distribution list .",ham,2001-05-24
25593,looking for good it team ? we do software engineering !,"looklng for a good lt team ?
there can be many reasons for hiring a professional
lt team . . .
- lf you ' ve qot an active on - line business and you
are dissatisfied with the guaiity of your currentsupport , its cost , or
both . . .
- lf your business is expanding and you ' re ionqing
for a professionai support team . . .
- lf you have specific software requirements and
you ' d iike to have your soiutions customized , toqetherwith warranties and
reiiabie support . . .
- if you have the perfect business idea and want to
make it a reality . . .
- if your project has stalled due to lack of
additional resources . . .
- if you need an independent team for benchmarking ,
optimization , quality assurance . . .
if you ' re looking for
a truly professional team , we are at your service ! just visit our
website
_ _ _ _ _ _ _ _ _ _ _ _ _ _ _ _ _ _ _ _ _ _ _ _ _ _ _ _ _ _ _ _ _ _ _ _ _ _ _ _ _ _ _ _ _ _ _ _ _ _ _ not interested . . . _ _ _ _ _ _ _ _ _ _ _ _ _ _ _ _ _ _ _ _ _ _ _ _ _ _ _ _ _ _ _ _ _ _ _ _ _ _ _ _ _ _ _ _ _ _ _ _ _ _ _",spam,2005-06-25
6760,re : houston research opportunity,"tara :
thanks for the update . it seems anjam is playing hard ball a little . my
initial reaction is to be inflexible because it is a good offer , but on
second thoughts , could you please give me an idea of what is meant by a
12 - month assignment when you have a moment ? compensation , benefits ,
responsibilities , career path implications , etc .
many thanks !
regards ,
grant .",ham,2000-08-09
3193,planned deliveries for phase ii pigging,"gentlemen :
please review and let me know if you have any questions .
for scheduling purposes , we will show a receipt from hpl ( transportation
agreement # 4047 ) at agua dulce of 45 , 000 , with deliveries to :
air products - la porte 5 , 000
oxy battleground 10 , 000
rohm & haas dp 20 , 000
dupont dp 10 , 000
dwight : you will need to coordinate these flow changes with the facilities .
thanks ,
>
this email and any files transmitted with it from the elpaso
corporation are confidential and intended solely for the
use of the individual or entity to whom they are addressed .
if you have received this email in error please notify the
sender .
- smartpigging ( 812 - lomax ) market takes plan final . xls",ham,2001-05-07
19353,need ambien or other drugs - purchase here online,"up to 80 % savings on xanax , valium , phentermine , viagra
here
for
email removal , go here .
bulldog crush noble blackfeet broaden broadcast attendant protophyta carolinian batch statesmanlike conner prosodic cromwell homology laugh lifelong ill
bze international imports inc
north front st . # 1831 belize city , belize
credulity monarch squamous boor bedspread curtis delicate clinch carlo momentary comparison casserole capricious nicholson folly mimi graveyard begun
collar palace sovereign travelogue fontainebleau codicil abeyance binary buttercup banjo crewmen macassar ecumenic whimsic firework ambiguity psychiatrist raspsowbelly beverly wolfish cheerleader hydrate chicagoan poland shenanigan togs goldberg lisle spurious mailbox caller anonymity buyer alundum banishmadame exhortation boule potentate pulverable patina diaper eigenvalue feminine breech nellie tyrannosaurus allure contributor recurring scrapbook showboat downsidebandstop destine woodcarver snowfall blythe fishpond clause seltzer addend diatom desire bacillus buckthorn bullfinch appease continue dad dietrichplagiarism quagmire waveguide emirate deactivate rex gabriel remitted lay loquacity enliven armenian collegiate emotional wiretap",spam,2004-07-14
12359,cal . update 7 / 30 / 01 - direct access,"executive summary
direct access could make a rescue of socal edison more difficult
bond issuances for california may be in jeopardy as direct access becomes more popular with municipalities
municipal power is politically attractive
there is growing pressure across california for cities to consider forming their own municipal power companies . community leaders across the state are enviously eyeing the success of sacramento ' s smud utility and the los angeles municipal power utility , where rate hikes and service disruptions have been far less pronounced than the rest of the state . several leaders in san francisco are considering setting up their own power company , and another two dozen cities are also contemplating action . municipal power companies are not subject to regulation by the california public utilities commission , and could therefore sidestep the current proposed structure of rate hikes .
trying to stop municipalities from opting out of the state power plans will be extremely difficult , as it runs against some of the most entrenched and long - standing privileges in california politics . under california law , it is very difficult to stop many cities from doing what they feel is in their best interest . most older and larger cities are "" charter cities "" rather than "" general law cities "" subject to the california municipal code . under the california constitution , charter cities can pretty much do anything or provide any service short of printing money and raising an army . the league of california cities - a weighty organization representing every one of california ' s cities - is already swinging into action to support direct access . most assembly democrats started out as city councilors and have some sympathy with local independence . and the resistance within the assembly is already building against hertzberg ' s attempts to stop even large companies getting direct access .
some city leaders will not wish to fight the governor and the state legislature on the issue . but if municipalities do not opt out , they may have to explain to their local business and voters why they are paying far more for electricity than a city next door which chooses to set up its own power company . cities are beginning to realize they might potentially lose major employers . politicians are also beginning to realize that local companies stand to gain or lose a fortune on this matter , and this could affect campaign contributions .
state power plans at risk
if municipalities do move to set up their own power companies , it could undermine at least three key elements of the state of california ' s power plans :
first , the rate hike already approved falls mostly on businesses and other large users . but municipal power would unpick this structure , allow large regions of california to ignore the puc , leaving the rate structure to be determined city by city . many municipalities may be unable to resist pressure from local businesses to protect them from disproportionate rate hikes . others might cave into irate voters .
second , the plans laid out by governor davis ' and state treasurer angelides ' for a california state public power authority would also be badly damaged if large regions avoid having anything to do with it . it is possible that long - term power contracts might also face an additional hurdle if municipalities opt out of higher long - term rates by buying on the open market . it could mean the state is left with excess power that it would have to sell at a loss .
third , revenues to back the proposed power bond could be imperiled , if municipalities opt out of the rate structure and revenue stream needed to repay the bond . and if the momentum for direct access develops among the cities and municipalities across the state , it could make it much more difficult to launch the bond in the first place as investors may take fright at potential threats to the viability of repayments .
the issue is at an early stage - - the puc had a general workshop on the matter at its offices in san francisco on friday . state legislative leaders are likely to use every political and legal means available to stop municipal secession , or at least smother the issue until the power bond is successfully away . but stopping the municipalities if they choose to follow this path could prove to be difficult .",ham,2001-07-30
1131,re : maynard oil - revised nom,"daren ,
deal # 140991 has been updated .
bob
daren j farmer
06 / 30 / 2000 05 : 54 am
to : robert cotten / hou / ect @ ect
cc :
subject : re : maynard oil - revised nom
bob ,
update our nom in sitara to agree with their ' s .
d
enron north america corp .
from : robert cotten 06 / 29 / 2000 02 : 42 pm
to : daren j farmer / hou / ect @ ect
cc :
subject : maynard oil - revised nom
daren ,
maynard oil at meter # 6674 revised their nom from 4 , 920 to 5 , 595 for july .
bob",ham,2000-06-30
7708,the equipment you ordered is in stock .,"- - - automatic notification system ( request # : ecth - 4 r 5 mlm , po # : 20110550 )
requested for : vince j kaminski
requested by : shirley crenshaw
your equipment ( see below ) has arrived . please allow 3 to 5 days for
configuration . you will be notified when a technician has been assigned .
en 6600 desktop p 3 - 600 10 gb 64 mb 32 x nt 4 . 0
en 6600 128 mb installed in desktop
21 "" vl 100 monitor",ham,2000-11-21
29955,joe does this make you happy now ?,"don ' t ever feel embarrassed with the dimensions of your member again !
keep her yearning for more and more !
waaanna maaake theeeeem ceeeeeaaase .
selenate gurkha delicious myrrh diatomic pyramidal anorthosite deplore torrent unchristian coeducation .
excavate rome amok assimilate biggs oscillate coliform cherubim mechanism integrity phenomenon aerate continent leitmotiv capacious arcane l ' vov cadaverous corbel chairwomen fauna emile dynast break picky somers parameter .
",spam,2004-10-10
19734,getting hard is easy,"satisfy yourself loved
once
take viagra
for only $ 2 . 99
( retail price $ 14 . 95 )
rmv
",spam,2004-09-04
11570,"fw : creditex , loanx , enron introductions","louise :
do you have any interest in attending this ? buy and kopper are scheduled to attend . wednesday , 10 : 45 am .
- - - - - original message - - - - -
from : "" michael rushmore "" @ enron
sent : monday , april 23 , 2001 11 : 01 am
to : fastow , andrew s .
cc : sunil hirani ; dik blewitt
subject : creditex , loanx , enron introductions
hello andy .
it ' s been a long time since we talked , but i trust that things are well with
you and lea .
the reason for my email is that my business partners sunil hirani and dik
blewitt are going to be in houston visiting with ken lay at 10 : 30 a . m . on
wednesday . i think that you would find their business ( trading credit risk )
to be of interest , and i know they would like to meet you .
would you have any time on your calendar for lunch or for an introduction
during the afternoon ?
briefly , sunil is the co - founder of creditex , a the credit derivatives
trading platform that the market has adopted as the e - market for credit
derivatives . dik is chief strategic officer of creditex .
my relationship with dik and sunil comes from our shared interest in trading
syndicated loans . creditex and i have co - founded loanx , inc . , to do for the
loan market what creditex has done for the credit derivatives market .
sorry for the out - of - the blue email , but i look forward to catching up with
you in the future .
i ' ve copied sunil and dik to facilitate any schedule coordination that might
be possible .
my best to lea .
mike
michael . rushmore @ loanx . com
312 - 282 - 7777 ( cell )
loanx , inc .
125 s . wacker ste 1150
chicago , il 60606",ham,2001-04-24
27621,"localized software , all languages available .","hello , we would like to offer localized software versions ( german , french , spanish , uk , and many others ) .
aii listed software is availabie for immediate downioad !
no need to wait 2 - 3 week for cd deiivery !
just few exampies :
- norton internet security pro 2005 - $ 29 . 95
- windows xp professionai with sp 2 fuil version - $ 59 . 95
- corel draw graphics suite 12 - $ 49 . 95
- dreamweaver mx 2004 ( homesite 5 . 5 including ) - $ 39 . 95
- macromedia studio mx 2004 - $ 119 . 95
just browse our site and find any software you need in your native ianquage !
best reqards ,
fredericka
",spam,2005-07-21
31774,system update alert - january 18 th,"half prlce spec ! al
bundle 1 :
wlndows x , p pro + office x . p pro only 8 o $
brand new lega | software at affordable prlces
bundle 2 :
macromedia dreamwaver mx 2 oo 4 + flash mx 20 o 4 - loo dollars
home computer sale
bundle 3 :
adobe photoshop 7 , premiere 7 , 1 | | ustrator lo - 120 dollars
o * r ' d , e . r now
the offer is valid unt ! | | february 10 th
stock is lim ! ted
see you
theron hughes
sexologist
diatech , jesi , 60035 , italy , italy
phone : 115 - 172 - 8962
mobile : 938 - 411 - 4771
email : klhewlun @ flytecrew . com
this message is for confirmation
this download is a 24 decade definite freeware
notes :
the contents of this information is for your exclusive use and should not be postorder tingle
letterman request medford
time : sat , 12 feb 2005 21 : 22 : 46 - 0800",spam,2005-02-12
26479,econommize more,"hello , welcome to pharm attach online sh ampoule op
- one of the leading oniine pharmaceutical durability shops
felloe v
impregnated g
a coloration l
airshed ll
obliquity la
thingamy ra headstone cl
rocketry is bombed va
impugnable um
andmanyother .
- save over disparate 50 %
- worldwide companionway shlpplng
- total confidenti solder aiity
- over 5 miiiion customers i relational n 130 countries
hav atlantic e a nice day !",spam,2005-07-04
24744,web pages load 300 % faster without cable or dsl,"web pages load 300 % faster !
named online software product of the year
by agi consultants
free 7 - day trial
unique software solution opens
private high speed network -
no cable or dsl connection required !
you ' ll be amazed !
* keep your internet
provider !
* perfect for pc ' s , and
laptops !
* keep your dial - up
modem !
* read testimonials !
free 7 - day trial ! click for 1 - min . download
learn how to get it free permanently !
speed up email too !
"" i was going to sign up for cable modem service , but they
want $ 50 per month , plus i had to pay $ 120 for thecable modem . then
i had to paya guy to hook it all up . you guys rule ! ! ! ""
( roger s . fromteaneck , nj . )
"" nice job guys ! ! ! your software file
size is small , the download was quick and i can see a noticeable improvement
in access speed . i am recommending it to all of our clients . ""
( computers are easy to use - raj patel )
your
email address was obtained from a purchased list , reference # 172 - 54 a .
if you wish to unsubscribe from this list , please click
here . all unsubscribe requests are honored .
http : / / xent . com / mailman / listinfo / fork",spam,2002-08-08
25653,are you ready to get it ?,"hello !
viagra is the # 1 med to struggle with mens ' erectile dysfunction .
like one jokes sais , it is stronq enough for a man , but made for a woman ; - )
orderinq viaqra oniine is a very convinient , fast and secure way !
miilions of peopie do it daily to save their privacy and money
order here . . .
",spam,2005-06-26
11326,selden has asked for a copy of all our cv ' s .,"i don ' t want to give them anything more than a 5 - 8 line bio . do you have anything prepared ?
- r
n . b . spoke with koenig and we ' ll be chatting with palmer tomorrow . koenig said he ' ll try and make it , but also thinks palmer should be involved because of the fortune angle . will fill you in later tomorrow .",ham,2001-03-28
29696,vãlium and x . anax forless,"sa ; ve 7 _ 0 % ord . ering onl / ine to ` day !
vi ! sit our site and sa ! ve big
quo romeo loquacity kenney beauteous cleave embarrass liverwort nectarine human bologna thereat andy inhabitation perihelion pout flexural lichen affluence expulsion carl boule protoplasmic propound vouchsafe embargo rent edison carr navy chin monica acquiesce consist supersede nugatory g ' s vagina vacuole juanita pledge dual sputnik digestive friction emancipate bedtime cask port mueller beret huber calcify hadley campsite jet copy burial tenderfoot countryside knickerbocker boorish crystallite antelope amelia arbiter basel bespeak grub chalkline doppler binocular triplex nauseate thunderstorm blink censorious exploitation adoptive galvanometer hush carburetor sabbatical acetone talcum aphasic churchill bismarck deer fungal consider fine guidepost dakar heterostructure allegheny bebop pyrolyse decca lily despite afterlife bunkmate apostle ghana arachne commonplace mud sylvia careful organdy mycenaean arboreal dependent sausage opossum objector media mario aster jacqueline deletion oval there ' d catsup holdover midwives degrade citric comfort coquina norwich optimistic belly salivary earthshaking zilch racial losable muskrat slingshot midland alert remainder settle coextensive radices beloit clothe colossi mit clyde boggy
removemeplease
",spam,2004-09-17
4375,get your college degree online !,,spam,2004-10-14
10134,entrust your visual identity to us,"thinking of breathing new life into your business ?
start from revamping its front - endlogo and
visualidentity .
we offer creative custom design of iogos ,
stationery and web - sites . under our carefui hand thesepowerfui marketing
toois wili bring a breath of fresh air into your business and make you stand out
amongthe competitors .
you are just a ciick
away from your future success . click here to see the samples of our artwork ,
checkour prices and hot offers .
_ _ _ _ _ _ _ _ _ _ _ _ _ _ _ _ _ _ _ _ _ _ _ _ _ _ _ _ _ _ _ _ _ _ _ _ _ _ _ _ _ _ _ _ _ _ _ _ _ _ _ _ not interested . . . _ _ _ _ _ _ _ _ _ _ _ _ _ _ _ _ _ _ _ _ _ _ _ _ _ _ _ _ _ _ _ _ _ _ _ _ _ _ _ _ _ _ _ _ _ _ _ _ _ _ _ _",spam,2005-06-24
30161,re : ± ä ± Þ . . þ ¬ ¶ ô Þù ¶ ø ´ ï ´ ù . . mga t vcelotbbcpmcy,"ugjtbolgrd
lpskxzinq srr
lxkbjtj
vhzll tf fzxpcdc
hqhj
ffv aihme",spam,2004-10-27
2034,"enron / hpl actuals for november 13 , 2000","teco tap 120 . 000 / hpl gas daily
ls hpl lsk ic 30 . 000 / enron",ham,2000-11-14
13818,entergy - koch,"guys , i have just been told that pursuant to the terms of our agreement with entergy - koch we are obliged to provide them with a letter of credit ( to replace an existing one which expires ) for ? 20 m today ( by midnight ) or we will be in default - giving them the right to close out . i understand that it is not possible to provide an lc so we will need to cash collateralise them . we will either need to give them $ today or ? tommorrow ( when we will technically be in default , but they seem to be fairly relaxed ) . can you let me know how you would prefer to manage this asap . louise / ray , john or i will give you a call when you get in .
thanks
michael",ham,2001-11-07
952,"hpl nom for june 13 , 2000","( see attached file : hplo 613 . xls )
- hplo 613 . xls",ham,2000-06-12
22353,it works fine cialis valllum vlaggra,"hello , welcome to gigapharm online shoop .
prescripti
ugsorder
inecan
y !
ondr
edonl
saveyoumone
in some cases you can
% on theco
iptionmedi
save up to 70
st of yourprescr
cation .
thousands of our customers aiready enjoy these savings .
check out oour prlces .
have a nice day .",spam,2005-07-30
26126,claim your free $ 1000 home depot gift card .,"claim your home depot gift card - a $ 1000 value . were sure you can find a use for this gift card in your area . ( ) .
by exclusiverewards
dbdbkewi",spam,2005-06-30
25452,breathtaking image for your company now,"working on your company ' s image ? start with a
visual identity a key to the first good impression . we are here to
help you ! we ' ll take part in buiiding a positive visuai image
of your company by creating an outstandinq logo , presentable stationery
items and professionai website . these marketing toois wili siqnificantiy
contributeto success of your business . take a look at our work sampies , hot deal packaqes and
see what we have to offer . we work for you !
_ _ _ _ _ _ _ _ _ _ _ _ _ _ _ _ _ _ _ _ _ _ _ _ _ _ _ _ _ _ _ _ _ _ _ _ _ _ _ _ _ _ _ _ _ _ _ _ _ _ _ not interested . . . _ _ _ _ _ _ _ _ _ _ _ _ _ _ _ _ _ _ _ _ _ _ _ _ _ _ _ _ _ _ _ _ _ _ _ _ _ _ _ _ _ _ _ _ _ _ _ _ _ _ _",spam,2005-06-24
13781,"enrononline weekly public report for november 02 , 2001","the information contained in the weekly public report can be communicated to audiences outside the company and should be used to ensure that we present a consistent message to the public . please ensure that this email is distributed to anyone in your group who needs to discuss enrononline with individuals outside the company .
this report is not intended to be used as a stand - alone presentation , nor that all the information be used in a single presentation or customer communication .
total life to date transactions > 1 , 600 , 000
average daily transactions > 5 , 500
life to date notional value of transactions > $ 900 billion
daily notional value approximately $ 2 . 5 billion
number of products offered : approximately 2 , 100
number of currencies traded in = 15
enrononline version 1 . 0 launch date : november 29 , 1999
enrononline version 2 . 0 launch date : september 18 , 2000
due to size constraints on the outlook system , the public report will no longer be distributed .
a complete copy of the report can now be accessed directly through the enrononline intranet site at http : / / eolinfo . enron . com .
in order to access this report , click on the link above . once there , follow the link entitled "" reports "" and then select the "" public reports "" tab . a dropdown menu will appear with a list of the various public reports available for viewing . .
we look forward to your feedback and comments . if you have any questions or experience any difficulties accessing your reports through the intranet site , please feel free to contact either bryan deluca at x 36161 or fraisy george at x 35424 .",ham,2001-11-05
28924,"tw weekly report for october 26 , 2001","attached is the tw weekly report for october 26 , 2001 . if you have any questions , please let me know .
jan moore
713 - 345 - 3858",ham,2001-10-26
8227,re : petronas benchmarking visit,"khairuddin ,
thanks for your message . the fax has been sent .
vince
khairuddinbmjaafar @ petronas . com . my on 01 / 17 / 2001 01 : 50 : 36 am
please respond to khairuddin _ mjaafar @ petronas . com . my
to : vkamins @ ect . enron . com
cc : azminab @ petronas . com . my
subject : petronas benchmarking visit
dear mr . kaminski ,
pertaining to our visit to your kind company in february , we are required
to obtain visas for the trip . to apply for the visas , the embassy requires
a letter from the us company confirming our meeting or visit . we would
really be grateful if you can fax us a confirmation letter so that we can
proceed with our visa application . please fax the letter to :
mr . nur azmin abu bakar
head , risk assessment and control
corporate risk management unit ,
corporate planning and development division
level 71 , tower 1 , petronas twin towers ,
kuala lumpur city centre ,
50088 kuala lumpur ,
malaysia
fax : ( 603 ) 2051 - 3252
your speedy reply is greatly appreciated .
thank you and regards ,
khairuddin .
disclaimer : this e - mail and any files transmitted with it ( "" message "" )
is intended only for the use of the recipient ( s ) named above and may
contain confidential information . you are hereby notified that the
taking of any action in reliance upon , or any review , retransmission ,
dissemination , distribution , printing or copying of this message or any
part thereof by anyone other than the intended recipient ( s ) is strictly
prohibited . if you have received this message in error , you should
delete this message immediately and advise the sender by return e - mail .
opinions , conclusions and other information in this message that do not
relate to the official business of petronas or its group of companies
shall be understood as neither given nor endorsed by petronas or any of
the companies within the group .
( embedded image moved to file : pico 5415 . pcx )
- pico 5415 . pcx",ham,2001-01-17
22764,meetings,"guys , currently we have two meetings a week between the business unit heads
to discuss deal flow and communicate issues and opportunties - the monday
morning meeting and the friday managing director meeting . i would suggest
that we eliminate both these meetings . i would propose that we replace them
with a single friday afternoon meeting from 2 : 30 pm to 4 : 00 pm . the business
unit heads identified above would be invited . at this meeting , i would
expect less of a reporting focus and employ a more candid and detailed
discussion of opportunities , problems and issues between the "" partners "" in
this company . it would include ( i ) a review of current dash ' s , ( ii ) a more
detailed discussion around the opportunities identified on the "" hot sheet "" ,
( iii ) a more candid discussion around the p & l and tactics required to meet
overall financial targets and ( iv ) provide a forum to provide input into and
communicate business strategies between the business units . in other words ,
employ the goals of the friday managing director meeting with all the
business unit leaders represented .
given the religious holidays this week , there will be no meeting this
friday . i would suggest that we have a regular monday morning meeting next
monday and we will start this new forum a week from this friday . this
meeting would be held in 30 cl and monterrey , calgary and portland should be
connected via video conference . in order for this to work and be effective ,
the business unit heads need to be available and participate actively in the
discussion .
if you have questions , comments or concerns do not hesitate to let me know .
regards
delainey",ham,2000-04-18
14709,power gtc,"louise :
attached please find the gtcs for power ( with and without credit ) . please note that we are actually using the eei master agreement as the on - line contract , as opposed to the traditional gtcs . we were actually in the process of making this transition on eol this fall , and kevin presto and tim belden have endorsed netco ' s use of the eei on - line .
please let me know if you have any questions or comments .
leslie",ham,2002-01-10
1448,"hpl nom for august 24 , 2000","( see attached file : hplo 824 . xls )
- hplo 824 . xls",ham,2000-08-23
13991,fw : enron corp 2001 third quarter form 10 - q draft,"next draft of 10 q .
ray
- - - - - original message - - - - -
from : gray , dortha
sent : fri 11 / 16 / 2001 7 : 24 pm
to : koenig , mark ; causey , richard ; rogers , rex ; bowen jr . , raymond ; mcmahon , jeffrey ; schnapper , barry ; ' david . b . duncan @ us . arthurandersen . com ' ; ' christopher . j . herbold @ us . arthurandersen . com ' ; ' d . stephen . goddard . jr @ us . arthurandersen . com ' ; ' charrington @ velaw . com ' ; ' greg . danilow @ weil . com ' ; ' cathy . dixon @ weil . com '
cc : westbrook , sharron ; johnson , jan ; peng , gary ; castleman , kent ; butts , bob
subject : enron corp 2001 third quarter form 10 - q draft
attached is a marked and unmarked draft of the enron 2001 third quarter form 10 - q . please review this draft and fax your comments to kent castleman at 713 - 646 - 8409 by 2 : 00 pm saturday , november 17 .
> >",ham,2001-11-16
16926,epe lending - 7 / 26,"we ' re going short again - 50 mw - in a lending agreement with el paso for thursday . as we ' ve done the past three days , please reduce the purchase from el paso ( 702181 ) to $ 4 after purchasing elsewhere in the market ( adjust price accordingly if you buy from el paso ) . then sell back to el paso at a zero price . details are as follows . . . . .
702181 - stwbom buys epe
pv / hlh
25 mw @ $ 69
702184 - stwbom sells stsw
pv / hlh
25 mw @ $ 69
702194 - stsw buys epe
pv / hlh
25 mw @ $ 69
if this makes no sense , ask bill or me or a colleague of superior intelligence for clarification .
thanks ,
kate",ham,2001-07-25
23845,"dpr - what it consists of , where it is going","i would like you to join me in discussing the dpr , this thursday at 9 : 30 am .
topics i would like to discuss are :
what is currently reported in the dpr ( accrual vs mtm )
company / location groups - what we are currently not capturing
relationship with the risk policy
economic vs earnings risk - what should be captured
i strongly encourage you to attend as your input will be very valuable in
helping us determine how we should go forward . please let pamela sonnier
( x 37531 ) know whether you can attend or not .
thanks
shona",ham,2001-02-20
28916,tw eols,here ' s the latest . . .,ham,2001-10-25
27016,winning approval ! ! !,"free lottocalle mendoza 23 ,
28173 madrid - spain . ( spain branch )
dear roberta _ camille ,
we are please to announce you as one of the 10 lucky winners in the freelotto
draw held this month of july . all 10 winning addresses were randomly selected
from a batch of 50 , 000 , 000 international emails . your email address emerged
alongside 9 others as category 2 winners in this year ' s annual freelotto draw .
consequently , you have therefore been approved for a total pay out of
1 , 500 , 000 . 00 ( one million five hundred euros ) only . the following
particulars are attached to your lotto payment order
( i ) payment number : fl / 01 / 655372592 / es ( ii ) email ticket
number : fl 924 / 33 / 56 ( iii ) lotto code numberflo 8562 es ( iv ) winning
numbers : 23 - 13 - 39 - 80 - 57 - 01
please contact the under listed claims officer via email mailto : rebeccarangler 5 @ walla . com
as soon as possible for the immediate release of your winnings
dr . rebecca ranglerchief financial director the free company freelotto @ walla . com
winners are advice to keep this award confidential until prize are
claimed to avert incidence of impersonation by unscrupulous elements
once again on behalf of all our staff
congratulations ! ! !
sincerely , mrs laura redondopromotions manager the free
company
the freelotto awards is proudly sponsored by a conglomerate of international
it companies . the freelotto internet draw is held once in a year and is so
organized to encourage the use of the internet and computers worldwide . we are
proud to say that over 200 million euros are won annually in more than 150
countries worldwide
we also encourage you to visit our website at www . freelotto . com and take your chance to
play and become part of our daily winners . millions are won on a daily basis on
one of the world _ s most famous free lotto service .
",spam,2005-07-16
11917,ferc hearing available on www . c - span . org,"the ferc hearing has started . you can watch it on :
http : www . c - span . org
for your reference is our note published this a . m .
>
>
raymond c . niles
power / natural gas research
salomon smith barney
( 212 ) 816 - 2807
ray . niles @ ssmb . com
s
- political risk worsens - expect ferc decision today pdf . pdf
- political risk worsens - expect ferc decision today . doc",ham,2001-06-18
5135,hp ink cartridges special,"ink cartridges special
$ 21 . 86
$ 23 . 15
$ 25 . 70
c 6615 d
51645 a
c 6578 d
hp original
c 6615 d black inkjet print cartridge * minimum quantities apply
hp original
51645 a black inkjet print cartridge * minimum quantities apply
hp original
c 6578 d tri - colour inkjet print
cartridge * minimum quantities
apply
visit : http : / www . computron - me . com for deals !
your one stop / office # td
01 , jebel ali duty free zonedubai , uae . www . computron - me . com
for latest clearance sale listing contact our
sales department .
for further details please send
your enquiries to : dealers @ emirates . net . aeor contact via www . computron - me . com
compaq
hewlett packard
3 com
dell
intel
iomega
epson
aopen
creative
toshiba
apc
cisco
us
robotics
microsoft
canon
intellinet
targus
viewsonic
ibm
sony
- - - - - - - and lots more
! ! !
if you have any
complaints / suggestions contact : customerservice @ computron - me . com
tel + 971 4
8834464
all prices in u . s . dollars , ex - works ,
fax + 971 4
8834454
jebel ali duty free zone
www . computron - me . com
prices and availability subject to change
usa -
canada u . a . e .
without
notice .
to receive our special offers
in plain
text format reply to this
mail with the request * for
export only *
this
email can not be considered spam as long as we include : contact
information remove instructions . this message is intended for dealer
and resellers only . if you have somehow gotten on this list in error , or
for any other reason would like to be removed , please reply with "" remove
"" in the subject line of your message . this message is being sent to you
in compliance with the federal legislation for commercial e - mail
( h . r . 4176 - section 101 paragraph ( e ) ( 1 ) ( a ) and bill s . 1618 title iii
passed by the 105 th u . s . congress .
all logos and
trademarks are the property of their respective ownershp only for
sale in the middle east
products may not be exactly as shown
above
- -
to unsubscribe from : computron 7 , just follow this link :
click the link , or copy and paste the address into your browser .",spam,2005-08-23
9038,re : enl - dailyupdate - txt,"you have been subscribed to enl - dailyupdate - txt with the email address
"" vkamins @ enron . com ""
to unsubscribe , send a blank email to
",ham,2001-04-12
29345,cortislim - as seen on tv,"is
daily stress making you fat ? according to dr . shawn talbott ,
a nutritional biochemist and adjunct professor at the university
of utah , the answer is yes ! "" daily stress work ,
relationships , bills , traffic ( even dieting ) triggers
a hormonal release that signals the body to store fat , ""
he says . "" i formulated cortislim to
help control this fat - storing hormone . ""
leena inc . 30631 san antonio st . hayward , ca 94544
",spam,2004-08-13
26548,save your money buy getting this thing here,"you have not tried cialls yet ?
than you cannot even imagine what it is like to be a real man in bed !
the thing is that a great errrectlon is provided for you exactiy when you want .
cialis has a lot of advantages over viaqra
- the effect lasts 36 hours !
- you are ready to start within just 10 minutes !
- you can mix it with alcohol ! we ship to any country !
get it riqht now ! .
",spam,2005-07-05
11544,immigration update,"louise and marcus ,
we ' re still in the waiting period with the green card process .
i confirmed that louise can elect to participate in the domestic health plan . this will allow participation in the prescription drug program and a network option with co - payments , rather than turning in all receipts for reimbursement . as we discussed , you do not want any changes until after the baby is born . let me know when you would like to get together to discuss the advantages / disadvantages of switching to the domestic plan .
pwc sent over a draft of their deferred compensation scheme today . i have forwarded to the compensation team for review and comment .
try to send over a copy of louise ' s new social security card this week . also , we would like to follow up on your unreimbursed medical claims .
regards ,",ham,2001-04-20
10305,re [ 15 ] :,i ' ll give you . . microsoft xbox love stories go ahead . men u . s . postal service,spam,2005-06-29
26875,small - cap stoxs can mean gains for you,"* * * * watch this one july 15 - 21 as we know many of you like momentum * * * * * * * * *
breaking news alert issue - - - big news
strong buy alert issued at market close
china world trade corp . symbol : cwtd
current price : $ 2 . 47
7 day target : $ 7 . 00
look for huge news this company back on the move . rumor has the
shorts are going to be broken and stock will run . cwtd website address is
www . chinawtc . com all company info is there . this stock has had good
movement and support the last 15 months it is a strong company growing
in leaps and bounds .
company has been profiled on cnn asia , forbes . com , bloomberg . com , ceo
cast . com , businessweek . com , p . r . newswire , pennystock weekly . com , yahoo
finance has reports for sale . how much more credibility do you need .
amex exchange listing waits in the wings . this is big ! ! ! ! ! ! company filed
for amex 10 months ago and is finally ready to go up based on the 10 k .
symbol cwtd
join in and squezze the shorts : cwtd
take a look at our last strong buy recomendaton we gave you cdgt july 12 th
at $ 3 . 10 and now its $ 3 . 55
get in cwtd while it ' s hot
disclaimer :
information within this email contains "" forwardlooking statements "" within
the meaning of section 27 aof the securities act of 1933 and section 21 b of
thesecurities exchange act of 1934 . any statements that express or involve
discussions with respect to predictions , expectations , beliefs ,
plans , projections , objectives , goals , assumptions or future events or
performance are not statements of historical fact and may be "" forward
looking statements . "" forwardlooking statements are based on
expectations , estimates and projections at the time the statements are made
that involve a number of risks and uncertainties which could cause actual
results or events to differ materially from those presently anticipated .
forward looking statements in this action may be identified through the use
of words such as "" projects "" , "" foresee "" , "" expects "" , "" will , "" "" anticipates , ""
"" estimates , "" "" believes , "" understands "" or that by statements indicating
certain actions "" may , "" "" could , "" or "" might "" occur . risk factors include
general economic and business conditions , the ability to acquire and develop
specific projects , the ability to fund operations and changes in consumer
and business consumption habits and other factors overwhich the company has
little or no control . the publisher of this newsletter does not represent
that the information contained in this message states all material facts or
does not omit a material fact necessary to make the statements therein not
misleading . all information provided within this email pertaining to
investing , stocks , securities must be understood as information provided and
not investment advice . the publisher of this newsletter advises all readers
and subscribers to seek advice from a registered professional securities
representative before deciding to trade in stocks featured within this
email . none of the material within this report shall be construed as any
kind of investment advice or solicitation . many of these companies are on
the verge of bankruptcy . you can lose all your money by investing in this
stock . we urge you to read the company ' s sec filings now , before you invest .
the publisher of this newsletter is not a registered invstment advisor .
subscribers should not view information herein as legal , tax , accounting or
investment advice . in compliance with the securitiesact of 1933 , section
17 ( b ) , the publisher of this newsletter is contracted to receive six hundred
thousand free trading shares from a third party , not an officer , director or
affiliate shareholder for the circulation of this report . be aware of an
inherent conflict of interest resulting from such compensation due to the
fact that this is a paid advertisement and is not without bias . the party
that paid us has a position in the stock they will sell at anytime without
notice . this could have a negative impact on the price of the stock , causing
you to lose money . all factual information in this report was gathered from
public sources , including but not limited to sec filings , company websites
and company press releases . the publisher of this newsletter believes this
informationto be eliable but can make no guarantee as to its accuracy or
completeness . use of the material within this email constitutes your
acceptance of these terms .",spam,2005-07-14
23021,yesterday ' s power outage,"as you are painfully aware , we had a power outage wednesday morning in the
enron building . this outage was caused by localized structural failure of
the raised floor in our 34 th floor data center . this resulted in disruption
to the power distribution system servicing the phone switch and a number of
ena servers .
as a cautionary move , enron online was interrupted while the extent of the
failure was assessed , resulting in the system being unavailable from 11 : 23 to
11 : 39 . all enron building telephones and voicemail were unavailable for
approximately one hour and 20 minutes and certain ena trading systems were
unavailable for over two hours . during this time the power was stabilized
and systems were restored . immediate steps are being taken to correct this
problem .
we apologize for this inconvenience .
if you have any questions in regard to this outage , please call philippe bibi
at x 37698 or bill donovan at x 35459",ham,2000-06-28
4534,quality meds at discount prices,"muscle relaxants , allergies , sleeping disorders , men ' s health , pain relief ,
wt loss , depression - anxiety and quit smoking drugs at low pricing are
available through our internet store .
a wide selection for your medical needs
deal on meds with rx at no charrge to you
appointment far away if only you are with us
just try this and pay less on meds
i find a lot of things in site with no need to pay , like consultation or
prescription . your guys get one more loyal customer from now on . - - your
loyal
episode of american history . we ' ve created the game with the belief that
oswald was the only personenough , she went out and bought everyone a real
present . i was crazy that year , she says .
to excess : you get each of your kids ( or parents or siblings ) an equal
distribution of presents . exceptmurr 0 mcbean 8 angrier lagroceriadunn
",spam,2004-12-05
17873,start date : 1 / 25 / 02 ; hourahead hour : 22 ;,"start date : 1 / 25 / 02 ; hourahead hour : 22 ; no ancillary schedules awarded . no variances detected .
log messages :
parsing file - - > > o : \ portland \ westdesk \ california scheduling \ iso final schedules \ 2002012522 . txt",ham,2002-01-25
16305,re : exccellent news,"hello , do yowait ! blood bade him , interrupting , and he set a restraining handu need to spend iess on your druggs ?
who pressed about , shook off his weariness and the two tearful auntssave over 70 % with
pharrmacybybut they were fated to misunderstand each other . mail shop
vlagthe captain came in , assured and very dignified . m . de rivarolra vallfast , with an ominous list to larboard , and it could be no moreum least , it ' s a trade i followed for ten years . it brought me no greatclalls levbaynes checked in his stride , and swung round writhing , his faceltra and many other .
with eacplantations as a slave . h purchase you get :
tophoarse . quaiity
bethe captain was taken aback by these three words , which mr . bloodst prlces
total to say whether he was guilty or not guilty . he answeredty
home dthat they were unsteady . the satisfaction of a mariner . eiivery",spam,2005-06-03
20924,"re : ahh , yes ! . . . yes ,","sun , 09 jan 2005 03 : 49 : 18 - 0600
sir :
we have had trouble getting a hold of you by phone . as we promised , your
morttgage app was apprroved with 3 . 9 %
please correct your info here , so we can start
http : / / www . resfn . com /
thank you
larry d . coates
rnlun
",spam,2005-01-09
1398,calpine daily gas nomination,">
ricky a . archer
fuel supply
700 louisiana , suite 2700
houston , texas 77002
713 - 830 - 8659 direct
713 - 830 - 8722 fax
- calpine daily gas nomination 1 . doc",ham,2000-08-15
6948,phil roan,"phil roan of koch ' s weather group has accepted a position with reliant
working for their power desk . he starts in a week . we tried to get him to
reconsider , but he said that he was already committed .",ham,2000-08-30
5070,re : gtsak,"iko http : / / szeb . loweredrates 4 u . com / 4 / index / apb / vhu
",spam,2005-07-10
26534,save your money by getting an oem software !,"need in software for your pc ? just visit our site , we might have what you need . . .
best regards ,
jenee
",spam,2005-07-05
28704,fw : new account application,"- - - - - original message - - - - -
from : avon , michele
sent : friday , july 13 , 2001 10 : 47 am
to : ' mambers @ enbc . com '
subject : new account application
this will provide the information required to open a corporate account
with tiffany & co . please complete the attached form and fax it
directly to our corporate credit services department at ( 973 ) 254 - 7547
for processing .
we suggest that you contact your bank to advise them of your
application , as this will expedite their response to our request for
references .
thank you for your interest in tiffany & co . corporate sales . we look
forward to working with you on your business gift and award needs .
should you have any questions , i can be reached at ( 800 ) 770 - 0080 ,
select option 1 .
>
michele g . avon
business development representative
tiffany & co .
phone : ( 800 ) 770 - 0080 xl
fax : ( 212 ) 230 - 6245
to place an order call ( 800 ) 770 - 0080",ham,2001-07-19
33083,extra time,"did you ejaculate before or within a few minutes of penetration ?
then you must order extra - time now ! . . . here ' s why : extra - time is the only male sexual performance formula that , not only stops premature ejaculation , but actually "" cures "" it . extra - time is the only product that allows "" you "" to control when you ejaculate .
since 1997 , extra - time has been ranked # 1 for a very good reason . . . "" it works "" ! if you normally ejaculate within a few minutes of penetration , then you must order extra - time . you ' ll last 5 to 10 minutes longer , the very first night . . . . . guaranteed !
if you ' ve tried other products and failed , then you must try extra - time ! extra - time is ranked # 1 for a very good reason . . . it works !
http : / / zigzagging . net / et / ? aa",spam,2005-06-06
14637,restart plan and employee briefing documents - drafts,"louise
david has asked me to prepare the following
1 ) restart plan - as per your request
.
2 ) employee briefing - pre deal execution communication - knowing as much as we know now and speculating to a certain extent on how some of the benefits / terms etc will be treated . this needs work on the business overview and business outlook but i see this as a "" pre offer "" sales pitch to employees to be followed up with another one the purchaser is known and then with the actual offer itself
both are drafts
neil",ham,2002-01-07
30401,you ' ve been selected !,"bowline dreamshove tobago cacophonistlisa
aflame sideshowsoften militant quezonmedicate
mockery cockleburswishy wrongdo
gascony snoutulcerate crimp crumpsalient
bottom carboloycytolysis",spam,2004-11-13
27608,your friends will envy you,"my girlfriend loves the results , but she doesn ' t know what i do . she
thinks
it ' s natural - thomas , ca
i ' ve been using your product for 4 months now . i ' ve increased my
length from 2
to nearly 6 . your product has saved my sex life . - matt , fl
pleasure your partner every time with a bigger , longer , stronger unit
realistic gains quickly
to be a stud press
here
rob may have read of these things in fairy tales and books of travel ,
but if so they had entirely slipped his mind ; so he slumbered peacefully and
actually snored a little , i believe , towards morning
no , then the link and
address above
but dorothy sprang up and ran to seize her friend ' s hand drawing him
impulsively toward the lovely princess , who smiled most graciously upon her
guestthen the wizard entered , and his presence relieved the boy ' s
embarrassment but even as the red sun peeped curiously over the horizon he
was awakened by a most unusual disturbance - - a succession of hoarse screams
and a pounding of the air as from the quickly revolving blades of some huge
windmill
he rubbed his eyes and looked around
",spam,2005-07-21
9378,position report for dual trigger product,"vince ,
i have enclosed a summary of our proposed approach on calculation of notional
and the greeks for dual trigger option portfolio . please let us know your
thoughts / comments .
amitava",ham,2001-05-02
775,re : cannon interest may 2000 purchase,"hi daren ,
i received an email from kenny soignet to make sure everything was in the
system for me to pay cannon on friday , 5 / 19 / 00 .
the deal # is 257141 . i see that the volume has not been scheduled , so
therefore it is not pulling into unify for me to pay .
are you the person that will be able to schedule the volume in order for me
to pull up this deal ?
( i see that in sitara that the deal is set for 5 / 00 production , does that
matter ? )
thanks , stephanie ( 3 - 6004 )
- - - - - - - - - - - - - - - - - - - - - - forwarded by stephanie gomes / hou / ect on 05 / 17 / 2000
02 : 06 pm - - - - - - - - - - - - - - - - - - - - - - - - - - -
enron capital management
from : david baumbach 05 / 17 / 2000 01 : 50 pm
to : stephanie gomes / hou / ect @ ect
cc :
subject : re : cannon interest may 2000 purchase
the purchase from cannon is on sitara deal # 257141 and the sale to cpr
storage is on sitara deal # 257144 .
dave",ham,2000-05-17
29462,barb 250 gain expected on vcsc tomorrow 2 ber,"entangle
don ' t miss this great investment issue ! vcsc is another
hot public traded company that is set to soar on all week !
vcsc announce huge news - vocalscape signs letter of
intent to acquire 100 % of ntelx , inc .
company released fantastic news and it is expected that the
demand is so high that vcsc stock price goes to 50 - 60 cents
by the end of the week !
big pr campaign starting immediately - stock will explode
- just read the news - millions of people will receive the
positive news and pr information about vcsc during the
weekend : )
ticker : vcsc . pk
price = . 24
next = 3 = days = potential = price : . 71
next = 10 = days = potential = price : . 95
get on board with vcsc and enjoy some incredible profits
in the next 3 - 10 days ! ( 2 _ jlax 1 lwj 8
- - - - - - - - - - - - - company information - - - - - - - - - - - - - - - - - - - - - - - - -
about vocalscape , inc .
vocalscape , inc . is an emerging developer of interactive
communication software . the company has created software
and interactive solutions revolving around global
communications and data voice convergence . vocalscape
focuses on adding to customer ' s website and customer
support centers by integrating website solutions that
enable real human assistance , live interaction services
such as instant messaging , voice over the internet ( voip )
and interactive desktop solutions sharing solutions .
katonah , n . y . , aug 20 , 2004 / prnewswire - firstcall via
comtex / - - vocalscape , inc . ( pink sheets : vcsc . pk )
announced today that is has executed a letter of intent
to acquire 100 % of ntelx , inc .
mr . ron mcintyre , president of vocalscape commented , "" we
are very excited about acquiring ntelx . unlike dedicated
long distance carriers , ntelx has been building network
hubs using their modern ' soft - switch ' technology , allowing
customers to access multiple backbone providers . this
technology allows ntelx to build their business without
incurring debt payments that have crushed other providers
in the telecommunications industry . ""
ntelx , inc . is a private ohio based corporation that is
an emerging provider of voice over the internet ( voip )
traffic management for international and united states
domestic carrier markets . further , the company develops
reliable and cost - effective voice routes to destinations
all over the world for customers . the company is developing
distribution plans for offering long distance services
directly to the united states business market utilizing
the latest voip access technologies . the owners of ntelx
are mr . james k . leedy , sr . and mr . ronald m . kellogg .
they have combined experience over forty five ( 45 ) years
in the consumer goods , technology markets and
telecommunications industry . their previous company
intergrated communication solutions , inc . ; a
telecommunications provider had revenue exceeding
$ 19 , 700 , 000 in 2003
ticker = : vcsc . pk .
price = : . 24
next = 3 = days = potential = price : . 71
next = 10 = days = potential = price : . 95
get on board with vcsc and enjoy some incredible profits
in the next 3 - 10 days , get it immediately ! communication
in , forma . tion with . in this e . mail contains "" fo , rward
look , ing sta , tements "" wi . thin the mea . ning of sec . tion
2 . 7 , a o , f the sec , urities a , ct of 19 . 33 and se . ction 2 . lb
of the se . curities excha . nge a , ct of 19 . 34 . any st . ate
ments that ex . press or inv , olve discussions wi . th
resp . ect to pre . dictions , go , als , exp , ectati . ons ,
be . liefs , pl . ans , proj . ections , ob . jectives , ass . um
ptions or future ev , ents or perfor , mance are no . t
s , tate . ments of histo . rical fact and may be f . or
war . d looking s tat , eme , nts all info . rmation pro , vided
with , in this em . ail pert , aining to in , vesting , s t , ock . s
se c . ur . iti , es must be unde , rst . ood as inf . ormat , ion
pr , ovided a , nd not inv , estment a , dvice . we advi , se a . ll
rea . ders and sub , scri . bers t . o seek ad , vic . e from a
re , g ist . ered pro . fessio . nal secur , it . ies re . prese .
ntative before deci , ding to trade in s . toc . ks featured
within this ema , il . non e of the ma , terial withi n this
report sh , all be con . strued as any k ind of in . vest , ment
advice . pl , ease ha . ve in mind that the int . erpreta . tion
of the writer of this news . let , ter about the ne , ws publi ,
shed by , the co . mpany do . es not re . present the com . pany
offi . cia , l stat , ement and in fa , ct may dif , fer fr , om the
real mea , ning of what t , he news rele . ase me . ant to say .
pl . ease read t . he new . s release by yo , urself and ju , dge
by yo , urself abo , ut the de , tails in it . we do hold
v , cs , c sh . ar , es pri , or to the publ . ication of thi . s
rep . ort b , e awar , e of an inh , erent con , flict of inte ,
rest resu , lting from su , ch ho . ldi , ngs du , e to our
int , ent to pr , of . it fro . m the liquid . ation of the . se
sh . are , s our sh . ar , es may be so . ld , at an . y ti . me ,
even after pos . itive stat . em , ents have been mad , e
re , garding the abov . e co , mpany . pl . ease b . e advi . sed
that nothing wit , hin this ema , il shall c , onsti , tute a
sol , icitat , ion or an off , er t , o bu , y or s , el , l any
se , curi , ty menti , oned herein . this newsl , etter is nei ,
ther a reg , ist , ered inves , tme , nt advis , or nor af , fil
iated wi , th any br , oke , r or deal , er . this , news , lette
r was paid 14 5 0 0 fr , om thi , rd pa , rty to se , nd this
re , port . plea , se do yo , ur own dil , igen , ce before in , v ,
es , ti ng . annoyance puke ordinal fresco
shears poise striate spare queuing",spam,2004-08-25
23458,re : dpr summary,"dear david ,
thanks for your message . to make our request clearer , for the past two weeks
we have put out a preliminary dpr every morning at 8 am our time ( seen by
commercial heads , jeff skilling , ken lay , rac , anyone with access to the
dpr ) . all groups world - wide are able to provide us preliminary figures by 7
am our time for :
positions ,
maturity gap ,
var , and
p & l
this is the information that we would like you to provide as well .
i understand that you have some hurdles to get over to be able to provide us
these figures , and while you keep working to get over these hurdles , we would
be happy if you provide us the information you are currently able to ( i . e . if
you can only provide p & l we ' d like to start with that , if you can only
provide us with one commodities information we would like to have that ) .
please remember that the information we are requesting is preliminary
information . we would expect that there would be some changes between what
you give us at 7 am and the final information you give us by 11 am .
best regards
shona
david a wall @ ect
10 / 27 / 2000 06 : 57 am
to : shona wilson / na / enron @ enron
cc : james new / lon / ect @ ect , chris abel / hou / ect @ ect , sheila foo / lon / ect @ ect ,
michael kass / eu / enron @ enron
subject : dpr summary
shona ,
just to summarise the main thrust of our discussion yesterday :
preliminary p / l due @ lpm local ( 7 pm houston )
as i understand , sally is the sponsor of this project with the goal of
presenting skilling with a dpr by 8 a . m . the following day .
i have asked all mgmrs to assess how we can achieve this . we will discuss
this in meeting early next week .
a major obstacle that we face , is limited it resource to re - engineer and
expedite our processes . this will require buy in of senior mgmt and
commercial business heads to reallocate resources away from current projects .
( james to discuss . )
additionally , there are certain dependencies on depts in houston , which are
prerequisite for dpr completion in london . notably continental power has a
dependency on portcalc it support in houston .
shift work and 16 hour days are more difficult ( not impossible ) to implement
in london as the labour market is very tight and such working conditions
would make enron very uncompetitive as a prospective employer . bear in mind
that we compete directly with all the big investment houses for the best
talent . a decision to use shift ' s would have to be made at the highest level
considering the possible implications on the corporate image . this might
suggest that additional it resource is the only feasible way forward .
i could easily say that we can do the preliminary p / l but i assume that we
wish to retain the qualatitive features of our reporting . therefore i have
tempered my comments to reflect what i believe are real issues that we in
london will have to address . we will get back to you with our proposals . ,
after we have discussed these issues early next week .
same day dpr
this is the long term goal and is such a large project that it would have to
be sponsored at the highest level here in europe .
james to discuss with fernley & mike .
regards ,
dave",ham,2000-10-27
9774,money is available .,"csse
mortgage companies make you wait . . . they demand to interview you . . . they intimidate you . . . and all of that while they decide if they even want to do business with you . . .
we turn the tables on them . . .
now , you ' re in charge
just fill out our simple form and they will have to compete for your business . . .
click here for the form
programs for every credit situation
lenders reply within 24 hrs
borrow up to 125 % of your home ' s value
special programs for self - employed
no income verification programs
click here to save thousands on your mortgage
please know that we do not want to send you information regarding our special offers if you do not wish to receive it . if you would no longer like us to contact you or you feel that you have received this email in error , you may click here to unsubscribe .
wsop
",spam,2002-07-27
1889,el paso imbalance,"el paso is planning on giving the 238 , 000 mmbtus back to hpl at moss bluff .
this is scheduled to start on thursday oct . 26 th . el paso still has not
indicated
the daily volume yet . more details will follow . thanks , pat",ham,2000-10-24
20076,how many times in a night ? ask viagra,"your
place for viiiaaagra , ciiialllis , prrrozzaxcc , , no doccctctorr neeedeed .
gget ouut of fuutture addddds by goiiing heree .
toodles
",spam,2004-10-14
14959,fw : consent letter,"- - - - - original message - - - - -
from : st . clair , carol
sent : thursday , january 31 , 2002 5 : 36 pm
to : taylor , mark e ( legal ) ; sager , elizabeth ; cook , mary ; steffes , james d . ; ' bryan . murtagh @ ubsw . com ' ; daniels , eddy
subject : consent letter
enclosed is a new draft of the consent letter .
carol st . clair
eb 4539
713 - 853 - 3989 ( phone )
713 - 646 - 3393 ( fax )
281 - 382 - 1943 ( cell phone )
8774545506 ( pager )
281 - 890 - 8862 ( home fax )
carol . st . clair @ enron . com",ham,2002-02-01
15573,message subject,"blomberg clemson catalyst act redhead
find your medications without delay !
whatever you need , we have it ! quick and inexpensive !
all medications in one place !
stop receiving promotional material now
lank lyra iliac licensable keep
",spam,2004-12-19
5225,re : happy new year !,"shannon ,
thanks . the same to you .
sorry to have missed your class . i had a very bad case
of flu with some additional complications . i shall be glad to make
a presentation on the same topic on another occasion .
vince
"" shannon burchett "" on 12 / 28 / 99 12 : 15 : 59 pm
please respond to "" shannon burchett ""
to : vince j kaminski / hou / ect @ ect
cc :
subject : happy new year !
vince ,
wishing you a very happy and prosperous new millennium !
happy new year ,
shannon
risk limited corporation
box 612666 dallas , texas 75261 usa tel : 972 . 245 . 8300 fax : 972 . 245 . 8318
www . risklimited . com
- attl . htm",ham,1999-12-30
1275,"enron / hpl actuals for july 26 , 2000","teco tap 30 . 000 / enron ; 90 . 000 / iferc
ls hpl lsk ic 30 . 000 / enron",ham,2000-07-27
23270,eol average deal count as of 09 - 13 - 00,"the following files contain a graphical view of the average deal count per
month by commodity for eol and otc transactions since the launch of
enrononline . this information is for comparitive analysis only . do not
update links when opening these files .
average deal counts for commodities ( excluding global liquids , which displays
monthly totals )
na gas breakout by region ( non - averaged , including volume and notional value )
if you have any questions regarding this breakout , please contact one of the
following :
torrey moorer x 3 - 6218
matt motsinger x 3 - 5221
pete berzins x 5 - 7594
matt
enrononline",ham,2000-09-14
23200,urgent,"the associate and analyst recruiting department will be conducting a number
of two hour workshops to review our recruiting and interview process for the
fall on - campus recruiting effort . critical information regarding our
on - campus interview process , revised evaluation forms and program structure
will be reviewed during these two hours sessions .
it is mandatory that all team members attend these workshops . all team
members must attend in order to articulate and demonstrate the enron
recruiting process . knowing how busy schedules are , we have made
arrangements to present these workshops in two hours sessions for a total of
40 workshops that will run during the last week of august , through the month
of september and end at mid october .
listed below are the dates , location and times for each session . please
select a date and time and e - mail this information to my assistant , dolores
muzzy . we can accommodate 25 participants at a time . dolores will take
dates and times on a first come , first serve basis . we have scheduled enough
sessions to accommodate every member of both the associate and analyst
recruiting teams .
in order to participate in the recruiting process , you must attend one of
these sessions . we will be tracking participation . cpe credits will also be
given for attending this workshop .
schedule :
dates times location
8 / 31 / 00 8 : 00 a . m . - 10 : 00 a . m .
10 : 30 a . m . - 12 : 30 p . m .
12 : 45 p . m . - 2 : 45 p . m .
3 : 00 p . m . - 5 : 00 p . m . eb 560
9 / 1 / 00 8 : 00 a . m . - 10 : 00 a . m .
10 : 30 a . m . - 12 : 30 p . m .
12 : 45 p . m . - 2 : 45 p . m .
3 : 00 p . m . - 5 : 00 p . m . eb 560
9 / 6 / 00 8 : 00 a . m . - 10 : 00 a . m .
10 : 30 a . m . - 12 : 30 p . m .
12 : 45 p . m . - 2 : 45 p . m .
3 : 00 p . m . - 5 : 00 p . m . eb 560
9 / 26 / 00 8 : 00 a . m . - 10 : 00 a . m .
10 : 30 a . m . - 12 : 30 p . m .
12 : 45 p . m . - 2 : 45 p . m .
3 : 00 p . m . - 5 : 00 p . m . eb 560
9 / 29 / 00 8 : 00 a . m . - 10 : 00 a . m .
10 : 30 a . m . - 12 : 30 p . m .
12 : 45 p . m . - 2 : 45 p . m .
3 : 00 p . m . - 5 : 00 p . m . eb 560
10 / 3 / 00 8 : 00 a . m . - 10 : 00 a . m .
10 : 30 a . m . - 12 : 30 p . m .
12 : 45 p . m . - 2 : 45 p . m .
3 : 00 p . m . - 5 : 00 p . m . eb 560
10 / 5 / 00 8 : 00 a . m . - 10 : 00 a . m .
10 : 30 a . m . - 12 : 30 p . m .
12 : 45 p . m . - 2 : 45 p . m .
3 : 00 p . m . - 5 : 00 p . m . eb 560
10 / 10 / 00 8 : 00 a . m . - 10 : 00 a . m .
10 : 30 a . m . - 12 : 30 p . m .
12 : 45 p . m . - 2 : 45 p . m .
3 : 00 p . m . - 5 : 00 p . m . eb 560
10 / 12 / 00 8 : 00 a . m . - 10 : 00 a . m .
10 : 30 a . m . - 12 : 30 p . m .
12 : 45 p . m . - 2 : 45 p . m .
3 : 00 p . m . - 5 : 00 p . m . eb 560
10 / 17 / 00 8 : 00 a . m . - 10 : 00 a . m .
10 : 30 a . m . - 12 : 30 p . m .
12 : 45 p . m . - 2 : 45 p . m .
3 : 00 p . m . - 5 : 00 p . m . eb 560",ham,2000-08-29
5576,h - ib visa application,"chonawee : further to our telephone conversation this morning , i am attaching
a visa questionnaire that i need you to complete and return to me
immediately , together with the documents listed at the bottom of the form .
as explained , i will send everything to our attorney ' s office in the hope
that they can file for the h - ib prior to reaching the cap , but in the event
this does not go through , your h - ib will not be available until october ,
2000 . as your opt does not expire until november 1 , 2000 , we will still have
the opportunity to get you an h - ib before your opt runs out .
please bring these documents to me in eb 3694 .
margaret daffin x 57843",ham,2000-02-22
21340,save a ton on microsoft office,"save your company thousands of dollars when it needs software !
that promotion just got closer . . .
incredible deals on software you need !
free delivery on 10 % more off on orders over $ 200 !
check it out ! !
$ 80 windows xp professional
$ 90 adobe pagemaker 7 . 0
$ 120 microsoft office 2003 professional
$ 60 norton antivirus 2004 professional
$ 90 adobe photoshop 7 . 0
$ 60 red hat linux 7 . 3
$ 80 windows 2000 professional
$ 200 ms windows server 2003 enterprise
$ 90 adobe pagemaker 7 . 0
$ 120 quickbooks 2004
save $ 410 on adobe photoshop !
save $ 800 on macromedia studio mx ! !
check it out ! !
dexter pinkfloyaliens twins basket
asterix masterlhazel alison jkm public gordon dude
benson easter gocougs
nesbitt piscesseptembe moneyl larry
sundance jan bullet
politics sashamoneyl barry love
gordon stormyandre jared charity tango roman public
",spam,2005-02-21
20974,,,spam,2005-01-14
13018,competitive analysis update # 24 - us response to terrorism,"updates below on afghanistan campaign , key issues for energy / financial markets in "" phase two "" of campaign , federal reserve activity , and nuclear plant security .
rj
special forces / low intensity campaign underway
sources agree that the u . s . military operation in afghanistan has begun . indications of special forces activity were strongly signaled when taliban forces shot down a u . s . unmanned aerial vehicle ( uav ) on monday . the uav that was shot down , a predator , has a range of less than 400 miles , suggesting that u . s . special forces are closing in on afghanistan .
special forces units are concentrating on intelligence gathering and targeting key bin ladin installations , as well as attempting to locate bin ladin himself . as defense secretary donald rumsfeld noted yesterday , "" there will not be a d - day as such . "" the afghanistan campaign at least initially will not be like desert storm , where cnn cameras in baghdad hotels offered real - time imagery of u . s . air strikes . the first phases of this war are being fought largely in secret , punctuated intermittently by what little coverage the media can provide . the action in phase one includes night raids , a lot of small - scale special operations reconnaissance and , when necessary , direct contact raids . a large military strike using airpower is also forthcoming , but is unlikely to be reported in real - time .
operational security is tight
defense secretary donald rumsfeld said u . s . military officials will refuse to comment on anything that will endanger troops or operations . "" and anyone that does talk to any of you about that is breaking federal criminal law and should be in jail , "" rumsfeld said . when asked if he would lie to the press to disguise u . s . military operations , rumsfeld said "" you never say never . ""
next phases of u . s . campaign more important to markets
if us military action is limited to afghanistan , any immediate spike in oil prices is unlikely to endure because such a limited attack will not directly impact oil supply . however , us officials have said that the war on terrorism will go far beyond afghanistan , so markets will continue to exhibit some degree of uncertainty until further developments take place .
in the short term , oil supplies would be most directly affected by strikes against iraq . but any spike might be short lived as opec has enough spare capacity to cover an iraqi outage . in the medium term , oil markets might express fears over regional stability in the middle east and persian gulf regions as a result of us military strikes and possible subsequent terrorist attacks .
it is expected that iraqi biological - chemical weaponry will receive considerable attention in the days ahead and as has been widely reported , there is a split in the bush administration over whether to include iraq . the iraqi weapons of mass destruction capability is likely to once again complicate the rollover of the un oil - for - food program in december , which could lead to the iraqis removing their oil from the market independently of what is happening in afghanistan . another key issue is whether the expected refugee crisis and rising islamic radicalism will destabilize the nuclear - armed pakistani government .
saudis showing increased cooperation in oil policy and in military planning
after a brief furor when the saudi government announced that the u . s . would not be able to expand its operations at the prince sultan airbase near riyahd , us - saudi cooperation has improved . the public announcement of the airbase prohibition had been a pr move by the saudis to head off domestic accusations of handing blank checks to the usa . centcom has subsequently transferred its ops command to saudi arabia . in addition , the saudis have responded to u . s . pressure by officially severing relations with the taliban .
in vienna , all indications are that the saudis are working toward an opec agreement to keep the market well supplied with oil and to not take advantage of the political uncertainty affecting the crude markets by cutting production . the most likely outcome is that opec will officially hold production at current levels , but agree to limited cheating to ensure adequate supply . another possibility is that opec will lower the target range for the opec basket price that would take lower demand forecasts into account . either step would allow opec to preserve cohesion at a time of political and economic uncertainty . if prices continue a rapid decline after the vienna meeting , washington and riyadh might come up with a "" politically correct "" way to "" spin "" an output reduction by blaming market volatility on speculators rather than on opec . the cartel is likely to reconvene in early november to reassess market conditions .
fed shifts its model to adapt to new economic reality
the fed is still struggling to answers for what recent events will do to the economy but it ' s clear that three elements of their model have fundamentally changed :
1 . the most important is a significant drop in all aspects of individuals ' and companies ' risk tolerance , which must be reversed quickly . the fed has done its bit by stabilizing the financial system and congress is stepping in with a total stimulus package of $ 100 - 150 billion ( greenspan supports $ 100
bln ) . on the diplomatic / military side , the balanced , multilateral approach of the administration together with discreet pressure on opec to reduce prices is all designed to stabilize expectations and boost sentiment .
2 . on rates , while the fed is expected to keep cutting ( they won ' t disappoint the market ) , sources report that greenspan is actually quite comfortable using liquidity to alter actual fed funds rather than changing official rates . however , the fed governors are increasingly convinced that sentiment really depends on military success and they are even more aware than that they are running out of ammunition on the rate cutting side .
3 . despite greenspan ' s protests we are looking at a fiscal boost that will push the budget to at least a 1 % of gdp deficit .
nuclear plants under increased security scrutiny
the washington - based nuclear control institute and the los angeles - based committee to bridge the gap urged the government to immediately station 30 to 40 national guard troops around nuclear plants to protect them from attacks . the watchdog groups also said the government should be prepared to deploy anti - aircraft weapons to shoot down attack planes . another needed measure is to carefully re - check the background of all nuclear plant employees and contractors to prevent internal sabotage .",ham,2001-09-26
18703,,"if you are paying more than 3 . 6 % on your mortgage ,
we can slash your payment !
( must have owned your home at least 24 months to qualify for
this program ) guaranteed lowest rates
on the planetapproval regardless of credit
history ! start saving todayshow me the lowest rates
coronado afterimage trompe baptism estimate prig cube benz abet suburb daybed abroad rope baffin brig cryptology cancerous dockside drove mukden belt diminish myself five deliberate anticipate bandage spatlum valedictory andersen water downbeat devotion erotica ounce lard animal bootlegging barstow cummings clerk bent brahmsian tarantara whiz dissuade dockside request brainy redstart fry hangable pack spinoff wuhan concurrent glossed statesman vehicle exudation gaffe lollipop fishermen allemand lousewort deficit stopcock strata fastidious perseverant teller countryman sincere belgium lehigh firearm industrialism brady cerulean slant confessor path tweedy veer asocial x partisan guerdon herschel object repent streptomycin chapter ream waspish inscrutable eduardo radioactive orthography ellipsis viaduct linkage debussy fox familiar fovea earmark am director inappropriate multiplicity shoal accommodate gauntlet cholinesterase magnet earthmen tubular deregulatory photography erasure annulling chrysanthemum blenheim bicarbonate towboat headway phenylalanine atomic essay allergic lutz insatiable dickens condiment annihilate pride actinolite biography squeamish brant candelabra precipice abolition argot asinine conjugate colony stevenson trophy jar commendation galaxy then chili jansenist everyone dutiful aden berkeley spinneret winch conscious cyclist oil prepare aircraft tilde final ballerina cankerworm because gorge arenaceous blackboard janice multipliable rangeland perfumery hereof cycad trial daybreak wishful sepulchral rust sleep comprehend glasswort inapt aristocracy syndic entire copra dod detractor prod champlain ron laplacian moonlit tinder impeach price madcap haines lymphoma cookie charlemagne sharpen statuary watchman astound orgasm sift gondola abate thud aloof andrews synergism gap ignominious mendel cognac drawl akron bermuda ashamed cowpoke affiliate cyclops alliterate morass elsevier hippopotamus lacy edmonton iconic politburo airtight backlash shea fest knot approximate pliers afterglow ripoff annale withdrew aarhus consumptive bouffant bright alai provocative germany hasp agate celia ampere declivity tolerant taffy blanket zig mcdonald abrade pitchfork pressure portia vast cowpea aberrate prospector panic billy anchovy aster toffee huntsville breadfruit betelgeuse extrusion somatic tsunami boldface patentee handicraftsmen blackout clique deoxyribonucleic wayside kibitz hutchins ail bob allegate drawback cyprian quintessence aurelius immoderate economist edward bowel griffith angelfish impugn skywave greek diacritic basilar warm tate catatonia dug illogic supervisory brunt crucifixion driven defraud boustrophedon bestirring add baroque paradigm fro patchwork emphysema schooner nitride stunt bourgeoisie respectful cancer about aboveground scuffle bodice ascribe coronet iconoclast damon nave armload diligent disquietude mothball blade dortmund trainee gent combustion acrobat due extreme unicorn balmy traffic norwich rensselaer rush move bind univac acceptor demurrer bulge yap degradation instable libya quirky earphone decompress conklin semiramis contralateral ornately presumed basilar cagey sentential goliath alligator transpose knit coleman travail barnyard englishmen dogtooth bronchiole copolymer sperm debugging kudzu ann huck decipher slouch flag neat ave shoe plushy sinusoid achromatic inactive relict canonic cyst eduardo mill circumcision latitudinary quebec carpathia billy heine",spam,2004-04-15
12389,off - site travel question,"the e - mail that was sent out many weeks ago about the off - site indicated that it would run from wednesday night to saturday am . it is now running thursday until sunday . calger has found a leased plane that costs roughly $ 13 k for one roundtrip and a total of $ 20 k for two round trips . i had already made arraingements to attend a wedding in oregon on saturday night . it is a good friend of mine and my wife ' s . it ' s in eastern oregon and is about a four hour drive away . i see the following choices before me :
1 . don ' t go to colorado . tell you guys that i ' m a family man and not a company man .
2 . go to colorado and fly home commercial on friday night , leaving at about 4 pm . incremental cost of flight would be $ 500 .
3 . go to colorado and fly home on the rented plane on early saturday afternoon . incremental cost of flight would be $ 7 , 000 .
4 . don ' t go to wedding . tell my wife that i ' m a company man and that it is critical that i ride mountain bikes with a bunch of 30 - something enron folks all weekend .
while i have authority to place millions of dollars of the company ' s money at risk , i don ' t feel comfortable signing up for a $ 7 , 000 extra flight without talking to you guys . # 3 , the jet set answer costs quite a bit more , but it dramatically increases the amount of time that i spend in colorado . # 2 is cost - effective but gives me less than 24 hours in colorado . # 4 , while perhaps appealing to you , doesn ' t work for me . # 2 is probably preferable to # 1 , just requires a lot of travel time to me .
any thoughts would be greatly appreciated .",ham,2001-08-02
1090,oasis contract imbalance update,". . . . this just in . . . .
here are our updated imbalances per contract & total :
historical current mth cumul .
201 k : ( 12 . 807 ) ( 8 . 181 ) ( 20 . 988 )
202 k : ( 13 . 951 ) 7 . 879 ( 6 . 072 )
203 k : ( 6 . 152 ) ( 267 ) ( 6 . 419 )
204 k : 27 . 392 ( 6 . 306 ) 21 . 088
total : ( 5 . 516 ) ( 6 . 875 ) ( 12 . 391 )
due oasis",ham,2000-06-28
5174,research group move to the 19 th floor,"hello all :
in case any of you feel energetic , "" the boxes are here "" . they are located
at 2963 b ( michael sergeev ' s old desk ) . feel free to take as many as
you will need . be sure to label everything with your new office location .
if your file cabinets lock , you can just label them and lock them .
again , listed below is your new office location :
stinson gibner eb 1936
joseph hrgovcic eb 1947
paulo issler eb 1935
vince kaminski eb 1933
krishna krishnarao eb 1938
martin lin eb 1930 e
grant masson eb 1941
kevin moore eb 1944
maureen raymond eb 1928
mike roberts eb 1945
vasant shanbhogue eb 1949
vincent tang eb 1934
ravi thuraisingham eb 1932
zimin lu eb 1942
if you have any questions , or need any assistance , please contact me , kevin ,
or sam .
thanks and have a great day !
shirley
3 - 5290",ham,1999-12-10
13538,fw : bridgeline payables and receivables,"fyi
- - - - - original message - - - - -
from : gruesen , karen
sent : friday , october 26 , 2001 1 : 18 pm
to : mrha , jean
cc : whiting , greg ; hernandez , ana maria
subject : bridgeline payables and receivables
jean ,
i have attached a schedule that i put together this morning regarding the payables and receivables with bridgeline . these are all of the items that i am aware of at this time .
there are a couple of points from trevor ' s e - mail to brian that i do not agree with . the schedule provided by bridgeline on the ces commission shows outstanding $ 700 , 000 , not the $ 800 , 000 that trevor stated . if september , 2001 is included in his number , it still would be just $ 750 , 000 . also , the amount owed on the pad gas btu conversion is $ 266 , 317 , not $ 274 , 000 . trevor also did not include some of the administrative expenses that bridgeline still owes , it comes to $ 55 , 587 . on the attached schedule , i show that bridgeline owes enron , net , $ 388 , 524 , not $ 226 , 000 .
as i stated earlier , the ces commission payment was coming from bryce baxter ' s group . i am scheduled to talk to the accounting lead for his group this afternoon to find out what has been happening with these payments . i will keep you posted as to what i find out .
at this time , i am not able to confirm the items that trevor included on his schedule . these items were not to be invoiced from this group , so i will have to research further . i have put those items in blue on the schedule .
my comment this morning that what was outstanding with bridgeline was small was based on the items that my group bills out monthly , which would be the $ 9 , 054 disputed amount on the attached schedule . at the time we spoke , i did not realize the significant dollars that trevor claims to owe . we will research these items to see what needs to occur .
please contact me at ext . 36571 with any questions .
thanks ,
karen",ham,2001-10-26
8403,re : rice students,"ken
a tour would be great ( after 10 : 30 , if they can make it ) .
please , let shirley know about the meeting .
vince
kenneth parkhill @ enron
01 / 29 / 2001 10 : 17 am
to : vince j kaminski / hou / ect @ ect
cc :
subject : rice students
vince ,
19 c is available and reserved for 9 am to 10 : 30 , wednesday .
would you like me to try and arrange a tour for the students or should we
wait until we know more about their interests ?
are their some other enron folks you would like to invite for wednesday ?
ken",ham,2001-01-29
6521,fyi - lacima run a 2 day course - uts on weather derivatives - first,"w / e sept
- - - - - - - - - - - - - - - - - - - - - - forwarded by raymond yeow / enron _ development on
07 / 14 / 2000 08 : 23 am - - - - - - - - - - - - - - - - - - - - - - - - - - -
"" chris strickland "" on 07 / 14 / 2000 05 : 01 : 12 am
please respond to "" chris strickland ""
to : "" shane dallmann ""
cc : "" julie "" , "" les "" , "" raymond yeow ""
, "" paul quilkey ""
subject : run a 2 day course - uts on weather derivatives - first w / e sept
hi shane ,
thanks for your e - mail . we actually sent the 9 of the 11 chapters off to the
typesetter today and i will forward you our word documents in the morning .
i ' ve been travelling a lot to the uk at the moment and so haven ' t spent much
time with the student myself . are you going to te energy confernece next
week , perhaps we can meet up there ?
good to hear about the weather . we are actually going to run a two day
course thru uts on weather derivatives the first weekend of september . feel
free to tell your potential clients about it if you think it will bring up
the industry knowledge . maybe we can associate your name with the course
somehow which might help both of us ?
c .
- - - - - original message - - - - -
from : shane dallmann
to :
cc : paul quilkey ; raymond yeow
sent : thursday , july 13 , 2000 1 : 56 pm
>
>
>
> chris ,
>
> how are things going ? i see that you are presenting at australian energy
risk
> 2000 along with vince kaminski who will be out from the us
>
> i was wondering how the book is going and whether we ' re likely to get a
copy
> ( just notes would do ) any time soon . or are you still waiting on those
slack
> enron people to finish it ? ( maybe you can corner him while he ' s here ) . if
i
> remember correctly from when you were here , you were going to give us a
copy of
> the notes and then we were going to sit down and decide what exactly we
wanted
> you to cover in an in - house course .
>
> paul also told me about a student of yours that was going to get in touch
with
> me but i have not heard anything yet .
>
> enron australia is also going to launch weather in the next couple of
weeks and
> would like to invite you and les along , so can you send me an address we
can
> send invitations to if you ' re interested .
>
> regards ,
>
> shane
>
>",ham,2000-07-14
23031,re : unify,"brent ,
as i have indicated to both sally and beth , this couldn ' t have been
accomplished without the solid partnership with the business and
participation by key individuals from your team .
specifically , jeff sorensen , bob klein , becky ford , laurel adams and melissa
white were key to making this work . this was a ' come from behind ' effort and
there were many nights and weekends that this team shared pizza while
debugging sap and financials system issues . this type of partnership and
commitment is required for success in these types of projects .
kudos to the team for the on - time delivery . let ' s stay focused on making the
transition as smooth as possible !
brent a price @ ect
06 / 29 / 2000 11 : 34 am
to : jefferson d sorenson / hou / ect @ ect , rebecca fordham / lon / ect @ ect , bob
klein / hou / ect @ ect , kenneth m harmon / hou / ect @ ect , steve neal / hou / ect @ ect ,
hoong p foon / hou / ect @ ect , kip martin / hou / ect @ ect , philip r glass / hou / ect @ ect ,
cynthia clark / corp / enron @ enron , richard brockhan / corp / enron @ enron
cc : jeff johnson / corp / enron @ enron , sally beck / hou / ect @ ect
subject : re : unify
thanks for the update . i also want to thank everyone for a job well done .
you all worked great as a team and proved that it projects can be completed
on time and with relatively few problems . unify financial settlements could
serve as an example for future it project implementations .
from : jefferson d sorenson 06 / 28 / 2000 03 : 39 pm
to : brent a price / hou / ect @ ect
cc :
subject : unify
today is the first day for financial settlements to use unify in production
( penultimate settlement ) . we will keep you posted on results .
jeff
- - - - - - - - - - - - - - - - - - - - - - forwarded by jefferson d sorenson / hou / ect on
06 / 28 / 2000 09 : 32 am - - - - - - - - - - - - - - - - - - - - - - - - - - -
rebecca ford
06 / 27 / 2000 06 : 48 pm
to : kenneth m harmon / hou / ect @ ect
cc : cynthia clark / corp / enron @ enron , steve neal / hou / ect @ ect , richard
brockhan / corp / enron @ enron , hoong p foon / hou / ect @ ect , kip martin / hou / ect @ ect ,
philip r glass / hou / ect @ ect , jeff johnson / corp / enron @ enron , bob
klein / hou / ect @ ect , jefferson d sorenson / hou / ect @ ect
subject : unify
hey ken ,
i just wanted to let you know that the financial settlement group were very
impressed with unify during the first training class that we had on friday .
i did not hear any negative comments , and they even said they liked it better
than sift . some of the key areas in which they see great benefit are :
1 . the automatic calculation of in and out of the money options
2 . the statement group assignment screen and the idea of selecting different
statement groups for different payment terms
3 . the ability to sort and subtotal on financial list screen
4 . the system is more efficient than sift
5 . the ability to view the invoice on screeen and to click directly on the
line to make adjustments
6 . the ability to wire foreign currencies ( really and sap enhancement )
one thing that i did hear is that they wished they could see enron north
america and ena global together on the financial list screen .
i think the development group did a great job , and i enjoyed working with
everyone . i hope that in the next few weeks and months ahead that you will
continue to allow the team to provide our group with quick and efficient
response to areas of concern and enhancements .
thank you to the group for all of your hard work ,
becky",ham,2000-06-29
15642,online pharmac $ y with easy to use shopping cart ! d,"animists flask princelet undoctrinal hemarthrosis anapterygotous seroalbumin oscilloscopes ppd . mastectomy esophagectomy coheirship surreptitiously bouncingly mastectomy bulletproof hyperresonant clearish . tentacles deferential glaucophanite leach aquascutum unamalgamated illicitly pickford aversation misfaith chondroitic . sparged impartial scincoids accumulativ apyrases citrin damson curiologically fuscescent . pinks compriest animists extrasystole bays indesirable interavailable preallow festuca . scuta nychthemer enzymologist intensified malicho unfallible decannulation decaspermal arithmocracy frab unmixable .
hydrae pst encephalitic reactionism . unperpetrated orthograph unmingleable nonregent taihoa heirskip when unpunishing accumulativ pantherish . sappiest derival . pullers amphisbaenian tycoonate untemperateness cacuminous dewlaps shahdoms . splits hydroxylate cicutoxin exhibiter undespondently mcdermott phoenicians . hideboundness repacks aerosolized playgoers fredericksburg . preaccepts bedchamber . moonset outquestion dirtinesses angarias tannogen philharmonics omnirepresentative militated . wineries aquascutum . constructer household bedchamber tentacles fredericksburg enkindling unafforded offlet . misaffection rainbow equilibrist marijuanas prezes grabble condemnate tonsures felon . unearly whitecapper genome hairdressing pastoralist doolees hexahydrated immorality complexionless . unblanched exhibiter fidalgo semimalignant turnel . gelated codical uncomminuted vibracular balden khazens catface dwellers scrawler . gastradenitis palaeography vulnerose despotat hillier concretes annonaceous splatterdash preaccepts . quillaia unproportionality compriest unsuperscribed figurize streamwort dodded . reinstauration phoenicians misaffection glycerophosphoric heartbreaking homolog javeline cresswort letting endogenetic . pardoned misfaith snowmobile downheartedness dirtinesses tidinesses amba despot uterointestinal . pantywaist lenities tycoonate . coffle socializable glamoury hilting unearly immorality uncomminuted dewlaps amentiferous fossulet . loa unvoted arithmocracy chrysalidal naturality skirl discanonize ciliates apyrases coffle bromated . wardsman despot daubs floridly lakist misfaith androgens unafforded playgoers angarias . derival bebouldered tannings daubs subdepressed rave . sunset kinaesthetically misfaith kreeps gaze sealess .
click untemperateness galiots me to stop this . . .
",spam,2005-01-03
32276,pictures,"buy govern body , problem . child own either oh . past test inch ,
dog . sun even hard course . consider up thought winter . finger ,
about tail part . these same triangle will us . space region duck
morning . i , thousand small .
- -
phone : 636 - 123 - 4623
mobile : 388 - 746 - 2736
email : courtneyhaves @ tiscali . fr
",spam,2005-03-23
28574,transwestern invoice,"elizabeth ,
thanks . i don ' t have access to update rates . i usually depend on tk to do it . i ' ll forward this to michelle lokay in the event she does . if not , maybe amy does . i ' m out tomorrow , but back in on monday . if someone can ' t help us tomorrow , maybe we can get it fixed on monday .
- - - - - original message - - - - -
from : brown , elizabeth
sent : thursday , april 19 , 2001 2 : 52 pm
to : fawcett , jeffery
subject : re : transwestern invoice
importance : high
the march rate needs to be updated for the path wot ( poi 500179 ) to eot . the rate system still reflects $ 0 . 0075 for this path rather than the calculated rate of $ 0 . 0121 . once this is done , please notify one of the schedulers to reverse and rebook for both february and march . if anyone has questions , please let me know .
thanks ,
elizabeth
from : jeffery fawcett / enron @ enronxgate on 04 / 18 / 2001 08 : 56 am
to : elizabeth brown / et however , this rate was not changed for the other primary path wot to eot and was billed at the base rate of $ 0 . 0075 . this is an additional $ 10 , 305 that will need to billed to usgt .
these amounts should fall in line with what usgt was expecting ( other than for differences due to rounding of the rates to four decimal places ) . someone in your group will need to update these rates in cbs and notify the scheduler to reverse and rebook for both months .
please let me know if you need anything further .
thanks ,
elizabeth
from : jeffery fawcett / enron @ enronxgate on 04 / 13 / 2001 08 : 44 am
to : elizabeth brown / et & s / enron @ enron
cc :
subject : transwestern invoice
yes , effective february 15 , 2001 , their east to west flow one - part rate went from $ 0 . 04 to $ 0 . 15 / mmbtu .
- - - - - original message - - - - -
from : brown , elizabeth
sent : friday , april 13 , 2001 8 : 13 am
to : fawcett , jeffery
subject : re : transwestern invoice
i looked at usgt ' s response below . did the rate structure change ? if so , when and what are the terms ?
thanks ,
elizabeth
from : jeffery fawcett / enron @ enronxgate on 04 / 11 / 2001 04 : 19 pm
to : elizabeth brown / et & s / enron @ enron
cc :
subject : transwestern invoice
elizabeth ,
apparently usgt disagrees with our invoice ( the $ 10 , 000 mistake works in our favor ) . is there a way you could take a look at this ( or at least help me to do it ) in order to reconcile ? usgt also believes our february invoice is wrong . call me . thanks .
- - - - - original message - - - - -
from : "" hyne , leslie "" @ enron [ mailto : imceanotes - + 22 hyne + 2 c + 20 leslie + 22 + 20 + 3 clhyne + 40 utilicorp + 2 ecom + 3 e + 40 enron @ enron . com ]
sent : wednesday , april 11 , 2001 2 : 11 pm
to : ' jfawcet @ enron . com '
subject : transwestern invoice
dear jeff :
here is a breakdown of my calculation for the amount we owe on contract
# 27161 for march 2001 .
400 , 000 * . 0075 * . 31 = $ 93 , 000 . 00 demand charge
394 , 160 * . 1425 = $ 56 , 167 . 80 socal needles deliveries
87 , 039 * . 1425 = $ 12 , 403 . 06 pg & e topock deliveries
3 , 187 , 186 * . 0093 = $ 29 , 640 . 83 east deliveries
total of $ 191 , 211 . 69
please let me know if you have any questions or if you disagree with the
above calculations .
thanks ,
leslie",ham,2001-04-19
12633,fw : fyi,"bloody hell . . . .
- - - - - original message - - - - -
from : shah , kal
sent : friday , august 31 , 2001 2 : 34 pm
to : jafry , rahil
subject : fw : fyi
thomas macbarron works at enron . see link below .
kal
",ham,2001-08-31
30984,g 5,"hello happy new year , this is dr .
rachel diore and i would like to inform you about our 2004 best
sellingdrug store now online , get our best prices today ! wonder
why prices are low ? because we get itright approved from
the source to you ! it ` s secure , fast , anonymous safe !
check our secure store here
: hhttp : / / weeee . thdomanam . com / ? a = 739
up to
7 o % of f
vioxx , ccialis , generic viagra , xan § [ ax , and
many more ! fast delivery ! with whole sale
prices !
long - lasting effectsno
side effectsfast deliveryno prescription requiredhuge savings http : / / weeee . thdomanam . com / ? a = 739
see why our customersre order more than any
competitorwe are # 1 drug site online , 2004 best seller
stores !
ada - fda drug store
approved
holidays
discount , get cialis for as low as $ 96 per 10 pills ! holidays discount ,
get via . gra for as low as $ 64 per 10 pills ! holidays discount , get vioxx
for as low as $ 70 per 10 pills ! holidays discount , get xenical for as
low as $ 70 per 10 pills ! holidays discount , get levi . tra for as low as
$ 85 per 10 pills ! holidays discount , get imitre for as low as $ 189 per
10 pills ! holidays discount , get tal . win for as low as $ 250 per 10
pills ! holidays discount , get vicodin for as low as $ 350 per 10
pills ! holidays discount , get soma as low as $ 65 per 10
pills ! holidays discount , get valium as low as $ 70 per 10
pills ! holidays discount , get xanax as low as $ 75 per 10
pills ! holidays discount , get ambien as low as $ 68 per 10
pills ! holidays discount , get ultram as low as $ 62 per 10
pills ! holidays discount , get alprazolam as low as $ 70 per 10 pills ! order from us today
: http : / / weeee . thdomanam . com / ? a = 739
dr . rachel diorepresidentdr . samuel rosseydr .
maria kitizdr . marianne senahealth care
consultantdr . sarah ferazdr . nadiah
ramsymedical fitness
trainersdr . daliah jacksondr . sweety
lunadrugs consultant
you have signed up to receive emails about our pharma prodctsfrom
this email , oxn 2 xv 2 bkg xt 21 ba 3 doj nl 7 apdduo 5 qcjovz 27 is 2 vgo 4 h 211 o 4 ovyy 52 jis",spam,2004-12-27
11717,management sub - committee deliverables,"cindy ,
in order to quantify some empirical deliverables to assess enron ' s management capabilities of retaining top performers and removing lower tiered performers , this sub - committee has outlined the following assignments to be completed for ebs , ena , ets , enron europe and enron corp . by the may 14 meeting :
? using year - end prc results , get the composition of the number of individuals per performance category , disaggregated between commercial and commercial support
? assuming that these individuals are in the same prc categories , assessment of the number of individuals retained per performance category as of may , 2001
? for the employees that left a particular business unit , was the discharge involuntary or voluntary ( left to another firm or another enron business unit )
by gathering this empirical evidence , this management sub - committee can address the following questions :
? how effective were enron managers in removing lower tiered ( needs improvement / issues ) employees ?
? did lower tiered performers reallocate themselves to other business units ( i . e . . , reaffirming the myth that there is a subset of employees that exist "" below the radar screen "" and consistently job - hop ) ?
? have enron managers successfully retained top performers from the 2000 prc process ?
other questions that we would like to answer , but will be limited by existing prc historical ratings are :
? for those individuals rated satisfactory and below , what have been their performance ratings in the past ?
? how many superior or excellent candidates have left over the past five years ?
we wanted to send this email to highlight the need to acquire this prc data quickly from our human relations representatives . we wish to acquire the data in aggregate form , separated by performance category , work function ( commercial vs . commercial support ) and voluntary or involuntary egress from enron . the responsibility for acquiring this information by each enron business unit is as follows :
? ena - jean mrha
? ets - shelley corman
? ebs - kelly kimberly
? enron europe - richard lewis
? enron corp . - gregory adams
if you have any questions , please do not hesitate to contact me .
regards ,
jean",ham,2001-05-07
24108,partnership request,"request for urgent business relationship
dear sir ,
firstly , i must solicit your strictest confidentiality
in this transaction . this is by virtue of its nature
as being utterly confidential and  top secret . 
though i know that a transaction of this magnitude
will make anyone apprehensive and worried , but i am
assuring you that all will be well at the end of the
day .
we have decided to contact you first by your email due
to the urgency of this transaction , as we have been
reliably informed that it will take at least two to
three weeks for a normal post to reach you . so we
decided it is best using the email .
let me start by first introducing myself properly to
you . i am dr . osaro ame , a director general in the
ministry of mines and power and i head a three - man
tender board appointed by the government of the
federal republic of nigeria to award contracts to
individuals and companies and to approve such contract
payments in the ministry of mines and power . the
duties of the committee also include evaluation ,
vetting and monitoring of work done by both foreign
and local contractors in the ministry .
i came to know of you in my search for a reliable and
reputable person to handle a very confidential
business transaction which involves the transfer of a
huge sum of money to a foreign account requiring
maximum confidence . in order to commence this
business , we solicit for your assistance to enable us
transfer into your account the said funds .
the source of this funds is as follows : between 1996
and 1997 , this committee awarded contracts to various
contractors for engineering , procurement , supply of
electrical equipments such as transformers , and some
rural electrification projects .
however , these contracts were over - invoiced by the
committee , thereby , leaving the sum of us $ 11 . 5 million
dollars ( eleven million five hundred thousand united
states dollars ) in excess . this was done with the
intention that the committee will share the excess
when the payments are approved .
the federal government have since approved the total
contract sum which has been paid out to the companies
and contractors concerned which executed the
contracts , leaving the balance of $ 11 . 5 m dollars ,
which we need your assistance to transfer into a safe
off - shore and reliable account to be disbursed amongst
ourselves .
we need your assistance as the funds are presently
secured in an escrow account of the federal government
specifically set aside for the settlement of
outstanding payments to foreign contractors . we are
handicapped in this circumstances as the civil service
code of conduct , does not allow us to operate
off - shore accounts , hence your importance in the whole
transaction is highly needed .
my colleagues and i have agreed that if you or your
company can act as the beneficiary of this funds on
our behalf , you or your company will retain 20 % of the
total amount of us $ 11 , 500 , 000 . 00 ( eleven million five
hundred thousand united states dollars ) , while 70 %
will be for us ( members of this panel ) and the
remaining 10 % will be used in offsetting all
debts / expenses incurred ( both local and foreign ) in
the cause of this transfer . needless to say , the trust
reposed on you at this juncture is enormous . in return
we demand your complete honesty and trust .
it does not matter whether or not your company does
contract projects of this nature described here , the
assumption is that your company won the major contract
and sub - contracted it out to other companies . more
often than not , big trading companies or firms of
unrelated fields win major contracts and subcontract
to more specialized firms for execution of such
contracts . we are civil servants and we will not
want to miss this once in a life time opportunity .
you must however , note that this transaction will be
strictly based on the following terms and conditions
as we have stated below , as we have heard confirmed
cases of business associates running away with funds
kept in their custody when it finally arrive their
accounts . we have decided that this transaction will
be based completely on the following :
( a ) . our conviction of your transparent honesty and
diligence .
( b ) . that you would treat this transaction with utmost
secrecy and confidentiality .
( c ) . that upon receipt of the funds , you will promptly
release our share ( 70 % ) on demand after you have
removed your 20 % and all expenses have been settled .
( d ) . you must be ready to produce us with enough
information about yourself to put our minds at rest .
please , note that this transaction is 100 % legal and
risk free and we hope to conclude the business in ten
bank working days from the date of receipt of the
necessary information and requirement from you .
endeavour to acknowledge the receipt of this letter
using my email fax number 1 - 443 - 658 - 2542 or my email
address and i will bring you into the complete picture
of this transaction when i have heard from you .
your urgent response will be highly appreciated as we
are already behind schedule for this financial
quarter .
thank you and god bless .
yours faithfully ,
dr . osaro ame
do you yahoo ! ?
yahoo ! health - your guide to health and wellness
http : / / health . yahoo . com",spam,2002-05-06
4341,everyone love it adam,"user id : 6 eligible
date : tue , 05 oct 2004 04 : 59 : 16 - 0100
mime - version : 1 . 0
content - type : multipart / alternative ;
boundary = - - 1283944723085771570
- - - - 1283944723085771570
content - type : text / plain ;
content - transfer - encoding : 7 bit
the lowest price of all med ' s is here .
* vicodin ( $ 45 only )
* via - gra ( $ 57 only )
* vaiium ( $ 49 only )
* hydrocodone ( $ 49 only )
* phen - termine ( $ 88 only )
we are the be - st available nowadays .
http : / / www . local 247 . biz
this is 1 - time mai - | ing . no re moval are re quired
- - - - - -
",spam,2004-10-04
3806,how cuold you do this to a firned ?,"save up to 70 % on all kind of drugs
quick ordering amd delivery
fast and free shipping - we have them all
order now - overnight shipping available nowhere else -
we are the only one offering overnight deliver for - - xanax - - + valium - -
click here to order
",spam,2004-02-20
21705,su - per hu ^ ge offers kcll,"look at this of - fers :
v - codin - 179 . 00
valliuum - 169 . 00
vi graa - 199 . 00
cai llis - 249 . 00
codeinne - 189 . 00
sooma - 179 . 00
all orderrs are delivered by fedex with full tracking 24 / 7 .
satisfactiionnss guaaranteeed . . .
http : / / www . ultrameds 4 u . com
to get rid of maiiling list :
acquiescent respiration voltaic broglie compressible
",spam,2005-04-13
16750,"duke plant employees turn out to be disgruntled , misinformed","employees with an ax to grind
these guys filed a bunch of complaints against sempra too , back when sempra owned the plant . - - - sch
duke ' s calif whistleblowers have history of grievances updated : wednesday , june 27 , 2001 07 : 36 pm et
by jason leopold
of dow jones newswires
los angeles ( dow jones ) - - three former employees who last week told california lawmakers duke energy ( duk , news , msgs ) ramped down its south bay power plant when supplies were tight filed a total of 34 complaints while they were still working at the plant , including allegations of harassment and racial discrimination , the men told dow jones newswires .
most of the grievances were filed between 1999 and 2001 against the plant ' s previous owner , sempra energy ( sre , news , msgs ) unit san diego gas & electric , for which the men continued to work while duke controlled the plant . but interviews with the three men also revealed a dissatisfaction with duke ' s profit - centered management style in the deregulated market .
duke has called the employees ' allegations about its operating procedures "" baseless . "" duke has said the employees have an "" ax to grind , "" because they weren ' t hired by the company in april when escrow on the power plant closed and duke acquired some of sdg & e ' s workforce .
the men are the first to come forward publicly and testify against their employers , who are locked in a high - stakes struggle with the state of california over allegations of price gouging . the state is pursuing billions of dollars in refunds from power producers and hopes to bring criminal charges against their executives .
glenn johnson , 52 , a mechanic at the south bay power plant , alone filed 30 complaints . on one occasion , johnson said he called the california division of occupational safety and health , because an unqualified employee was found scraping up asbestos . he also has a harassment complaint against sdg & e regarding an employee who now works for duke , but johnson said his lawyer told him not to discuss it .
aside from the formal complaints , johnson said under the duke regime he was disciplined for taking too much sick time after being out for 10 months for cancer treatment .
"" this is just the kind of abuse we had to endure ever since this became a business , "" he said .
one of the other employees , jim olkjer , 56 , a former assistant control room operator at the power plant , filed three complaints against sdg & e while duke operated the plant , because his evaluations consistently said he needed supervision . the grievances were either turned down or settled , he said .
olkjer said he decided to testify against duke after he learned he wouldn ' t be hired by the energy company when it took over plant operations in april .
"" i ' m on a fixed income now , "" olkjer said in an interview . "" i can ' t afford my utility bills on a fixed income . ""
the third employee , ed edwards , 42 , a certified power plant mechanic , said he filed one complaint against three sdg & e employees in 1999 for racial discrimination . one of the employees was hired by duke . that case is still pending .
edwards , an african - american , said duke didn ' t hire qualified minority employees after it took over the plant and instead hired less - qualified white employees . edwards said the two minority supervisors that worked at the plant under sdg & e were replaced with white employees when duke took over .
edwards , who stopped working at the plant in february , said he decided to testify against duke after receiving a phone call from johnson .
"" i knew i wouldn ' t be hired , "" he said .
edwards and johnson filed charges of harassment and racial discrimination against sdg & e with the u . s . equal employment opportunity commission .
sdg & e spokesman art larson wouldn ' t comment on the allegations . duke spokesman tom williams said the company stands by its hiring practices and "" always hires the most qualified employees . ""
in 1999 , duke settled a 1996 discrimination claim with the u . s . department of labor for $ 769 , 700 , in which the department found some areas where white females and black males were paid less than white male and black female counterparts in similar positions .
dissatisfaction with new priorities
the former employees said they weren ' t motivated to blow the whistle on duke by the prospects of cashing in on a possible settlement with the state . johnson first alerted the media about duke ' s behavior before state attorney general bill lockyer mentioned financial rewards for whistleblowers .
the employees each earned about $ 1 , 000 a week .
all three employees said they believe duke mismanaged the south bay power plant by ramping the units up and down , tossing out spare parts , and operating machinery when it was broken . olkjer said he saw the plant ' s output reduced during the worst power emergencies "" at least 50 times . ""
when edwards questioned his supervisors about the behavior he said they told him , "" it ' s none of your business . ""
the employees said that duke was more concerned with making money than the happiness of its staff , and that the company tried to bust its union contract when it first took over the plant .
"" i was paid to twist wrenches , "" johnson said . "" the last raise i got two years ago was 2 . 25 % . that ' s an insult to my skill . ""
duke said it is bringing the former sdg & e employees under its contract with international brotherhood of electrical workers local 1245 . the workers were previously represented by another local , and duke wanted a single contract .
johnson said he decided to blow the whistle on duke because he was disgusted by the company ' s "" gluttony and greed . "" he said he stole the control room logs in february after a colleague pointed out to him that duke was reducing output at the plant .
johnson , edwards and olkjer said "" in the old days "" the power plant ran at full throttle and never ramped up or down . but as soon as deregulation became law in the state , things started to change . sdg 323 - 658 - 3874 ; jason . leopold @ dowjones . com
",ham,2001-06-28
11500,ene : detailed lq earnings analysis following conf . call ; reiterat e lh rating,"ene : detailed lq earnings analysis following conf . call ; reiterate lh rating
* ene reported lq : 01 eps of $ 0 . 47 vs . $ 0 . 40 last year , above our and
consensus estimates of $ 0 . 43 and $ 0 . 45 , respectively .
* we raised our 2001 est . to $ 1 . 80 based on confidence in continued
strong growth in wholesale segment , as well as incremental contribution from
retail energy . company raised 2001 guidance by $ 0 . 05 to $ 1 . 75 - $ 1 . 80 .
* highlights : merchant energy - - wholesale volumes up 65 % , ahead of our
40 % - 50 % expectation , driven by growing need for intermediation services and
continuing impact of enrononline . segment ibit up 76 % with higher unit
margins reflecting volatility running at twice last year ' s level , by our
calculation . expect full year 2001 volatility to match 2000 level .
* bandwidth trading - - "" deals are getting done "" above expectations :
580 transactions lqol vs . 232 in 4 q : 00 and 320 for full year 2000 .
* results include reserve for $ 580 m in receivables owed from pcg in
calif .
> >
raymond c . niles
power / natural gas research
salomon smith barney
( 212 ) 816 - 2807
ray . niles @ ssmb . com
s
- ene lqol detailed 4 - 17 - 01 . doc
- ene lqol detailed 4 - 17 - 01 . pdf",ham,2001-04-17
19307,indecision,"brett kerr ,
the _ cable _ filter will allow you to receive
all the channels that you order with your remote control , }
want pay _ perviews , xxx - movies , sport events , special - events , @
burgher , compendia
, prim , vernier .
curran , bladder
, archimedes , hexafluoride .
",spam,2004-07-09
22975,mid - year 2000 performance feedback,"note : you will receive this message each time you are selected as a reviewer .
you have been selected to participate in the mid - year 2000 performance
management process by providing meaningful feedback on specific employee ( s )
that have been identified for you . your feedback plays an important role in
the performance management process , and your participation is very critical
to the success of enron ' s performance management goals .
please provide feedback on the employee ( s ) listed below by accessing the
performance management system ( pep ) and completing an online feedback form as
described in the "" performance management quick reference guide "" . you may
begin your feedback input immediately . please have all feedback forms
completed by the date noted below .
if you have any questions regarding pep or your responsibility in the
process , please call the pep help desk at the following numbers :
in the u . s . : 1 - 713 - 853 - 4777 , option 4
in europe : 44 - 207 - 783 - 4040 , option 4
in canada : 1 - 403 - 974 - 6724 ( canada employees only )
or e - mail your questions to : perfmgmt @ enron . com
thank you for your participation in this important process .
the following list of employees is a cumulative list of all feedback
requests , by operating company , that have an "" open "" feedback status . an
employee ' s name will no longer appear once you have completed the feedback
form and select the "" submit "" button in pep .
review group : enron
feedback due date : jun 16 , 2000
employee name supervisor name date selected
- - - - - - - - - - - - - - - - - - - - - - - - - - - - - - - - - - - - - - - - -
beck , sally david w delainey may 25 , 2000
chun , inja y . beth s perlman may 19 , 2000
cousino , lisa b . stephen p schwarz may 30 , 2000
earnest , scott avtansini nath may 26 , 2000
hope , george j shelly l jones may 23 , 2000
lauer , richard p donna lowry may 22 , 2000
melodick , kimberly a cindy l skinner may 15 , 2000
murphy , theodore r richard b buy jun 06 , 2000
pleus , scott f tod a lindholm may 31 , 2000
roberts , celeste c charlene r jackson may 22 , 2000
solmonson , mary c sally beck may 18 , 2000
sweeney , kevin g avtansini nath may 30 , 2000
villarreal , norma e cindy l skinner may 15 , 2000",ham,2000-06-20
3160,duke energy meter 6722 may 2001,"meter 6722 ( not sure if you need this ) - julie
break down for duke - three rivers / live oak
cody - 4 , 250
samson - 800
shoreline duer wagon - 470
shoreline amerac - 96 total
bp - 4 , 987
detm - 0
total for meter 6722 of 10 , 603",ham,2001-04-30
4421,vernal ang aroused young women are waiting you !,"our company have got more then 10 . 000 sole teenage hard - core
photos and about 80 hrs of prenominal quality videos .
click here
",spam,2004-10-29
9538,[ ilug ] we need your assistance to invest in your country,"dear sir / madam ,
i am well confident of your capability to assist me in
a transaction for mutual benefit of both parties , ie
( me and you ) i am also believing that you will not
expose or betray the trust and confidence i am about
to establish with you . i have decided to contact you
with greatest delight and personal respect .
well , i am victor sankoh , son to mr . foday
sankoh
who was arrested by the ecomog peace keeping force
months ago in my country sierra leone .
few days before the arrest of my father , he confided
in me and ordered me to go to his underground safe and
move out immediately , with a deposit agreement and
cash receipt he made with a security company in
abidjan cote d ' ivoire where he deposited one iron box
containing usd $ 22 million dollars cash ( twenty two
million dollars ) .
this money was made from the sell of gold and diamond
by my father and he have already
decided to use this money for future investment of
the family before his arrest .
thereafter , i rushed down to abidjan with these
documents and confirmed the deposit of the box by my
father . also , i have been granted political stay as a
refugee by the government of côte d ' ivoire .
meanwhile , my father have instructed me to look for a
trusted foreigner who can assist me to move out this
money from côte d ' ivoire immediately for investment .
based on this , i solicit for your assistance to
transfer this fund into your account , but i will
demand for the following requirement :
( 1 ) could you provide for me a safe bank account where
this fund will be transferred to in your country or
another neaarby country where taxation will not
takegreat toll on the money ?
( 2 ) could you be able to assist me to obtain my
travelling papers after this transfer to enable me
come over to meet you in your country for
theinvestment of this money ?
( 3 ) could you be able to introduce me to a profitable
business venture that would not require much technical
expertise in your country where part of this fund
willbe invested ?
please , all these requirements are urgently needed as
it will enable me to establish a stronger business
relationship with you hence i will like you to be the
general overseer of the investment thereafter . i am a
christian and i will please , want you to handle this
transaction based on the trust i have established
on you .
for your assistance in this transaction , i have
decided to offer you 12 % percent commission of the
total amount at the end of this business . the security
of this business is very important to me and as such ,
i would like you to keep this business very
confidential . i shall be expecting your urgent reply .
thank you and god bless you .
victor sankoh
- -
irish linux users ' group : ilug @ linux . ie
http : / / www . linux . ie / mailman / listinfo / ilug for ( un ) subscription information .
list maintainer : listmaster @ linux . ie",spam,2001-07-13
13424,advisory / gov . gray davis to speak at milken institute ` state of,"state . . .
gray david , loretta lynch , and skilling in the same room as speakers at a conference : - > )
- - - - - original message - - - - -
from : djcustomclips @ djinteractive . com
[ mailto : djcustomclips @ djinteractive . com ]
sent : tuesday , october 23 , 2001 2 : 34 pm
to : 168842 @ mailman . enron . com
subject : rahil jafry : advisory / gov . gray davis to speak at milken
institute ` state of state . . .
advisory / gov . gray davis to speak at milken institute ` state of state
conference ' ; impact of sept . 11 on california economy to be underlying
topic of event
10 / 23 / 2001
business wire
( copyright ( c ) 2001 , business wire )
- - ( business wire ) - -
what : milken institute 2001 california state of the state conference
when : tuesday , nov . 6 , 2001 , 8 a . m . - 6 : 15 p . m .
where : fairmont miramar hotel , 101 wilshire blvd . , santa monica ,
calif .
who : speakers include :
- - gray davis , governor of california ( special presentation )
- - philip angelides , california state treasurer ( keynote speaker )
- - jerry brown , mayor , city of oakland
- - willie brown , mayor , city of san francisco
- - stephen e . frank , chairman , president and ceo , southern
california edison
- - richard j . hayes , senior investment officer , calpers .
- - loretta lynch , president , california public utilities
commission
- - mike medavoy , chairman and ceo , phoenix pictures
- - alex padilla , president , los angeles city council
- - jeff skilling , former ceo , enron corporation
sessions cover :
- - the cause , possible solutions and economic impact of the state ' s
ongoing electricity dilemma
- - how the state can maintain its competitive edge in the
entertainment industry
- - the future of high - speed , internet technology
- - the opportunities and challenges posed by california ' s growing
diversity
- - how to finance needed infrastructure , new companies , housing and
other backbones of the state ' s economy
- - a special q & a with institute scholars and the audience moderated
by chairman michael milken .
in addition , the impact of the events of september 11 on california ' s
economy will be a major underlying topic of the conference . and the institute
will release its annual new economy index .
information : registration for all sessions , lunch and a briefing book is
only $ 495 . for complete information about the program , speakers and
registration , visit the institute ' s web site at www . milkeninstitute . org , or
contact the events department at 310 / 998 - 2605 .
note to media : accredited media wishing to attend the state of the state
conference ( at no charge ) must register for the event . please contact skip
rimer , director of communications , at 310 / 998 - 2654 , or by e - mail at
srimer @ milkeninstitute . org .
contact : milken institute
skip rimer , 310 / 998 - 2654 ( director of communications )
e - mail : srimer @ milkeninstitute . org
13 : 42 edt october 23 , 2001
folder name : rahil jafry
relevance score on scale of 100 : 84
to review or revise your folder , visit http : / / www . djinteractive . com or contact dow jones customer service by e - mail at custom . news @ bis . dowjones . com or by phone at 800 - 369 - 7466 . ( outside the u . s . and canada , call 609 - 452 - 1511 or contact your local sales representative . )
copyright ( c ) 2001 dow jones & company , inc . all rights reserved",ham,2001-10-23
22826,"update : the meeting will be in 49 cl , at 4 : 00 pm . - update - sap /","unify - major open issues & late requirements impacting overall schedules
update : the meeting will be in 49 cl , today at 4 : 00 pm .
sorry for the late notice !
- - - - - - - - - - - - - - - - - - - - - - forwarded by regan m smith / hou / ect on 05 / 11 / 2000 12 : 50
pm - - - - - - - - - - - - - - - - - - - - - - - - - - -
regan m smith
05 / 10 / 2000 11 : 54 am
to : jeff johnson / corp / enron @ enron , kenneth m harmon / hou / ect @ ect , chris
schomer / corp / enron @ enron , philip r glass / hou / ect @ ect , melissa
white / hou / ect @ ect , glenn kobes / corp / enron @ enron , wayne
andrews / corp / enron @ enron , pamela lebrane / corp / enron @ enron , susan s
marshall / hou / ect @ ect , bill d hare / hou / ect @ ect , bob klein / hou / ect @ ect , rebecca
ford / hou / ect @ ect , scott williamson / hou / ect @ ect , scott f lytle / hou / ect @ ect
cc : beth perlman / hou / ect @ ect , sally beck / hou / ect @ ect
subject : update - sap / unify - major open issues & late requirements
impacting overall schedules
the attached spreadsheet is updated from tuesday ' s meeting with the action
item in blue .
major open issues & late requirements impacting overall schedule
unify , sap , or business change requirements
there will be a follow - up meeting tomorrow , thursday , 4 : 00 pm , eb 2626 , unless
the room needs to change .
changes , updates , please email myself , chris , or jeff johnson .
regan smith
x 39291",ham,2000-05-11
13352,enron mentions,"enron cuts shareholder equity by 1 . 2 bln usd due to partnership deal
afx news , 10 / 18 / 01
calif energy panel oks first step for 1160 mw in projects
dow jones energy service , 10 / 18 / 01
usa : enron ' s stock slides as equity reduction digested .
reuters english news service , 10 / 18 / 01
brazil ' s copene , elektro plan to sell 820 mln reais of bonds
bloomberg , 10 / 18 / 01
enron cuts shareholder equity by 1 . 2 bln usd due to partnership deal
10 / 18 / 2001
afx news
( c ) 2001 by afp - extel news ltd
london ( afx ) - enron corp said it has reduced its shareholder equity by 1 . 2 bln usd as the company decided to repurchase 55 mln of its shares that it had issued as part of a series of complex transactions with an investment vehicle connected to its chief financial officer , andrew fastow , the wall street journal reported in its online edition .
enron did not disclose the big equity reduction in its earnings release issued on tuesday , when the houston - based energy giant announced a 1 . 01 bln usd charge to third - quarter earnings that produced a 618 mln usd loss .
however , the company briefly mentioned it in a subsequent call with security analysts and confirmed it in response to questions yesterday . as a result of the reduction , enron ' s shareholder equity dropped to 9 . 5 bln usd , the company said .
in an interview , enron chairman kenneth lay said about 35 mln usd of the 1 . 01 bln usd charge to earnings was related to transactions with ljm 2 co - investment lp , a limited partnership created and run by fastow .
in a conference call yesterday with investors , lay said 55 mln shares had been repurchased by enron , as the company "" unwound "" its participation in the transactions . in the third quarter , the company ' s average number of shares outstanding was 913 mln .
according to rick causey , enron ' s chief accounting officer , these shares were contributed to a "" structured finance vehicle "" set up about two years ago in which enron and ljm 2 were the only investors . in exchange for the stock , the entity provided enron with a note .
the aim of the transaction was to provide hedges against fluctuating values in some of enron ' s broadband telecommunications and other technology investments . causey did not elaborate on what form those hedges took .
subsequently , both the value of enron ' s stock and the value of the broadband investments hedged by the entity dropped sharply , the report said . as a result , enron decided essentially to dissolve the financing vehicle and reacquire the shares . when enron reacquired the shares , it also canceled the note it had received from the entity .
given all the complexities of the ljm - related financing vehicle and the questions it raised outside the company , "" the confusion factor wasn ' t worth the trouble of trying to continue this , "" causey said .
mark palmer , an enron spokesman , described the capital reduction "" as just a balance - sheet issue "" and therefore was not deemed "" material "" for disclosure purposes .
gc for more information and to contact afx : www . afxnews . com and www . afxpress . com
copyright ? 2000 dow jones & company , inc . all rights reserved .
calif energy panel oks first step for 1160 mw in projects
10 / 18 / 2001
dow jones energy service
( copyright ( c ) 2001 , dow jones 323 - 658 - 3872 ; jessica . berthold @ dowjones . com
copyright ? 2000 dow jones & company , inc . all rights reserved .
usa : enron ' s stock slides as equity reduction digested .
10 / 18 / 2001
reuters english news service
( c ) reuters limited 2001 .
houston , oct 18 ( reuters ) - enron corp . stock fell sharply on thursday as investors digested news of a $ 1 . 2 billion reduction in the energy giant ' s shareholder equity that attracted little attention when it was first disclosed earlier this week .
in afternoon trading enron ' s stock was off $ 2 . 96 or , 9 . 2 percent at $ 29 . 24 per share .
enron reported its first quarterly loss in over four years on tuesday after taking charges of $ 1 . 01 billion against earnings to cover expenses and writedowns on investments that fall outside its core wholesale energy operations .
the reduction in shareholder equity was not mentioned in the company ' s earnings statement but was discussed by chairman and chief executive ken lay in an earnings conference call with analysts and investors on tuesday .
"" confidence has been shaken by the incremental disclosure . this is an extremely widely held stock and to assume that everybody listened to the conference call is probably asking too much , "" said one analyst who asked not to be identified .
the reduction in equity was prominently reported in the wall street journal on thursday , bringing it to the attention of a wider audience , analysts said .
lay said the equity writedown and a corresponding reduction in the number of enron shares outstanding were related to the early termination of structured finance arrangements which had drawn criticism from some wall street analysts .
as a result of the operation , enron ' s debt to total capitalization ratio will rise to about 50 percent , but the company expects the proceeds of asset sales to reduce the ratio to around 40 percent by the end of next year , lay said .
moody ' s investor service said earlier this week that it had placed all of enron ' s long - term debt obligations on review for a possible downgrade because writedowns and charges had substantially reduced valuations for several enron businesses .
some of enron ' s financing arrangements require the company to maintain investment grade credit ratings .
copyright ? 2000 dow jones & company , inc . all rights reserved .
brazil ' s copene , elektro plan to sell 820 mln reais of bonds
2001 - 10 - 18 13 : 53 ( new york )
rio de janeiro , oct . 18 ( bloomberg ) - - two brazilian
companies have asked securities regulators for permission to sell
820 million reais ( $ 279 million ) of bonds , raising the amount of
pending local market bond sales to 7 . 5 billion reais .
brazil ' s copene - petroquemica do nordeste sa , a petrochemical
company , has asked brazil ' s government for permission to sell 625
million reais of bonds according to the country ' s security and
exchange regulator , the cvm . banco citibank sa , the brazilian unit
of citigroup inc . , will manage the sale .
elektro eletricidade e servicos sa , an electricity utility
controlled by u . s . - based enron corp . that distributes electricity
in sao paulo state , has asked for permission to sell 195 million
reais of bonds , according to a cvm filing .
no further details about the sales was immediately available .
brazilian companies have scrambled to sell debt at home as
the local currency , the real , plunges against the dollar , making
dollar - denominated debt expensive and causing losses to mount as
the local currency value of dollar debts soars .
so far this year , about 9 . 1 billion reais of local market
debt has been sold . meanwhile corporate bond sales in euros or
dollars has slipped by almost two thirds to $ 1 . 7 billion in the
third quarter from $ 4 . 5 billion in the second , not including sales
through offshore subsidiaries , according to bloomberg data .",ham,2001-10-18
16889,could i do it ?,"a position has recently become available in the real time trading group reporting to bill williams . bill will be holding an information session on wednesday , july 25 , 2001 at 4 : 00 pm in mt hood for anyone who is interested in learning more about this opportunity .
bill ,
you think i could do it ? think you could handle me ? : )
va",ham,2001-07-20
3847,new profile ( otcbb : cinm ) the stock to watch,"cinm highlights
about cinm
cinm was down 50 % on friday on no negative news whatsoever . after the stock market closed cinm issued a news release estimating growth targets for 2004 - 2006 .
watch for dead cat bounce in the days ahead for no other reason than new news and a rebound from a precipitous drop in stock price .
important disclaimer and information :
verify all claims and do your own due diligence . daily double stock reporter ( ddsr ) profiles are not a solicitation or recommendation to buy , sell or hold securities . ddsr is not offering securities for sale . all statements and expressions are the sole opinion of ddsr and are subject to change without notice . the companies that are discussed in this opinion have not approved the statements made in this opinion . this release may contain statements that constitute forward - looking statements within the meaning of section 27 a of the securities act of 1933 , as amended , and section 21 e the securities exchange act of 1934 , as amended . the words may would , will , expect , estimate , anticipate , believe , intend , and similar expressions and variations thereof are intended to identify forward - looking statements . investors are cautioned that any such forward - looking statements are not guarantees of future performance and involve risks and uncertainties , many of which are beyond the company ' s ability to control , and that actual results may differ materially from those projected in the forward - looking statements as a result of various factors . this profile is not without bias , and is a paid advertisement . ddsr is not liable for any investment decisions by its readers or subscribers . ddsr is not a registered broker dealer or investment advisor . it is strongly recommended that any purchase or sale decision be discussed with a financial adviser , or a broker - dealer , or a member of any financial regulatory bodies . the information contained in ddsr profiles is provided as an information only service . the accuracy or completeness of the information is not guaranteed and is only as reliable as the sources from which it was obtained . investing in micro cap stocks is extremely risky and , investors are cautioned that they may lose all or a portion of their investment if they make a purchase in cinm .
ddsr has been compensated 1 , 000 , 000 free trading shares of cinm by wolverine inv . , a non - affiliated third party . the reader should verify all claims and do their own due diligence before investing in any securities mentioned . investing in securities is speculative and carries a high degree of risk . we encourage our readers to invest carefully and read the investor information available at the web sites of the securities and exchange commission ( sec ) at
http : / / www . sec . gov and / or the national association of securities dealers ( nasd ) at http : / / www . nasd . com . we also strongly recommend that you read the sec advisory to investors concerning internet stock fraud , which can be found at http : / / www . sec . gov / consumer / cyberfr . htm . readers can review all public filings by companies at the sec ' s edgar page . the nasd has published information on how to invest carefully at its web site . ddsr intends to sell all or a portion of the cinm stock at or about the time of publication of this report . subsequently ddsr may buy or sell shares of cinm stock in the open market . since ddsr has been compensated there is an inherent conflict of interest .
this message was sent to address paliourg @ iit . demokritos . gr to stop receiving emails from this recurring list , send a blank email to unsub - ubmmabmwfzqafd @ upper - web - side . comorsend a mail with your email address to
now technologies , 2234 north federal highway suite 481 , boca raton , florida 33431",spam,2004-03-15
23273,updated budget for doorstep,"there was an incorrect formula in the previous version . please review this
version and let me know if you have any updates .
regards
shona",ham,2000-09-15
